vehicle_id,vehicle_type,distance_km,avg_speed_kmph,load_kg,traffic_index,road_gradient,weather,fuel_consumed_l
TS08-FN-6965,van,22.8,73.5,2872,0.347,-0.0035,clear,7.48
TS08-TQ-2499,bus,8.9,94.7,5945,0.421,-0.0025,clear,8.07
TS11-BQ-4955,ev_van,20.2,15.4,2116,0.985,0.0166,clear,3.96
TS10-UR-6856,van,49.0,32.3,1443,0.084,0.072,clear,17.38
TS11-SV-4625,truck,31.1,61.6,4470,0.112,0.0296,fog,15.33
TS08-GP-5785,ev_van,12.8,46.5,1358,0.435,0.0831,rain,1.73
TS07-FZ-7535,van,20.8,64.9,636,0.169,0.0939,clear,6.32
TS10-FB-3621,van,57.4,60.7,2592,0.685,-0.0109,clear,18.51
TS11-NU-5379,truck,27.6,77.4,5471,0.361,0.0653,rain,20.09
TS09-PY-4936,bus,28.2,17.9,3900,0.846,-0.0098,clear,23.94
TS09-XJ-8558,bus,11.7,48.6,1478,0.749,-0.0114,clear,5.86
TS09-WM-6665,ev_van,20.4,83.4,552,0.471,0.0131,clear,2.18
TS08-QI-6482,van,49.4,42.1,2644,0.845,-0.0078,rain,20.32
TS10-LL-3898,van,47.8,53.8,702,0.101,0.0596,clear,12.39
TS10-PN-1229,bus,27.8,13.8,628,0.581,0.0659,fog,25.24
TS07-AW-8663,truck,53.9,30.6,5080,0.605,0.0567,rain,43.56
TS07-BU-5722,van,24.7,50.5,2172,0.246,0.049,clear,7.61
TS08-PG-2783,truck,52.3,45.1,1133,0.05,0.0737,clear,23.61
TS08-XT-2710,van,4.8,71.3,779,0.535,0.0727,clear,1.62
TS09-WY-7866,van,22.8,62.8,2409,0.514,0.0844,clear,9.84
TS07-GF-2356,van,51.7,85.1,2803,0.654,0.0632,clear,27.75
TS07-IO-4581,bus,54.4,82.9,2964,0.213,0.0227,fog,37.11
TS09-GD-9989,ev_van,46.1,32.0,2022,0.18,0.043,clear,6.06
TS09-FV-8474,ev_van,41.2,13.5,935,0.978,0.0389,clear,7.22
TS11-EQ-9821,van,49.5,82.9,2169,0.114,-0.0071,clear,14.83
TS11-FX-4794,truck,43.3,39.3,4546,0.999,0.0774,clear,34.09
TS09-OU-2082,bus,17.5,40.8,5091,0.72,0.0895,fog,18.26
TS09-VO-3471,truck,29.6,25.1,6252,0.629,0.0981,clear,28.13
TS07-OS-5946,truck,40.7,69.5,2416,0.34,0.0098,clear,17.93
TS11-PN-1499,van,36.5,35.2,618,0.868,-0.0085,rain,11.81
TS09-ES-2450,van,53.5,26.7,2461,0.91,-0.0067,clear,22.41
TS11-HL-2304,ev_van,30.0,53.8,275,0.722,0.0765,clear,3.3
TS08-XH-5616,truck,13.1,74.3,5497,0.71,0.0558,rain,10.11
TS11-QB-4217,bus,15.2,34.4,2960,0.493,0.0707,fog,12.79
TS08-HG-5528,bus,51.2,71.9,637,0.078,0.0886,rain,31.76
TS08-HK-4092,truck,3.5,50.3,5571,0.999,0.0072,clear,2.04
TS08-LY-5551,truck,52.5,45.5,3966,0.016,0.0237,clear,22.07
TS09-ZP-3009,bus,6.2,41.8,5189,0.495,0.0751,clear,5.28
TS08-MM-2345,truck,25.3,24.1,1827,0.367,0.0111,clear,12.85
TS07-JX-7455,van,48.6,39.6,206,0.776,0.0407,fog,15.45
TS11-EK-6231,bus,26.2,85.0,957,0.736,0.0332,clear,18.7
TS09-KJ-1464,van,49.9,20.5,955,0.628,0.0514,clear,22.07
TS11-YC-4722,van,8.7,91.5,2026,0.075,0.0986,clear,4.36
TS09-UZ-4746,truck,32.2,20.9,3029,0.237,-0.0076,clear,16.74
TS10-YV-3613,van,36.2,42.0,531,0.094,0.0382,clear,9.62
TS11-KA-7829,van,53.8,62.3,2948,0.979,0.0951,clear,28.59
TS11-IL-4278,bus,8.3,81.5,828,0.128,0.0217,rain,4.77
TS07-ZA-5999,truck,22.3,23.9,2970,0.967,0.0689,clear,18.11
TS07-RX-6790,van,40.6,23.7,2654,0.113,0.0915,clear,20.52
TS10-VZ-8755,truck,58.9,64.2,5290,0.862,0.0089,rain,38.95
TS08-OV-3650,truck,51.4,36.3,2694,0.575,-0.0102,clear,24.55
TS10-AW-6529,truck,51.3,65.5,7769,0.832,-0.0109,clear,29.43
TS10-VF-5054,van,32.5,80.1,1603,0.634,-0.0112,clear,11.05
TS11-EV-3592,van,35.2,18.4,223,0.769,0.0221,rain,14.22
TS09-NR-8529,van,51.9,82.1,217,0.731,-0.0049,clear,15.6
TS08-EK-6508,van,52.6,15.1,2835,0.26,0.0286,clear,24.52
TS10-TI-9423,bus,48.7,86.6,1831,0.935,0.0705,clear,46.88
TS07-DA-9336,van,49.7,93.0,2474,0.644,0.0158,clear,24.57
TS07-PV-7899,truck,53.1,67.4,540,0.202,0.0375,rain,22.8
TS11-BK-5554,truck,9.5,93.7,1346,0.306,-0.0047,clear,5.09
TS10-QO-3761,van,19.7,80.2,2599,0.533,0.0638,clear,9.4
TS07-LG-5988,bus,58.6,15.7,5966,0.882,0.0181,fog,70.25
TS10-OP-1376,van,34.1,12.3,345,0.797,-0.0038,rain,14.83
TS10-LD-2924,van,13.1,13.7,669,0.302,0.0946,clear,6.56
TS10-XN-9788,van,31.7,49.5,2224,0.688,0.0724,rain,14.51
TS07-HY-2576,van,39.8,63.7,1683,0.002,0.0583,clear,10.95
TS10-FI-5299,van,50.2,52.0,1337,0.333,0.0668,clear,15.39
TS08-WZ-5499,truck,49.3,68.2,1717,0.84,0.0311,clear,26.76
TS09-BG-1358,truck,5.8,49.3,7574,0.151,0.0158,clear,3.03
TS11-FI-8584,bus,28.9,15.5,1199,0.353,0.04,clear,22.05
TS10-QB-6066,truck,4.2,30.8,2269,0.001,0.079,rain,2.44
TS09-IT-9363,bus,53.6,94.4,2081,0.023,0.0957,clear,45.0
TS08-II-8513,ev_van,12.9,40.7,519,0.146,0.0526,fog,1.26
TS07-XU-5349,truck,38.6,39.0,4383,0.102,0.0252,clear,18.63
TS09-XU-3490,truck,35.5,24.7,2862,0.49,0.0662,clear,23.96
TS07-RD-1791,truck,38.7,93.9,4941,0.9,0.0636,rain,42.62
TS11-MQ-2955,truck,35.1,31.1,3069,0.085,0.0097,clear,15.12
TS07-BJ-1033,van,43.8,65.7,526,0.87,0.0323,clear,14.12
TS09-IN-6305,van,38.7,15.5,2643,0.668,-0.0039,clear,18.7
TS08-LC-3715,van,8.1,17.5,1627,0.169,0.0283,clear,3.17
TS11-ZM-9454,van,23.9,71.5,1101,0.29,0.0715,clear,8.08
TS09-DW-4735,bus,34.2,64.7,295,0.194,0.0177,clear,14.81
TS10-QI-7600,van,21.5,68.5,1874,0.789,0.056,clear,9.26
TS09-JH-7715,truck,46.3,31.2,6304,0.725,0.0193,clear,32.4
TS08-DW-3985,truck,21.1,93.7,5270,0.304,-0.0023,clear,13.81
TS10-SV-6630,truck,50.2,58.3,6344,0.054,0.069,clear,28.68
TS10-VY-1421,van,11.4,92.5,634,0.169,0.0507,fog,4.63
TS10-EX-1436,bus,46.9,25.6,5836,0.63,0.0791,rain,56.04
TS08-EP-1038,truck,13.5,45.6,1848,0.09,0.0615,clear,5.92
TS07-NZ-5754,bus,33.1,39.9,1747,0.536,0.0781,clear,22.78
TS09-RO-4463,truck,21.3,74.7,4196,0.613,-0.0014,clear,11.58
TS09-AG-7064,van,39.3,74.0,215,0.688,0.0538,clear,12.85
TS08-BD-8794,bus,15.1,52.4,2766,0.125,0.0241,fog,7.51
TS08-AS-5773,bus,48.3,13.3,1335,0.46,0.0696,clear,45.59
TS09-XI-6151,truck,35.7,26.5,6042,0.463,0.0496,fog,28.58
TS10-PF-7133,van,57.6,16.2,2322,0.835,-0.0135,rain,30.35
TS10-DE-7073,bus,43.6,82.3,3771,0.469,0.044,rain,39.27
TS07-WC-9767,truck,37.6,36.1,3489,0.407,0.0693,clear,23.12
TS10-LG-4100,truck,50.3,21.8,2620,0.123,0.0115,clear,26.0
TS10-TF-5885,ev_van,15.5,41.4,2103,0.694,0.0585,rain,2.51
TS11-GS-2549,ev_van,39.1,18.4,1366,0.62,0.0809,rain,7.38
TS11-EH-5132,van,25.3,93.2,1590,0.717,-0.0122,clear,10.31
TS08-EQ-1177,truck,45.4,38.1,1085,0.656,0.0494,clear,24.45
TS11-BI-9368,ev_van,4.4,89.4,702,0.875,0.0865,clear,0.79
TS07-BT-1658,van,27.4,68.7,1209,0.877,-0.0048,clear,8.42
TS11-LW-3205,van,40.1,59.0,2157,0.308,0.0123,clear,11.53
TS07-ZT-9197,bus,29.3,51.5,5103,0.182,0.0551,clear,19.12
TS08-KP-5038,truck,16.6,69.1,7944,0.926,0.0502,fog,14.3
TS08-JP-1340,truck,29.5,69.0,3534,0.713,0.0752,rain,21.18
TS08-HB-2103,ev_van,51.4,12.9,1242,0.971,0.0555,rain,10.7
TS09-CI-6047,bus,14.8,87.3,4643,0.497,0.0491,rain,14.35
TS11-CL-1926,truck,23.9,42.5,2706,0.962,0.0342,rain,15.5
TS09-MU-4980,truck,59.4,41.3,4416,0.123,-0.0106,clear,24.4
TS11-DB-1040,van,55.0,45.7,2096,0.59,0.0509,rain,22.56
TS08-FC-3122,truck,4.9,68.9,2043,0.497,-0.0012,clear,2.11
TS11-UA-9238,ev_van,33.2,43.2,843,0.003,0.0995,fog,3.65
TS08-KI-4644,van,6.7,43.0,1197,0.193,-0.0106,clear,1.59
TS10-SP-6641,van,55.7,17.3,1818,0.153,-0.0109,rain,20.78
TS10-EK-1969,bus,28.2,46.6,1768,0.061,0.0745,clear,15.59
TS10-LQ-6082,van,26.9,24.4,783,0.948,-0.0079,clear,10.15
TS08-DZ-3639,van,18.6,83.0,619,0.965,0.0286,clear,7.07
TS07-HX-3351,van,35.4,39.8,2466,0.892,0.0913,clear,18.16
TS11-LW-6876,truck,11.3,91.8,7111,0.989,0.0745,rain,13.81
TS07-NK-2812,bus,48.5,68.8,5447,0.831,0.0079,clear,38.37
TS09-CS-8396,truck,31.0,74.8,6609,0.932,0.0101,clear,21.45
TS07-MR-1559,bus,35.3,90.7,996,0.198,0.0511,rain,25.58
TS08-GB-8235,truck,50.9,31.8,962,0.257,0.0384,clear,24.12
TS09-TP-8881,truck,13.6,59.1,4093,0.862,-0.006,fog,7.35
TS11-PJ-4805,truck,13.0,15.4,4267,0.479,-0.001,clear,9.11
TS11-LN-2745,van,27.0,20.4,2252,0.717,0.0763,clear,15.5
TS11-QI-6265,truck,47.8,42.4,1938,0.562,0.0214,clear,22.44
TS09-EW-8970,ev_van,6.3,68.6,2341,0.306,0.0759,fog,0.89
TS11-JG-1447,van,48.3,81.0,1068,0.285,0.0028,rain,15.02
TS10-IX-8827,truck,31.5,33.3,4707,0.748,0.0519,rain,26.2
TS07-XD-5413,van,35.0,74.2,2620,0.532,0.0406,clear,14.65
TS09-YR-8876,truck,35.2,30.6,4283,0.359,0.0192,clear,20.09
TS09-VW-8736,ev_van,6.2,12.5,1933,0.617,0.053,clear,1.23
TS09-JZ-7807,bus,17.2,16.5,4544,0.42,-0.0051,clear,14.02
TS11-PY-7476,van,46.1,60.6,2412,0.475,0.0828,clear,19.42
TS10-EO-7581,truck,26.5,53.3,6526,0.678,0.0692,rain,20.5
TS10-YI-3723,bus,34.9,34.4,2476,0.458,0.0144,fog,22.48
TS11-ZE-4405,bus,56.9,12.5,2309,0.95,0.0496,clear,62.67
TS11-FU-2010,ev_van,5.6,59.1,2048,0.485,0.0883,rain,0.84
TS07-UP-5992,van,28.6,79.9,1823,0.962,0.0307,clear,12.97
TS11-HN-6475,bus,23.6,17.7,3725,0.848,0.0236,clear,23.26
TS10-IQ-5034,truck,9.1,73.1,3413,0.891,0.0759,clear,7.07
TS09-WK-7012,truck,57.2,64.7,1773,0.763,-0.0199,clear,25.0
TS11-TZ-6250,bus,57.8,51.8,2850,0.605,0.0624,rain,42.24
TS08-ZQ-3172,bus,20.8,16.0,5824,0.533,0.0059,clear,19.28
TS08-GV-1832,truck,57.0,88.7,2469,0.552,0.0633,clear,40.91
TS10-OB-6519,van,5.0,51.6,962,0.201,0.0325,clear,1.25
TS10-SN-4018,ev_van,58.9,45.2,501,0.214,-0.0176,rain,4.34
TS07-AJ-6689,truck,50.6,83.5,3953,0.034,0.0849,clear,31.09
TS07-ZP-3650,van,15.2,82.2,1008,0.746,0.0456,rain,6.6
TS11-EY-3535,truck,37.2,72.4,5560,0.125,0.0176,clear,18.37
TS08-LZ-3257,van,48.5,80.8,578,0.582,0.0644,rain,19.77
TS11-JH-6743,truck,21.2,22.3,2129,0.138,0.0395,clear,11.63
TS10-ID-4564,van,23.2,75.2,373,0.067,-0.0158,clear,4.67
TS09-BC-9260,van,38.9,39.2,316,0.534,0.058,clear,12.55
TS07-KT-3952,van,11.4,84.0,2480,0.873,0.0963,rain,7.66
TS09-CU-6707,truck,9.7,42.7,7266,0.356,0.0066,fog,5.44
TS11-WJ-1370,ev_van,17.2,16.5,1957,0.919,0.0836,fog,4.0
TS08-DN-2317,truck,45.3,46.4,6948,0.01,0.0545,clear,23.3
TS11-PG-9290,truck,23.9,74.8,875,0.466,-0.0107,rain,10.08
TS10-LD-4093,van,31.9,53.6,2715,0.147,0.0676,clear,11.66
TS09-TG-7682,bus,14.1,75.4,2903,0.316,0.033,clear,9.17
TS08-GL-2447,van,14.1,14.9,2352,0.024,0.0752,clear,6.77
TS09-JH-7979,van,40.1,26.7,1924,0.035,0.0563,rain,16.54
TS08-SS-6992,truck,9.2,58.8,2929,0.713,-0.0197,fog,4.27
TS08-VG-3493,ev_van,41.1,44.0,809,0.655,-0.0048,clear,3.79
TS11-IS-1381,truck,25.8,68.5,1121,0.208,0.0223,clear,10.67
TS10-WS-6241,bus,41.3,91.9,2593,0.901,0.0378,clear,40.8
TS11-HJ-1624,truck,24.8,66.8,4054,0.688,0.0919,clear,17.48
TS10-ST-7737,ev_van,51.2,46.6,2461,0.336,0.0786,clear,7.03
TS07-RT-2833,truck,6.2,57.0,491,0.408,0.0762,clear,2.95
TS09-XK-7777,truck,53.9,87.8,4803,0.293,0.0447,clear,35.31
TS09-RQ-6857,bus,18.3,67.9,3245,0.831,-0.0089,rain,11.93
TS10-XH-9353,ev_van,5.4,78.7,253,0.494,0.0695,clear,0.65
TS10-PI-4749,ev_van,35.1,37.0,958,0.135,-0.0096,rain,2.96
TS10-JH-8370,van,15.8,73.8,1384,0.202,-0.009,rain,4.15
TS09-QA-1695,ev_van,29.2,23.6,1337,0.297,0.0106,clear,3.49
TS11-DU-9100,ev_van,48.7,74.2,737,0.403,0.0907,clear,6.04
TS09-WL-9565,bus,48.1,85.2,398,0.593,0.07,fog,38.06
TS08-LK-8055,truck,37.2,86.7,2492,0.964,-0.0108,clear,22.92
TS07-VA-3840,van,58.7,21.7,2542,0.262,0.0903,clear,31.34
TS09-DM-9972,van,29.4,80.9,2462,0.328,0.074,clear,13.95
TS11-AP-6375,bus,5.2,21.1,1248,0.024,0.0524,fog,3.41
TS07-QN-7135,truck,49.7,51.7,5241,0.373,-0.0048,clear,23.18
TS08-GT-7493,van,15.6,68.6,2786,0.675,0.0184,clear,6.28
TS07-FP-8460,truck,13.0,52.2,1542,0.963,0.0161,rain,6.94
TS08-FV-7269,ev_van,7.0,40.2,496,0.74,0.0568,clear,0.84
TS11-UY-2700,truck,21.7,68.8,373,0.118,0.0505,rain,9.95
TS08-GB-8011,truck,21.6,66.9,1545,0.89,0.0133,clear,10.52
TS10-CF-2716,van,20.3,60.4,2479,0.839,0.0173,rain,8.68
TS09-LH-9370,truck,36.8,55.9,6549,0.189,0.0422,clear,19.03
TS08-OL-4488,truck,45.8,70.6,4416,0.934,0.0814,clear,34.69
TS11-ZA-5172,van,56.5,45.5,1134,0.714,-0.0049,clear,16.42
TS07-LQ-4704,ev_van,8.4,17.7,2056,0.783,0.0671,clear,1.78
TS08-IH-3930,truck,11.6,56.6,1721,0.459,0.0995,clear,6.53
TS08-RC-1367,truck,36.6,72.0,1291,0.201,0.07,clear,17.66
TS09-RG-2810,van,8.6,36.8,450,0.799,0.033,clear,2.79
TS10-JT-2318,ev_van,24.1,23.7,2158,0.477,0.0678,clear,4.09
TS07-OK-7563,bus,38.6,87.7,4346,0.967,0.0833,clear,47.68
TS09-JE-2470,truck,47.5,83.7,5072,0.153,0.0722,clear,31.85
TS10-FN-8362,truck,15.4,63.3,5874,0.355,-0.0185,rain,7.33
TS11-GC-7971,truck,41.1,77.3,1319,0.736,-0.0042,clear,19.18
TS10-IP-2698,truck,39.8,92.4,3201,0.572,-0.0071,rain,26.36
TS10-SH-5216,van,52.0,59.2,2480,0.433,-0.0162,clear,14.81
TS08-AD-9638,truck,20.9,32.3,7351,0.702,0.0657,clear,16.96
TS09-DB-4180,bus,45.8,65.0,3176,0.733,0.0121,clear,27.59
TS11-KZ-5404,van,45.9,87.9,542,0.577,0.0666,clear,19.6
TS10-UA-1054,van,16.6,69.3,2940,0.319,0.0599,rain,7.02
TS11-YD-6813,truck,38.4,14.2,3281,0.619,0.0428,clear,29.94
TS11-YH-8355,van,41.5,88.1,1093,0.545,-0.0128,fog,15.24
TS10-YD-6408,van,18.6,74.6,536,0.798,0.0166,rain,6.53
TS07-JA-4985,van,28.8,45.4,235,0.653,-0.0167,clear,6.89
TS11-RI-4841,truck,27.8,94.0,4909,0.497,0.0892,fog,28.09
TS08-TG-1826,truck,47.1,71.9,4977,0.019,0.017,clear,22.52
TS09-VM-2837,ev_van,3.0,80.5,739,0.167,-0.0086,rain,0.28
TS07-YT-2399,bus,31.6,90.3,1140,0.337,-0.0197,clear,17.47
TS07-DJ-8306,truck,13.5,15.3,4318,0.601,0.0534,clear,11.31
TS07-VA-7648,bus,39.9,76.3,2725,0.792,0.0545,clear,30.93
TS08-YM-3434,van,41.8,44.1,1050,0.96,0.0994,rain,19.71
TS08-VK-4168,ev_van,31.6,84.1,702,0.6,0.0146,clear,3.52
TS10-NR-5009,truck,33.9,84.9,6903,0.729,-0.0144,clear,22.55
TS07-AB-6169,ev_van,21.0,80.8,2463,0.621,0.0735,fog,3.9
TS09-TX-2570,truck,20.9,76.7,2974,0.43,0.0165,clear,11.25
TS11-YQ-5773,van,45.5,77.9,2155,0.61,0.0197,fog,17.76
TS07-EA-6812,van,10.5,36.6,2624,0.401,0.0889,clear,4.79
TS09-ED-1571,truck,47.0,45.7,410,0.454,0.049,rain,22.21
TS10-RQ-1996,truck,40.3,21.5,7283,0.911,0.028,clear,36.26
TS07-CT-7658,bus,53.4,80.9,3095,0.564,0.0941,rain,54.11
TS08-BI-8287,ev_van,17.8,65.6,1481,0.1,0.0118,fog,1.6
TS07-UM-2272,van,31.9,62.9,1712,0.524,-0.0174,clear,8.58
TS11-NR-1869,ev_van,5.2,32.4,759,0.953,0.0077,rain,0.66
TS08-QQ-1566,van,55.0,63.0,2390,0.1,-0.0147,fog,14.88
TS10-YU-2869,bus,41.5,49.7,4448,0.971,0.0289,rain,34.19
TS11-RB-2154,van,38.5,94.6,468,0.988,0.0797,fog,22.81
TS11-FC-5058,truck,44.8,83.6,4590,0.561,0.097,rain,39.9
TS09-OR-9988,truck,19.2,55.7,7665,0.332,0.064,clear,12.48
TS10-AC-1002,van,37.4,79.1,2639,0.009,0.0911,rain,16.74
TS08-JY-4295,van,48.7,25.7,1953,0.016,0.029,rain,18.13
TS07-WG-9212,truck,8.1,20.4,1750,0.388,0.0163,clear,4.86
TS10-WV-2288,bus,57.7,64.3,2214,0.783,-0.0015,clear,32.72
TS10-KQ-7712,van,53.8,72.3,621,0.942,0.0401,clear,19.23
TS09-IX-6968,ev_van,57.9,16.4,2090,0.155,0.0192,rain,8.75
TS11-GV-3910,van,49.1,28.7,2380,0.488,-0.0071,rain,18.74
TS09-WJ-3254,bus,19.8,56.6,5480,0.502,0.0918,rain,17.9
TS11-ZI-3756,bus,36.1,17.2,568,0.38,-0.0052,clear,21.67
TS08-AO-3293,bus,9.8,47.2,5795,0.54,0.0688,clear,8.02
TS11-EQ-5560,van,46.0,52.0,2906,0.925,-0.0118,clear,16.26
TS10-CM-6633,ev_van,11.8,88.5,1751,0.439,0.0433,rain,1.75
TS08-WN-4262,bus,52.4,38.2,5314,0.138,0.061,rain,42.66
TS07-EM-4599,truck,16.7,26.0,3620,0.665,0.0081,fog,11.37
TS11-UE-6322,truck,12.1,12.6,2645,0.031,-0.0109,clear,6.44
TS09-CR-5834,van,7.0,22.1,632,0.94,0.0512,rain,3.33
TS07-MT-3943,van,43.5,74.3,288,0.94,0.0523,rain,16.31
TS08-CF-9829,truck,13.6,48.9,528,0.092,0.0174,fog,4.75
TS10-EM-2734,truck,14.3,28.5,5594,0.551,0.0251,rain,10.6
TS09-DQ-6131,van,12.7,89.4,1142,0.797,-0.0145,clear,4.9
TS10-LH-3245,truck,20.4,77.4,622,0.465,0.0155,rain,10.2
TS08-LL-7061,van,56.6,21.5,514,0.479,0.0859,clear,24.77
TS07-HW-9236,truck,30.7,34.3,5389,0.97,0.0006,rain,21.9
TS11-HD-2783,truck,17.9,82.5,7522,0.231,0.0362,rain,12.91
TS07-YW-8294,ev_van,12.7,69.5,1138,0.526,0.0612,fog,1.66
TS10-IM-8572,truck,4.1,90.5,6266,0.115,0.0763,clear,3.33
TS11-NV-4120,truck,23.8,18.3,7794,0.302,-0.0103,rain,17.01
TS09-VJ-7768,truck,9.3,76.4,5725,0.851,0.051,clear,7.35
TS09-HF-6459,truck,4.5,18.3,5839,0.716,0.0553,rain,4.49
TS09-JT-1009,truck,8.9,39.9,5004,0.612,0.0037,fog,5.05
TS07-ZR-5946,truck,21.2,74.3,7826,0.114,-0.0163,clear,10.47
TS07-PL-6398,truck,45.8,71.0,2538,0.851,0.0813,rain,34.3
TS07-OP-3610,truck,6.8,12.2,6307,0.298,0.0328,rain,6.27
TS07-ZS-6594,van,41.7,28.8,1362,0.535,-0.0127,rain,13.77
TS10-RD-5092,van,38.4,76.6,635,0.233,0.0494,clear,11.72
TS11-HZ-1579,bus,53.3,22.5,4488,0.521,0.0252,fog,46.49
TS08-JQ-2584,truck,13.5,39.1,6669,0.562,-0.0104,fog,7.74
TS08-RH-8910,bus,48.3,27.3,5209,0.34,0.0145,rain,39.16
TS11-HO-3995,ev_van,52.3,21.3,2320,0.506,0.0192,clear,8.38
TS08-RH-2343,ev_van,58.7,81.4,1913,0.406,0.049,rain,9.0
TS08-YG-4274,truck,49.1,17.1,4315,0.697,0.0284,clear,38.84
TS10-CG-2571,truck,10.1,56.5,7522,0.544,-0.0072,rain,6.07
TS11-YT-3223,truck,57.0,69.5,1835,0.878,0.0562,clear,34.18
TS10-RW-2405,truck,49.5,16.8,803,0.05,0.0675,clear,28.71
TS10-FO-8912,van,15.1,64.6,1409,0.027,0.0409,clear,3.83
TS07-DV-1168,bus,12.4,39.7,3577,0.189,-0.0124,rain,6.67
TS10-NJ-8763,truck,56.4,81.2,5504,0.119,-0.0076,clear,27.22
TS11-IA-2153,bus,11.9,78.2,4929,0.526,0.0934,rain,12.43
TS07-ZP-7089,bus,47.3,77.9,355,0.2,0.0027,clear,21.89
TS08-WS-7768,truck,26.1,45.1,6456,0.016,0.0169,clear,11.77
TS09-SO-4460,van,44.3,80.3,1880,0.283,0.0625,clear,17.16
TS09-IY-7451,truck,8.2,64.3,7633,0.509,0.075,rain,6.12
TS10-SL-9554,ev_van,44.3,43.4,1000,0.714,0.0893,clear,5.86
TS08-OB-3651,truck,32.2,18.7,5012,0.438,0.0274,rain,24.67
TS09-MY-6522,van,54.3,17.5,2346,0.963,0.0991,clear,41.18
TS09-LP-8119,ev_van,13.7,32.9,1388,0.199,-0.0075,fog,1.4
TS08-PO-1084,ev_van,9.2,36.9,559,0.514,0.0792,clear,1.14
TS11-OG-6701,van,14.2,89.0,339,0.253,0.0127,clear,4.09
TS10-XA-4723,van,7.5,95.0,512,0.807,0.0925,clear,4.03
TS07-ON-5274,van,58.9,23.9,1586,0.188,0.0843,clear,24.18
TS11-NK-1605,van,10.0,90.2,1991,0.962,0.0715,clear,6.39
TS08-XL-9192,truck,14.4,70.6,4650,0.717,0.0524,rain,10.59
TS09-OL-6008,bus,49.2,53.4,4335,0.557,0.0057,rain,31.38
TS07-BM-6380,bus,17.1,91.2,426,0.532,0.0354,clear,12.35
TS09-LH-7380,ev_van,15.7,71.2,514,0.362,-0.0158,fog,1.22
TS10-BL-7397,bus,41.3,61.3,4615,0.021,0.0651,clear,25.66
TS10-HY-6864,bus,25.7,29.4,4731,0.915,-0.0061,rain,22.21
TS09-QW-3041,van,50.6,32.3,2166,0.795,0.011,clear,20.74
TS07-LC-8519,truck,39.4,87.7,6014,0.135,0.0094,clear,24.34
TS11-PZ-1618,truck,19.4,29.8,7715,0.122,0.0746,rain,15.2
TS10-LH-3805,bus,37.1,14.7,5676,0.308,0.0281,clear,35.79
TS09-QE-6530,bus,52.4,34.1,3938,0.763,0.0441,clear,39.31
TS11-AW-6468,truck,23.8,51.9,2691,0.503,0.005,rain,11.83
TS08-TQ-7917,bus,45.0,43.7,282,0.654,0.0201,rain,24.78
TS07-BQ-3732,bus,26.7,89.7,3863,0.006,0.0414,fog,20.7
TS08-KS-2617,truck,34.0,46.7,3564,0.924,0.0033,rain,21.06
TS11-KD-1640,bus,44.8,85.8,1053,0.166,0.0628,clear,28.41
TS11-CK-7017,van,6.5,61.4,803,0.319,0.0339,rain,1.88
TS09-GC-7401,truck,28.9,55.5,7505,0.947,0.098,rain,27.72
TS09-BE-6063,ev_van,8.4,25.3,352,0.733,0.0096,clear,0.97
TS07-KD-8171,ev_van,44.3,34.5,2011,0.511,0.0275,clear,5.73
TS10-UB-4379,bus,37.6,84.0,5432,0.863,0.091,rain,50.69
TS08-QV-3047,truck,21.6,76.7,5569,0.061,0.0863,rain,14.7
TS10-PV-1731,bus,7.3,49.1,556,0.076,0.0381,clear,3.27
TS11-LH-2644,van,55.8,87.4,2568,0.155,-0.0052,rain,21.6
TS11-WD-5003,van,21.0,80.0,2029,0.265,0.0291,clear,7.49
TS10-PE-4243,van,18.7,21.3,976,0.709,0.0505,clear,8.4
TS08-HY-2826,bus,8.8,62.3,3852,0.532,0.0105,rain,5.61
TS10-XU-8194,van,35.9,78.3,582,0.426,0.0029,clear,9.85
TS07-DU-7719,truck,18.1,79.1,5720,0.783,0.0438,clear,13.23
TS10-KN-1138,van,51.0,19.6,2728,0.317,0.0011,rain,22.47
TS08-ND-2170,truck,41.9,30.6,4269,0.085,0.0849,clear,26.99
TS07-FZ-7263,van,3.2,46.3,2866,0.397,-0.0111,fog,1.04
TS11-GP-9026,ev_van,35.2,32.9,1208,0.766,0.0985,fog,5.97
TS08-RS-8489,truck,16.2,21.0,6889,0.474,0.0446,rain,13.77
TS11-PP-8818,van,3.9,64.2,2366,0.977,0.098,rain,2.19
TS10-JQ-5941,truck,38.3,54.1,890,0.856,0.0702,fog,22.56
TS08-NQ-9133,van,14.7,24.9,2755,0.791,-0.0017,rain,7.26
TS09-EZ-6201,truck,54.3,60.7,7301,0.773,0.0073,rain,37.38
TS08-TK-4330,ev_van,35.7,17.1,1008,0.581,-0.0072,clear,4.46
TS11-WN-4356,truck,14.9,43.8,6389,0.901,0.0675,rain,12.39
TS11-ET-6255,ev_van,58.8,77.8,717,0.59,0.0002,clear,6.07
TS11-KV-1136,van,34.1,85.9,285,0.373,0.0657,clear,11.98
TS10-BQ-2757,van,12.4,32.4,782,0.196,0.0831,clear,4.23
TS11-UC-9027,van,32.5,83.3,1555,0.813,0.0294,clear,13.11
TS08-OC-1949,van,57.7,86.0,362,0.371,0.0593,clear,20.29
TS08-NO-8699,ev_van,27.2,62.4,568,0.791,0.0874,rain,3.79
TS07-TA-3619,truck,27.2,93.5,7613,0.983,0.0704,clear,32.48
TS07-DP-9105,van,29.3,32.4,1583,0.399,-0.0043,fog,9.61
TS10-WP-1483,truck,19.0,17.7,6620,0.341,0.0151,fog,15.09
TS08-VB-1874,van,12.2,82.0,779,0.17,0.0443,rain,4.31
TS11-BY-7826,truck,36.0,52.7,890,0.475,0.0117,clear,14.36
TS10-NC-4730,van,54.0,40.8,2386,0.654,0.0407,clear,22.3
TS11-XL-8552,van,44.9,16.6,1177,0.313,0.0943,clear,23.39
TS10-BQ-6544,bus,8.5,17.4,2867,0.486,0.0344,rain,7.85
TS09-UX-5953,bus,25.8,19.5,5954,0.537,0.0114,clear,23.21
TS08-ZZ-7173,van,3.3,27.2,1086,0.275,-0.0024,clear,0.94
TS10-CK-2784,van,20.6,92.5,1525,0.024,0.0881,clear,9.17
TS09-VF-9969,bus,41.2,35.4,3882,0.216,0.0076,fog,24.01
TS07-CZ-1902,van,19.5,79.8,449,0.803,0.0032,clear,6.02
TS10-TI-1579,ev_van,50.9,13.6,1848,0.278,0.0461,clear,8.36
TS08-BR-8998,truck,30.2,38.7,3724,0.014,0.0354,clear,13.9
TS11-UU-8933,truck,41.1,87.2,1565,0.425,0.0263,clear,24.62
TS10-QZ-3902,truck,53.4,27.4,3558,0.682,0.0494,fog,40.35
TS09-XI-3688,van,41.9,35.6,1490,0.752,0.0483,clear,16.17
TS07-HP-8976,bus,54.1,80.6,3916,0.414,-0.0118,clear,37.91
TS07-RT-9060,van,49.1,22.1,2824,0.572,0.0298,clear,24.22
TS10-EM-9569,van,35.3,16.4,2342,0.746,0.0665,clear,20.53
TS11-PZ-7011,truck,19.9,92.2,3183,0.889,0.0258,rain,16.37
TS07-XE-4426,ev_van,20.0,45.6,2430,0.64,0.0997,rain,3.45
TS08-SA-6762,van,52.9,66.6,2414,0.691,0.0082,rain,19.49
TS11-UH-9071,truck,6.1,22.6,418,0.099,0.0396,clear,3.03
TS08-RN-1608,bus,56.7,30.3,876,0.42,0.0609,fog,35.98
TS07-EY-9584,truck,21.6,50.2,1900,0.889,0.0457,rain,13.44
TS09-ZB-9705,truck,45.1,68.0,851,0.161,-0.0153,rain,16.68
TS08-AT-4441,truck,21.8,36.3,3986,0.31,0.0416,clear,11.83
TS08-TI-7775,ev_van,57.3,85.4,984,0.678,0.096,rain,10.53
TS07-CI-6484,bus,5.1,76.8,5843,0.902,0.0288,rain,4.97
TS08-DT-5438,bus,23.1,57.8,2942,0.059,-0.0061,clear,9.85
TS09-GA-1478,van,52.4,50.1,794,0.87,-0.0174,clear,14.16
TS10-CG-9197,van,18.6,63.4,2918,0.22,0.0295,clear,6.2
TS08-TI-9385,ev_van,18.7,72.7,1382,0.861,0.0022,clear,2.15
TS11-MR-4719,van,54.2,23.2,405,0.889,0.0802,clear,25.02
TS11-JV-6546,bus,50.3,82.8,669,0.775,0.0943,fog,46.42
TS10-JV-7715,bus,9.0,52.6,4117,0.924,0.0929,clear,8.55
TS11-UE-8881,ev_van,36.1,89.6,1338,0.961,0.0249,clear,5.95
TS11-GZ-5742,van,15.7,91.3,1948,0.925,0.0346,clear,8.33
TS08-FJ-1337,ev_van,15.3,14.5,2154,0.513,0.0178,rain,2.83
TS10-SR-5940,truck,38.1,43.9,5515,0.464,-0.0045,clear,18.43
TS08-SW-1788,ev_van,10.1,55.7,2182,0.105,0.0471,rain,1.21
TS08-ZW-9948,van,29.8,56.8,2280,0.216,0.0023,clear,8.44
TS07-MD-8793,truck,17.6,80.3,5460,0.652,-0.0129,clear,10.96
TS09-GC-7637,van,51.7,23.7,577,0.127,0.0819,clear,18.08
TS11-WZ-8331,van,34.6,63.7,1552,0.942,0.0758,clear,14.46
TS10-VZ-5166,truck,15.3,90.2,3578,0.227,0.0912,clear,11.78
TS10-VD-7215,bus,55.8,94.7,3336,0.088,0.0193,clear,40.83
TS08-DE-2027,van,49.9,12.8,1295,0.235,0.0845,clear,25.53
TS11-UC-6628,truck,18.1,92.7,5039,0.049,0.0278,clear,12.02
TS10-NP-9164,bus,57.8,22.1,2476,0.166,-0.0113,fog,36.61
TS09-RO-4564,bus,18.3,56.6,3434,0.588,0.0349,rain,12.85
TS11-KU-6446,truck,19.7,32.4,3280,0.289,0.0465,clear,11.3
TS10-TT-6078,ev_van,25.0,62.3,2274,0.801,0.0319,clear,3.35
TS10-NI-7541,van,12.4,15.1,1246,0.405,0.0743,clear,6.15
TS11-SU-8472,truck,42.2,31.8,5901,0.714,0.0222,clear,28.91
TS08-BI-7793,ev_van,34.8,36.9,1612,0.708,0.0905,clear,5.43
TS11-NU-1672,ev_van,54.0,88.0,1087,0.136,-0.0111,fog,5.88
TS10-RN-7448,truck,16.7,60.4,6500,0.057,0.0664,clear,8.85
TS09-NP-8143,van,12.7,70.8,2797,0.842,0.0915,rain,7.33
TS08-HK-2816,truck,23.4,68.1,6132,0.701,0.0464,clear,15.95
TS08-JI-4690,ev_van,11.3,44.6,2382,0.175,0.0854,clear,1.52
TS09-SH-8608,van,56.9,13.2,1422,0.68,0.063,clear,30.54
TS09-SC-2565,van,43.9,20.9,2758,0.329,-0.0183,clear,16.41
TS09-JM-2425,truck,48.4,50.1,7035,0.057,0.0605,rain,28.45
TS09-RS-3233,ev_van,45.6,90.1,1953,0.229,0.0588,fog,6.95
TS08-NN-8125,truck,16.8,32.6,6715,0.756,-0.02,clear,10.5
TS08-RW-3685,truck,11.0,70.0,5895,0.391,0.0291,clear,6.05
TS11-II-6879,truck,27.5,80.6,4196,0.545,-0.0153,clear,13.87
TS10-OG-1867,van,50.3,87.3,1747,0.137,0.0152,clear,17.78
TS11-WX-5613,truck,21.8,36.4,3458,0.093,0.0984,fog,13.25
TS11-MB-2785,ev_van,3.5,89.3,1728,0.239,0.0928,clear,0.58
TS08-JY-3995,van,40.6,62.5,1109,0.473,0.0622,clear,13.22
TS10-HQ-6106,truck,14.4,54.2,5969,0.847,0.024,rain,10.01
TS07-MC-9001,truck,33.9,76.6,4140,0.763,0.0276,clear,21.41
TS10-YW-2975,truck,3.8,31.8,2955,0.16,-0.0154,clear,1.61
TS10-CY-8067,van,32.0,79.4,612,0.071,0.0206,clear,8.07
TS10-ZW-8771,van,25.4,65.9,915,0.226,0.0741,rain,8.5
TS07-AY-3261,truck,53.2,78.3,5194,0.852,0.0423,fog,42.88
TS09-BQ-8386,van,44.1,83.0,1236,0.516,0.0372,fog,18.32
TS11-PR-5622,truck,5.1,63.2,459,0.807,-0.0091,clear,2.01
TS09-OY-3271,van,48.0,15.0,1123,0.37,0.0903,rain,25.8
TS09-PO-1275,ev_van,48.1,36.7,1043,0.59,0.014,clear,5.38
TS08-QS-7609,van,40.8,84.9,856,0.595,0.0259,clear,15.3
TS11-RP-3988,van,56.0,64.0,1002,0.627,0.0197,clear,16.57
TS08-VM-7439,van,48.8,85.9,2174,0.47,0.0194,clear,20.1
TS07-DF-2756,truck,15.5,43.9,6021,0.239,0.0519,clear,8.96
TS10-QO-3604,truck,24.7,53.9,7679,0.428,0.0552,fog,16.58
TS09-DM-2394,truck,22.9,83.6,1121,0.975,0.0518,rain,17.46
TS07-EC-5299,bus,31.8,75.2,2008,0.272,-0.0118,fog,16.62
TS09-PL-2587,van,57.4,43.3,416,0.725,0.0963,clear,20.42
TS07-SZ-3528,van,38.1,13.9,1917,0.945,0.0657,clear,24.18
TS08-IF-3011,ev_van,20.8,85.1,238,0.566,0.0859,fog,2.9
TS09-US-9637,truck,56.7,77.3,1802,0.489,-0.0008,clear,26.25
TS08-MJ-1378,van,42.9,49.3,1844,0.121,0.0919,clear,14.82
TS08-GM-2422,truck,18.2,57.3,2998,0.753,0.0666,clear,11.07
TS10-VY-1763,truck,54.7,29.0,4446,0.911,0.0401,fog,42.39
TS07-ZW-6296,van,22.6,46.2,1993,0.981,-0.0172,clear,7.74
TS08-NN-8625,ev_van,32.4,25.5,2130,0.202,0.0104,fog,4.17
TS09-AS-7993,van,30.3,29.5,1300,0.92,0.0806,clear,15.48
TS08-DD-8566,truck,55.6,82.2,2375,0.37,0.0255,clear,31.39
TS09-NY-1550,van,18.1,42.1,1709,0.619,0.0614,rain,7.32
TS08-VO-1245,truck,22.0,79.6,744,0.224,0.0677,clear,11.25
TS10-DU-8179,ev_van,40.6,51.3,296,0.248,0.0731,clear,3.68
TS11-MG-8931,van,53.5,17.9,1466,0.619,0.0259,clear,24.11
TS09-QD-6611,truck,9.5,42.0,1901,0.485,0.0892,clear,5.66
TS09-HT-2202,truck,15.0,25.1,256,0.964,0.0151,clear,8.85
TS10-YO-1943,truck,57.0,69.6,5499,0.264,0.0803,clear,35.54
TS09-NO-3452,ev_van,47.3,87.6,2077,0.878,0.031,clear,8.72
TS10-GO-6350,bus,22.7,75.3,1058,0.46,0.0081,clear,11.95
TS10-UW-7993,van,23.4,76.6,1779,0.135,0.0212,rain,7.91
TS10-WG-3635,van,29.8,83.5,2955,0.239,0.0759,rain,15.51
TS09-MS-1084,van,41.4,76.5,953,0.756,0.0538,clear,15.98
TS07-TV-3720,truck,35.0,59.2,5900,0.827,-0.0036,clear,19.93
TS08-OM-2523,ev_van,47.2,71.3,573,0.04,-0.0051,clear,3.56
TS09-VS-8354,truck,6.1,46.5,7470,0.41,0.0625,rain,4.43
TS10-WG-1413,van,49.7,17.9,201,0.494,0.0087,clear,16.28
TS07-ZQ-3229,van,6.3,70.6,1025,0.615,0.005,rain,2.09
TS11-IP-3243,van,53.2,71.9,2934,0.651,0.0699,clear,25.99
TS07-GF-5973,ev_van,5.5,30.6,1743,0.831,0.0187,clear,0.78
TS07-GO-4543,truck,10.3,91.2,1852,0.273,-0.0118,clear,5.3
TS10-RZ-8523,bus,13.3,16.4,4790,0.112,0.031,fog,11.8
TS08-SQ-6348,bus,15.7,73.1,5409,0.186,0.0483,clear,12.16
TS10-DJ-8344,bus,25.9,92.4,3026,0.937,0.0522,rain,29.91
TS11-AM-3377,truck,40.4,37.7,1417,0.547,-0.013,clear,17.57
TS07-BN-7006,truck,53.9,87.7,2217,0.219,0.0344,clear,30.79
TS09-JU-6867,truck,32.9,80.6,7556,0.786,0.0231,clear,26.05
TS11-JG-5101,truck,33.4,73.8,1457,0.587,0.0339,clear,17.17
TS09-LV-1410,bus,21.2,91.2,2009,0.367,-0.015,rain,14.12
TS09-LF-6768,van,48.6,66.3,608,0.018,0.0155,rain,11.74
TS11-OC-1677,van,9.3,53.1,496,0.783,0.0572,clear,2.94
TS09-RI-3779,bus,20.2,68.1,3228,0.717,-0.0049,clear,12.02
TS11-AC-2400,bus,8.5,46.2,2501,0.262,0.0951,clear,5.68
TS11-ME-3793,truck,15.2,39.0,560,0.266,0.0993,clear,8.25
TS11-SF-3165,van,36.4,18.8,607,0.271,0.0233,clear,12.36
TS07-UD-3578,truck,10.2,43.4,494,0.67,0.0617,fog,5.6
TS08-QP-8192,truck,8.7,78.7,392,0.294,0.0562,clear,4.2
TS08-KK-1421,bus,50.1,90.5,1235,0.31,0.0001,clear,31.93
TS10-NM-9957,bus,9.7,92.9,4513,0.377,0.0266,rain,9.65
TS07-ZR-2988,truck,37.7,29.1,315,0.98,0.0977,rain,31.08
TS10-TJ-4104,van,23.1,59.4,1053,0.46,-0.0047,clear,5.57
TS11-EA-6992,van,54.1,59.8,1781,0.377,0.049,clear,17.98
TS11-ND-5852,van,43.3,26.6,2282,0.47,0.0519,clear,19.0
TS08-VP-4028,van,6.4,60.3,2098,0.719,0.0001,clear,2.12
TS10-RR-4295,van,54.0,42.1,2968,0.884,0.0442,rain,27.36
TS09-BK-4401,truck,26.6,90.2,2350,0.991,0.0901,rain,27.09
TS09-YY-5348,van,20.0,33.2,200,0.486,-0.0061,clear,4.94
TS10-CM-7189,bus,41.3,81.3,422,0.46,0.0028,clear,21.36
TS10-ZM-9170,bus,43.9,86.4,766,0.33,0.0107,rain,26.87
TS11-OC-4386,van,20.3,73.1,2931,0.779,0.0701,clear,10.43
TS10-PY-8342,bus,23.0,29.8,3506,0.656,0.0493,rain,20.59
TS07-WJ-8368,bus,11.9,33.6,4836,0.363,0.0404,rain,9.77
TS09-LB-2069,van,36.8,92.6,2958,0.519,0.075,clear,21.89
TS09-OO-2407,ev_van,57.5,18.3,2142,0.206,0.0974,rain,11.34
TS09-BD-5487,ev_van,26.7,21.7,1138,0.694,0.0035,clear,3.63
TS10-RZ-8686,bus,59.8,93.2,5280,0.252,0.0774,clear,63.81
TS08-UC-8714,bus,13.1,76.5,2716,0.35,0.0244,clear,8.23
TS08-TZ-7328,van,48.4,73.9,519,0.068,-0.0025,rain,11.69
TS11-AE-6634,truck,55.9,25.3,4475,0.22,0.0108,clear,30.64
TS09-DS-1527,van,42.2,52.6,2764,0.195,0.0279,clear,14.1
TS11-EL-8408,bus,9.2,81.8,4750,0.735,0.0879,clear,9.93
TS09-TS-9538,truck,21.6,39.3,3335,0.694,0.0374,rain,13.77
TS09-ZN-9038,truck,7.9,28.0,6868,0.538,0.0537,rain,6.87
TS10-DQ-8904,van,37.3,12.9,1500,0.387,-0.016,clear,14.53
TS07-VC-8838,truck,59.9,63.7,5540,0.889,-0.0123,clear,31.7
TS10-DS-2051,truck,24.4,36.4,2798,0.884,0.0926,clear,18.21
TS09-YF-2564,truck,12.3,83.7,1719,0.603,0.0806,rain,9.87
TS09-JB-5103,truck,18.3,35.5,2645,0.658,0.0388,clear,11.2
TS08-DH-1185,truck,35.5,24.6,7026,0.796,0.004,rain,29.08
TS11-ZJ-8889,van,35.4,91.7,2971,0.723,-0.0152,rain,18.38
TS09-XE-3560,truck,16.1,92.1,2259,0.225,0.097,rain,12.73
TS10-FV-4832,van,45.8,68.9,663,0.503,-0.0193,clear,11.08
TS09-LU-1050,ev_van,8.0,89.1,363,0.152,0.0085,rain,0.82
TS10-UV-9969,bus,38.5,25.4,4572,0.809,0.0621,clear,39.45
TS10-NM-4493,truck,27.3,50.2,4318,0.654,0.0925,rain,19.7
TS11-KO-1864,van,10.2,28.9,1757,0.979,-0.006,clear,4.22
TS08-GL-5518,truck,39.2,51.7,553,0.137,0.0729,fog,17.32
TS10-LD-5904,bus,41.4,77.7,670,0.51,0.0198,clear,24.24
TS07-WU-3026,ev_van,28.1,82.1,2304,0.724,0.0616,rain,5.29
TS08-AJ-1343,ev_van,48.5,12.3,1526,0.867,-0.0084,clear,7.76
TS11-DR-6133,van,32.0,44.3,814,0.853,0.0838,fog,13.28
TS08-VC-8980,truck,19.3,94.5,1818,0.202,0.0649,clear,12.5
TS10-QW-4627,van,57.4,60.9,875,0.982,0.0947,clear,24.26
TS08-EY-4612,van,56.8,36.6,379,0.981,0.0403,clear,19.96
TS11-IY-8829,bus,8.5,44.3,489,0.969,0.0865,fog,6.39
TS08-MU-3035,van,56.9,38.8,2216,0.614,0.0448,rain,24.03
TS07-HP-2228,truck,47.2,49.2,2257,0.832,0.0415,rain,29.92
TS08-XB-1453,truck,9.1,48.9,3199,0.076,-0.0086,clear,3.3
TS09-AA-2646,bus,32.6,54.1,3317,0.255,0.0777,rain,22.94
TS07-VD-5710,truck,5.0,50.6,2696,0.092,0.0295,clear,2.11
TS10-QR-4219,truck,36.6,54.8,3935,0.506,0.052,clear,19.78
TS11-BC-8704,van,56.2,14.3,2622,0.965,0.0581,rain,42.95
TS07-EE-1297,ev_van,24.0,16.5,761,0.649,0.073,clear,4.0
TS07-OR-1749,van,32.0,42.8,2416,0.461,0.049,clear,11.68
TS11-CR-8202,van,16.0,85.5,939,0.793,0.0544,rain,7.48
TS09-MC-3173,ev_van,33.8,77.6,630,0.55,0.0425,clear,3.72
TS11-JA-7562,truck,48.7,21.1,767,0.458,0.0537,rain,32.66
TS10-BB-2048,bus,15.3,53.1,4168,0.629,0.0333,clear,10.25
TS07-QD-6462,bus,34.5,62.2,2587,0.512,0.0732,rain,24.91
TS07-ZS-4370,truck,23.2,51.9,6209,0.642,0.0773,clear,16.49
TS09-BB-5837,van,45.6,69.9,571,0.803,0.0421,rain,16.49
TS07-QJ-2256,bus,43.0,94.8,3699,0.462,-0.0024,rain,38.89
TS09-OT-2779,bus,42.8,20.0,275,0.415,0.0248,rain,30.55
TS09-VH-8515,truck,24.5,54.8,2024,0.559,0.0808,clear,13.74
TS10-LW-9699,truck,37.2,54.5,4955,0.905,0.09,rain,30.67
TS08-ZA-2163,ev_van,40.1,58.7,329,0.423,0.012,clear,3.08
TS07-JY-6402,truck,41.8,25.9,3142,0.848,0.0929,clear,36.4
TS10-CN-4443,truck,35.8,65.0,4581,0.617,0.0132,clear,19.38
TS09-GF-9567,truck,52.4,15.7,5875,0.012,0.0903,clear,44.27
TS09-KB-7863,bus,17.2,73.5,4293,0.476,0.0923,rain,16.03
TS09-KR-2186,van,6.2,67.0,615,0.211,0.0406,clear,1.62
TS09-WM-1003,bus,57.9,39.4,636,0.15,0.0941,rain,36.02
TS08-BN-4279,truck,6.5,94.1,3136,0.234,0.0459,rain,5.01
TS07-RE-4074,truck,54.5,80.8,2078,0.712,0.0255,clear,32.52
TS11-BG-3860,van,37.9,56.8,1056,0.627,0.0772,clear,12.87
TS09-GZ-1048,van,55.4,94.2,1159,0.537,-0.007,clear,21.39
TS11-NA-2049,van,35.2,80.9,1312,0.495,0.006,clear,11.45
TS07-HI-6770,van,49.8,23.5,1652,0.389,0.0056,clear,18.4
TS08-SH-3370,van,44.1,61.1,226,0.887,0.0546,rain,15.58
TS08-IV-3221,truck,32.9,60.2,2524,0.932,0.0651,fog,22.44
TS08-YQ-2714,bus,23.7,66.2,1733,0.764,0.0805,clear,18.04
TS11-EE-5004,bus,3.2,90.1,1570,0.288,0.088,clear,2.72
TS10-ET-2410,truck,17.3,52.8,6351,0.914,0.085,rain,15.33
TS10-CM-6760,van,57.3,18.4,904,0.819,0.0618,fog,30.55
TS08-PR-6850,bus,18.7,51.8,1076,0.124,0.0898,fog,10.55
TS08-UT-3936,van,45.9,77.4,2585,0.342,0.0131,fog,16.75
TS10-XV-7598,ev_van,32.0,41.8,1081,0.328,0.067,clear,3.49
TS10-UH-7487,bus,20.6,14.2,1267,0.73,-0.0108,fog,16.3
TS07-JY-3547,ev_van,59.5,37.2,1928,0.524,-0.005,clear,6.12
TS11-KF-1873,van,5.7,68.6,2040,0.267,0.0071,clear,1.67
TS09-LN-1388,ev_van,36.2,19.1,2374,0.231,-0.0077,rain,5.09
TS08-AH-9382,truck,29.3,43.2,7047,0.458,0.0959,clear,22.82
TS07-RA-6056,bus,7.4,23.0,4227,0.666,0.0359,rain,7.32
TS11-IF-6134,bus,15.2,51.5,1134,0.509,0.0888,rain,10.4
TS08-XW-6870,truck,42.6,23.7,3969,0.261,0.0372,rain,29.74
TS10-PT-5141,bus,9.2,21.1,889,0.62,0.064,clear,7.45
TS11-IA-7286,ev_van,48.7,69.9,1464,0.999,0.0186,clear,6.23
TS10-ZK-4822,van,38.6,25.1,2767,0.177,0.0941,rain,20.36
TS09-KU-4852,truck,8.7,24.8,230,0.528,-0.0158,clear,3.94
TS10-LF-9914,truck,19.3,61.2,7033,0.376,0.0637,clear,12.25
TS09-SP-4232,truck,10.8,15.6,4407,0.218,0.094,clear,9.06
TS11-JZ-4876,truck,48.5,14.7,1380,0.875,0.0746,rain,47.94
TS07-AZ-5749,ev_van,33.4,47.8,2168,0.958,0.0793,fog,5.78
TS08-VQ-6944,bus,3.2,42.3,3314,0.35,0.0159,rain,1.97
TS10-FC-7551,truck,33.9,57.2,3696,0.347,0.0342,rain,17.27
TS07-SD-3362,van,30.5,94.5,1599,0.092,-0.0037,rain,11.38
TS10-QU-6497,truck,39.7,48.1,1349,0.618,0.0252,clear,18.12
TS07-VF-2224,truck,5.0,59.8,1079,0.027,-0.019,clear,1.49
TS11-FN-5373,van,5.0,88.3,2052,0.496,0.0735,clear,2.48
TS10-BC-4739,van,22.9,52.1,2665,0.153,0.0944,fog,9.28
TS09-UP-2338,ev_van,42.2,76.8,1797,0.672,0.0641,clear,6.18
TS11-LZ-9906,van,41.0,57.5,2554,0.929,0.0772,fog,20.8
TS07-NK-5484,bus,18.9,64.9,5100,0.089,0.0416,rain,12.5
TS08-OM-2673,van,15.3,89.4,290,0.778,0.003,clear,5.46
TS08-DV-7095,ev_van,41.9,12.1,1973,0.831,0.0665,clear,9.6
TS08-KC-3608,van,4.5,86.8,2362,0.176,0.0159,clear,1.69
TS11-AD-8613,ev_van,34.7,53.3,1005,0.923,0.0351,rain,4.47
TS09-AM-7749,van,27.2,62.4,1348,0.621,0.0881,clear,11.04
TS08-JQ-6387,ev_van,16.6,49.4,1915,0.535,0.0248,rain,2.13
TS11-GH-2398,truck,32.7,33.7,7895,0.671,0.0147,clear,22.04
TS10-NJ-7259,van,15.4,17.5,2966,0.288,-0.0162,rain,6.6
TS08-FO-4926,bus,35.2,90.4,2948,0.025,0.0642,clear,26.45
TS09-LX-2943,van,11.5,63.8,2411,0.442,0.0058,fog,3.9
TS08-OB-2313,van,26.1,84.5,1505,0.743,0.0567,fog,12.54
TS09-NQ-2020,ev_van,32.1,36.1,2192,0.919,0.024,rain,5.05
TS11-ME-3804,ev_van,4.8,35.1,1694,0.43,0.0745,clear,0.65
TS08-LM-4903,truck,37.8,39.9,7506,0.264,0.0868,fog,28.42
TS09-XY-5408,van,45.8,31.2,2992,0.131,0.0083,rain,17.41
TS11-VV-3030,van,57.5,53.3,1125,0.935,0.0751,fog,23.0
TS09-JC-1675,truck,14.6,89.7,7839,0.231,-0.0017,clear,9.59
TS10-KV-7017,truck,14.9,84.7,5602,0.911,-0.0031,rain,10.83
TS07-VM-6092,truck,20.4,53.1,2057,0.184,0.0314,clear,7.82
TS11-QA-2595,van,53.8,40.9,209,0.018,0.0189,clear,11.68
TS09-AE-8124,bus,26.2,62.8,4166,0.224,0.0985,rain,21.04
TS07-EN-1820,ev_van,20.2,62.8,711,0.493,0.0765,clear,2.26
TS08-YQ-9670,bus,45.2,68.8,1542,0.349,0.0868,clear,30.82
TS08-QG-4407,ev_van,5.2,56.5,1470,0.908,-0.0037,clear,0.53
TS07-VE-2842,bus,34.3,14.2,379,0.545,0.0657,clear,27.38
TS09-LI-4212,van,28.7,18.3,1366,0.118,0.0525,rain,11.84
TS08-XP-9277,truck,38.6,92.8,6435,0.625,-0.0081,clear,26.93
TS11-QV-1996,van,44.7,73.9,276,0.389,0.0752,clear,13.98
TS11-MS-3207,van,21.5,90.7,1947,0.679,0.0825,clear,12.52
TS07-XL-2245,ev_van,39.3,40.2,564,0.786,0.0897,fog,5.45
TS10-BL-7339,van,32.9,56.4,2616,0.986,0.0928,clear,17.36
TS10-LJ-8544,truck,10.6,38.7,3247,0.577,-0.0071,clear,5.11
TS07-BE-8208,bus,53.3,87.4,4910,0.367,0.0859,fog,56.13
TS09-AE-1252,truck,46.0,35.9,5846,0.434,0.0934,fog,35.47
TS11-LB-2991,truck,55.5,69.6,7047,0.403,0.0629,rain,41.28
TS10-PV-1232,van,44.1,26.5,1647,0.451,0.0021,clear,14.56
TS07-AK-7543,van,17.0,20.7,1561,0.03,0.0281,clear,5.32
TS10-FR-6907,van,27.5,24.9,305,0.247,-0.0092,rain,7.74
TS07-TK-1533,ev_van,25.1,55.9,1428,0.988,-0.0195,rain,2.81
TS08-US-3415,van,5.0,82.1,1662,0.928,0.0904,fog,2.98
TS10-KL-1779,van,26.4,94.9,1898,0.048,0.0967,clear,13.37
TS11-VF-6045,truck,22.7,63.7,1222,0.98,0.0903,clear,14.84
TS10-NF-9716,truck,3.2,56.3,4412,0.792,0.0105,fog,1.8
TS08-IJ-9016,van,51.3,77.3,1471,0.003,0.0545,fog,16.51
TS09-SX-9355,ev_van,11.2,17.3,1571,0.913,0.04,rain,2.21
TS11-XY-9918,truck,31.6,79.2,5352,0.96,0.0395,clear,25.37
TS10-DC-8163,bus,47.7,74.9,2296,0.629,0.0314,rain,35.19
TS08-UY-6798,van,37.5,56.0,1611,0.788,0.0929,clear,16.36
TS10-HL-9685,truck,12.7,13.9,3282,0.333,0.0749,clear,10.37
TS11-FY-5495,bus,38.2,28.8,4640,0.572,0.0816,clear,36.28
TS11-NP-2456,ev_van,46.2,42.7,2032,0.732,-0.0158,clear,5.25
TS08-SV-1799,van,51.7,90.1,1020,0.561,0.0294,clear,21.54
TS07-SL-8636,truck,21.2,65.0,2224,0.305,0.0518,clear,10.3
TS07-JA-7384,ev_van,4.9,54.3,1760,0.649,0.059,clear,0.65
TS11-EI-8612,truck,37.7,52.5,6237,0.838,0.0874,clear,29.71
TS07-YX-2374,ev_van,15.9,76.7,225,0.836,0.0,clear,1.54
TS07-RA-5551,truck,47.5,38.9,3534,0.132,-0.0092,fog,19.93
TS07-NJ-7357,van,41.8,19.8,1062,0.445,0.0872,rain,20.66
TS11-MQ-6402,bus,47.1,68.2,4646,0.039,0.0408,clear,28.26
TS11-GG-4406,truck,58.1,39.3,1320,0.633,0.0447,rain,34.17
TS10-WH-1989,ev_van,36.3,39.0,1990,0.242,0.0868,clear,5.02
TS10-PJ-2658,truck,54.5,49.7,5359,0.93,0.07,clear,40.63
TS11-WT-6210,truck,39.6,32.1,6775,0.618,0.0677,clear,32.7
TS08-KB-3248,truck,13.4,88.5,7924,0.401,0.0023,fog,9.94
TS09-LC-9617,van,48.6,82.3,1534,0.731,0.0546,clear,21.0
TS08-NM-5224,van,42.5,94.3,2158,0.207,0.034,fog,19.75
TS11-TW-4411,ev_van,58.7,92.1,1833,0.091,0.0533,rain,9.25
TS08-LO-4032,truck,16.9,38.1,6788,0.087,0.0491,clear,9.94
TS09-DP-7423,bus,22.0,43.6,3205,0.583,-0.0168,fog,12.73
TS09-WZ-9149,truck,49.8,70.0,1040,0.889,0.0213,clear,26.59
TS07-WI-5065,van,6.6,13.3,2942,0.223,0.0349,rain,3.43
TS09-HW-6740,ev_van,39.1,94.5,331,0.76,0.04,rain,6.03
TS11-YK-7542,van,33.5,12.9,2895,0.038,-0.0081,clear,13.44
TS09-MT-7198,van,12.6,56.1,915,0.353,0.0878,clear,4.15
TS11-UQ-9272,bus,12.4,67.5,3056,0.654,0.0201,fog,8.9
TS07-TK-4898,ev_van,49.2,87.9,2387,0.826,0.0387,clear,8.88
TS10-HW-5498,bus,3.9,65.5,4125,0.943,0.0596,fog,3.43
TS08-IK-9483,truck,45.6,61.5,4767,0.633,0.0663,clear,28.86
TS07-NV-5248,bus,44.8,36.9,2090,0.463,0.0254,clear,26.31
TS09-JD-6754,truck,40.0,61.0,2481,0.061,-0.0045,clear,13.76
TS11-NL-2161,truck,26.3,74.2,456,0.276,0.0049,clear,10.34
TS11-WX-4230,truck,4.6,54.8,4773,0.923,-0.0002,fog,2.74
TS10-LG-2850,bus,48.7,76.7,2695,0.583,0.0093,clear,31.3
TS08-OD-7317,van,10.2,17.8,828,0.343,0.0524,rain,4.34
TS09-WH-1464,truck,19.0,39.8,3197,0.249,0.0443,clear,9.52
TS08-ZI-7333,bus,57.0,91.7,5657,0.114,0.0002,clear,42.01
TS11-HQ-2840,ev_van,20.2,38.8,2151,0.752,0.0618,clear,3.21
TS08-HR-8880,van,17.5,63.6,1405,0.412,-0.0124,clear,4.67
TS08-HV-5164,bus,58.5,55.2,5884,0.937,0.0892,rain,60.53
TS09-SD-8847,truck,7.9,89.7,3805,0.454,0.0479,clear,5.77
TS08-RL-7777,ev_van,12.2,25.5,1003,0.818,0.0509,fog,1.87
TS10-EE-8895,truck,28.0,36.8,3226,0.13,0.0143,clear,12.44
TS09-HD-2155,truck,47.9,83.6,7022,0.151,0.0414,rain,34.53
TS11-ZK-2814,ev_van,53.4,67.3,816,0.273,0.0312,clear,4.72
TS09-DO-6633,bus,46.1,57.1,1488,0.191,0.0941,rain,30.38
TS11-IF-2200,van,58.6,44.8,2890,0.977,-0.0109,clear,22.09
TS08-PB-7830,van,4.0,46.1,2256,0.808,0.035,clear,1.55
TS09-UM-2399,van,38.3,89.6,2339,0.348,0.075,rain,21.22
TS07-OO-8322,truck,9.6,67.7,5974,0.52,0.0453,rain,6.36
TS11-EI-2868,truck,54.9,89.1,5527,0.533,0.0478,clear,43.9
TS07-AC-5721,truck,56.3,92.7,912,0.607,0.0893,rain,44.9
TS07-FD-7517,truck,20.3,57.4,6079,0.104,0.0251,clear,9.01
TS10-ZC-2878,ev_van,50.2,62.6,773,0.349,-0.0198,clear,3.66
TS09-QD-2906,truck,38.9,66.5,1233,0.086,0.0911,rain,19.68
TS09-AK-7826,van,8.7,81.7,2952,0.919,-0.016,fog,3.73
TS09-LM-9520,van,37.4,66.7,278,0.403,0.0757,clear,11.12
TS09-NY-2417,van,58.6,21.5,289,0.727,-0.0032,rain,20.58
TS07-LI-2825,bus,20.6,90.2,1997,0.921,-0.0175,rain,16.36
TS07-WP-7217,bus,3.1,66.9,5096,0.309,0.0226,clear,2.04
TS07-IQ-5749,ev_van,58.7,84.2,2449,0.088,0.0837,clear,9.61
TS10-RK-8044,van,26.6,47.3,532,0.336,-0.0156,clear,5.8
TS08-CX-1202,van,27.6,51.4,1307,0.671,0.0115,clear,8.03
TS08-CG-4554,ev_van,43.6,69.2,1889,0.5,0.0135,clear,5.03
TS07-MY-2228,van,37.4,76.4,2007,0.075,-0.0086,rain,11.48
TS11-KP-4974,truck,20.2,18.5,2020,0.07,-0.0089,clear,9.18
TS08-CP-9249,van,8.7,45.8,1122,0.7,0.089,clear,3.29
TS09-PQ-4496,truck,50.2,75.9,4836,0.737,0.0634,clear,35.45
TS07-NW-3827,van,30.6,94.4,299,0.11,0.0173,clear,9.35
TS11-WG-6174,ev_van,41.3,13.0,1944,0.795,0.0086,rain,8.07
TS10-MS-9197,bus,52.0,34.0,1797,0.346,-0.0149,rain,29.05
TS10-VU-8314,bus,4.0,50.6,5004,0.068,0.0231,clear,2.31
TS11-FA-2377,truck,52.0,30.5,5533,0.334,0.0161,clear,30.69
TS08-RN-5217,ev_van,45.9,14.2,1684,0.73,0.09,clear,9.99
TS07-RJ-7844,truck,57.0,56.8,6185,0.656,0.0065,clear,31.91
TS07-HB-3561,truck,16.3,65.9,786,0.481,0.0286,rain,7.88
TS11-ML-3461,truck,21.4,46.5,2228,0.28,0.0618,rain,11.78
TS08-RZ-7719,truck,40.7,42.7,4270,0.418,0.0185,rain,22.27
TS10-MC-7513,bus,55.8,93.8,4708,0.382,0.0738,clear,60.38
TS11-NC-7415,bus,59.6,51.6,5125,0.39,0.0672,rain,47.53
TS11-FE-7648,truck,26.8,78.2,3180,0.49,-0.0157,clear,12.85
TS08-SS-3399,truck,33.7,35.8,6390,0.455,0.0827,clear,25.0
TS07-OK-8696,truck,12.7,80.9,1918,0.102,0.0237,clear,5.66
TS08-GW-7623,bus,42.6,80.4,678,0.29,-0.0085,rain,22.76
TS10-YU-8795,truck,50.7,34.2,2123,0.129,0.0638,rain,29.16
TS10-KB-6464,van,48.5,66.4,2729,0.602,0.0697,rain,23.14
TS10-ZR-6115,truck,22.7,68.6,4443,0.423,-0.0115,clear,10.53
TS09-CA-1408,truck,57.9,48.7,3955,0.672,0.0225,fog,33.52
TS11-UG-4812,bus,9.9,76.2,4511,0.088,0.0875,clear,7.56
TS09-GK-4128,bus,31.2,37.5,259,0.345,0.0603,rain,18.97
TS10-TC-5186,truck,34.6,52.2,1123,0.18,0.0441,clear,14.07
TS11-WU-7613,truck,33.6,94.2,977,0.092,0.0405,rain,20.09
TS07-ZT-8995,ev_van,46.2,26.8,480,0.773,0.053,clear,6.24
TS11-GA-6930,truck,37.7,24.3,3737,0.131,0.0584,clear,23.74
TS09-AH-9918,bus,7.4,23.8,1828,0.175,-0.0117,clear,4.07
TS08-GR-6982,bus,13.3,94.8,4757,0.367,0.0201,clear,12.07
TS08-WP-2444,truck,33.3,25.3,6745,0.293,0.0432,clear,22.98
TS08-WC-1110,bus,42.6,27.8,5565,0.92,0.0676,rain,53.46
TS10-LG-5247,van,32.3,69.7,749,0.989,0.0691,clear,12.56
TS07-JG-6276,van,23.3,75.0,1608,0.422,0.0527,fog,8.81
TS10-XB-3942,truck,5.9,55.7,580,0.201,0.0504,clear,2.37
TS08-PN-8896,truck,47.8,93.6,2071,0.498,0.0241,rain,32.19
TS11-UF-1366,truck,31.3,15.2,4998,0.496,0.0802,rain,31.51
TS11-YG-1419,bus,33.7,63.5,2650,0.466,0.09,rain,26.63
TS10-PX-6177,van,29.7,62.3,2134,0.02,0.0816,clear,9.73
TS10-UA-2335,truck,18.1,38.7,6746,0.128,0.0846,clear,12.27
TS10-EF-7768,truck,18.8,86.7,664,0.141,0.0891,clear,11.45
TS08-DA-5224,ev_van,6.6,57.9,2359,0.352,0.0042,rain,0.76
TS10-TX-6860,truck,43.3,32.4,531,0.581,0.0417,clear,21.46
TS10-FI-3735,bus,18.5,19.3,5894,0.878,0.0441,clear,22.85
TS07-ZG-5037,van,20.0,20.9,1985,0.223,0.0383,fog,8.55
TS08-BX-2976,truck,59.6,86.5,538,0.771,0.0818,rain,48.63
TS07-ID-9994,truck,25.0,32.8,3270,0.226,0.019,clear,12.07
TS07-HH-1237,truck,32.1,87.3,2214,0.033,-0.0006,clear,14.51
TS07-NG-1752,ev_van,25.0,22.0,2037,0.65,0.0129,rain,4.12
TS08-HL-9930,truck,19.5,93.7,1959,0.215,-0.0028,fog,10.53
TS08-ST-1455,truck,3.3,81.2,6644,0.92,0.0286,rain,2.74
TS09-LN-2544,truck,51.7,21.6,2636,0.933,-0.006,clear,31.01
TS09-DY-6283,truck,30.0,19.1,7915,0.105,-0.0095,fog,21.48
TS07-NY-7685,van,44.0,78.7,957,0.195,0.0341,clear,12.6
TS08-XE-3219,truck,57.6,18.5,5543,0.21,0.0521,clear,40.93
TS07-XS-5661,van,3.2,33.8,2441,0.911,0.0529,clear,1.6
TS10-GB-8611,van,41.5,78.5,806,0.078,-0.0089,clear,9.44
TS11-AB-6035,van,9.8,87.3,412,0.751,0.0966,clear,4.37
TS07-SY-3519,truck,29.1,75.7,4500,0.288,-0.0054,clear,12.75
TS08-WJ-3162,ev_van,51.3,85.9,1757,0.582,0.0593,clear,8.43
TS07-VY-1706,van,7.1,58.5,2488,0.177,0.0866,clear,2.55
TS11-ED-4428,truck,59.4,76.7,2328,0.807,0.0862,fog,45.71
TS09-WS-2301,van,36.1,40.6,2642,0.671,0.0415,rain,16.26
TS09-WR-3067,ev_van,25.5,77.2,2306,0.021,0.0133,rain,2.95
TS07-LM-4174,truck,4.1,68.4,6278,0.237,0.0793,rain,2.8
TS07-DN-9497,ev_van,36.4,59.7,217,0.466,0.0535,rain,3.61
TS09-LY-7212,bus,31.2,94.4,706,0.531,0.0749,clear,26.55
TS10-OT-5514,van,15.3,51.0,2994,0.827,0.028,fog,6.49
TS10-QT-9084,ev_van,31.0,63.4,1888,0.387,0.0896,clear,4.04
TS08-SA-5791,bus,3.7,54.3,3835,0.927,0.0916,clear,3.46
TS11-QG-6456,van,60.0,33.6,2724,0.194,0.0685,fog,25.67
TS08-LF-6622,truck,21.9,39.4,509,0.858,0.0931,clear,12.9
TS07-LY-7817,van,30.4,93.2,2321,0.904,0.0344,clear,17.6
TS09-ZA-9637,van,47.7,44.5,2033,0.627,0.0033,fog,15.81
TS08-VY-6415,truck,43.6,68.4,6816,0.968,0.0587,clear,34.8
TS10-TG-2602,bus,53.6,59.1,4712,0.411,0.0584,clear,38.07
TS08-MT-3315,truck,56.7,85.9,3982,0.699,0.039,fog,45.55
TS09-AA-9699,truck,13.8,74.9,754,0.01,0.0113,fog,5.29
TS11-WI-5622,truck,25.3,18.7,7293,0.275,0.0549,fog,22.73
TS10-GT-7236,truck,42.1,41.5,6155,0.566,0.0017,clear,23.8
TS09-LH-8229,truck,5.6,71.1,2980,0.876,0.0704,rain,3.97
TS11-ZU-4141,truck,43.9,25.4,7875,0.953,0.0888,rain,52.19
TS10-GX-3406,van,3.3,53.8,1071,0.579,-0.0,rain,0.93
TS09-CC-4546,van,55.1,38.4,1238,0.856,0.0784,clear,22.72
TS09-AW-2029,van,43.9,17.4,2929,0.799,0.0038,clear,22.28
TS11-HJ-2438,truck,35.2,94.8,5411,0.774,0.0401,clear,33.42
TS11-TC-1950,ev_van,27.4,89.1,2222,0.111,0.0915,fog,5.21
TS10-WC-2989,van,59.3,74.0,2686,0.479,-0.0101,clear,19.49
TS09-CH-1090,truck,45.0,28.7,4384,0.486,-0.0092,rain,26.5
TS09-SK-3309,truck,49.0,94.0,2282,0.787,0.095,clear,46.14
TS09-NE-2004,van,50.0,64.4,2573,0.586,-0.0009,clear,16.36
TS07-ZS-2128,truck,4.2,92.2,4115,0.82,0.021,clear,3.47
TS08-KE-8663,bus,6.1,15.5,3473,0.956,0.0351,rain,7.59
TS11-GA-3402,ev_van,14.3,26.4,1445,0.555,-0.0192,rain,1.69
TS09-VI-3459,truck,40.3,68.2,275,0.792,0.0026,clear,18.66
TS08-AA-4850,truck,38.6,87.3,558,0.561,0.0794,clear,25.54
TS10-AF-9187,ev_van,21.5,26.6,1618,0.626,0.0423,clear,3.09
TS11-QN-6246,van,58.5,38.3,2424,0.476,0.0273,clear,21.49
TS08-FJ-7298,truck,8.3,60.8,3765,0.96,0.0618,clear,5.69
TS10-RP-1544,ev_van,47.3,95.0,638,0.818,0.019,clear,6.95
TS10-WQ-6214,ev_van,30.4,78.4,1135,0.752,0.0326,clear,4.03
TS08-UL-3365,bus,26.9,88.7,4656,0.33,0.0992,rain,30.56
TS09-DY-7321,van,4.5,68.0,504,0.485,0.0729,clear,1.51
TS08-UB-4473,truck,44.5,84.8,4570,0.863,0.0465,clear,36.36
TS10-AS-8363,truck,47.0,54.1,5677,0.936,0.0432,clear,33.31
TS09-FT-4050,van,21.2,22.3,1364,0.998,0.0813,clear,11.57
TS10-QC-1899,truck,32.5,70.9,4890,0.734,0.0521,clear,21.88
TS07-BH-1231,van,37.6,61.9,2674,0.731,0.0207,clear,14.28
TS11-XE-3802,van,24.0,52.3,796,0.094,0.0301,clear,5.58
TS10-RP-9902,truck,38.1,34.8,1254,0.752,0.002,rain,19.55
TS10-RN-5725,van,27.7,77.1,370,0.347,0.0951,clear,9.8
TS08-NX-4391,truck,53.0,80.1,5864,0.865,0.0583,fog,47.4
TS07-PU-9628,ev_van,44.0,42.2,2271,0.011,0.0278,clear,4.51
TS09-UG-4817,truck,9.3,89.0,5585,0.934,0.0232,rain,8.77
TS09-IS-8950,van,48.6,42.7,2934,0.484,0.0888,fog,22.82
TS08-DV-8645,van,22.2,20.9,2183,0.128,0.0232,clear,8.4
TS11-GS-7439,bus,56.3,25.8,1873,0.601,0.0708,clear,44.99
TS10-UY-5292,van,37.4,53.0,916,0.692,0.0803,clear,13.52
TS07-EX-8602,van,4.6,18.6,2067,0.78,0.0892,clear,2.89
TS07-JG-3885,van,44.9,71.6,2092,0.702,0.0248,rain,19.18
TS10-NM-4915,van,10.5,78.0,1667,0.553,0.0718,clear,4.34
TS10-RB-2234,ev_van,53.0,57.6,1412,0.082,0.0192,fog,4.84
TS08-LZ-9024,bus,57.1,86.1,2617,0.863,0.0933,rain,67.45
TS10-AC-5115,bus,42.6,91.2,2230,0.983,-0.0187,rain,34.43
TS09-RD-8988,truck,33.4,49.1,5146,0.778,0.0484,clear,20.76
TS09-PB-8419,van,37.3,19.4,2293,0.035,0.0412,rain,15.64
TS09-FI-4174,bus,27.4,31.2,4918,0.756,0.0853,clear,28.96
TS07-YU-8972,bus,7.8,66.6,1985,0.27,0.006,rain,4.02
TS08-OL-5278,truck,55.9,45.7,6890,0.962,-0.0095,clear,34.42
TS09-LU-1529,ev_van,21.8,68.9,896,0.064,0.0816,clear,2.21
TS07-XW-8362,bus,20.8,67.3,1968,0.092,0.022,clear,10.58
TS08-LA-3514,van,13.9,62.2,2457,0.181,0.019,clear,4.27
TS10-IM-2108,truck,59.6,25.1,7761,0.753,-0.0074,clear,42.7
TS09-SO-6009,ev_van,56.7,35.7,2344,0.651,0.0904,rain,10.47
TS11-GH-6606,truck,22.9,43.4,1066,0.727,0.056,clear,12.68
TS09-ZB-2101,truck,17.8,80.4,2450,0.354,0.0631,fog,10.85
TS08-LX-5446,ev_van,48.9,68.6,1948,0.88,0.0878,rain,9.08
TS09-EL-5783,ev_van,27.1,65.5,2054,0.446,0.0813,rain,4.04
TS09-PL-2415,truck,58.2,67.8,4133,0.134,0.0342,fog,29.88
TS07-EQ-8706,bus,54.4,53.8,293,0.767,-0.0008,rain,28.09
TS11-IC-6672,van,46.3,15.3,1605,0.53,0.0607,clear,23.57
TS07-QJ-8551,ev_van,8.1,28.7,272,0.593,0.0581,clear,0.95
TS10-TK-8564,bus,43.0,23.6,1832,0.385,-0.0144,clear,26.15
TS09-QJ-5044,bus,59.3,17.3,4010,0.711,0.0879,clear,69.84
TS11-KA-4410,van,24.3,38.5,577,0.036,0.0202,fog,6.53
TS08-KB-2163,van,53.2,77.4,2195,0.491,0.0315,clear,20.78
TS08-LA-4504,van,26.3,21.6,1940,0.427,0.0417,fog,11.9
TS08-AG-3475,van,58.4,21.2,1403,0.746,0.0894,clear,30.08
TS07-TB-6200,truck,40.3,22.3,3103,0.266,0.0005,fog,23.29
TS10-UO-5883,ev_van,8.5,34.4,2304,0.234,0.0242,clear,1.01
TS10-WF-8163,ev_van,30.3,28.8,1472,0.32,0.0402,clear,3.86
TS09-CP-9792,van,5.8,13.2,2689,0.481,0.099,fog,4.4
TS07-AX-6370,truck,25.5,34.9,3417,0.21,0.0328,clear,13.15
TS08-UK-3986,truck,55.2,94.7,4838,0.684,0.0278,rain,50.36
TS08-PD-4258,van,16.2,39.9,2873,0.332,0.0922,clear,7.52
TS08-BT-1076,truck,57.2,29.5,1168,0.422,0.0594,rain,35.84
TS11-CJ-1885,ev_van,8.7,53.1,804,0.558,-0.0004,rain,0.79
TS08-PC-5732,bus,40.9,31.0,5517,0.377,0.0011,rain,32.34
TS10-LC-7226,van,58.0,58.5,1382,0.701,0.0573,clear,20.82
TS07-AL-3438,ev_van,40.3,45.3,826,0.656,0.036,rain,4.85
TS07-UP-9188,bus,54.2,86.4,5985,0.757,-0.0189,clear,46.35
TS09-LV-1733,truck,59.5,89.0,997,0.523,0.0338,clear,37.09
TS08-UH-8965,van,39.6,71.2,1912,0.367,0.0928,rain,17.38
TS08-KX-3189,van,47.6,29.9,2407,0.201,0.0697,clear,19.0
TS11-BG-6319,bus,4.8,51.3,4763,0.437,0.047,rain,3.68
TS09-XY-7100,van,27.4,37.4,1437,0.873,0.0034,clear,9.71
TS10-IU-6785,ev_van,19.4,78.3,301,0.121,0.0203,clear,1.61
TS07-VJ-5281,bus,50.0,14.4,5078,0.215,0.0996,rain,61.28
TS09-VG-4526,truck,41.6,67.0,6461,0.665,0.0591,rain,29.6
TS07-JC-6246,bus,38.0,38.8,1577,0.575,0.0132,rain,23.12
TS11-MX-9793,bus,56.1,51.9,2175,0.916,0.0686,fog,42.31
TS07-NN-4466,truck,8.1,38.8,4198,0.029,-0.009,clear,3.28
TS11-KB-5930,truck,57.4,42.3,1090,0.879,0.0245,fog,31.34
TS08-JN-7505,van,8.7,68.0,2498,0.725,0.0075,clear,3.18
TS08-JB-4456,truck,22.8,61.4,7392,0.776,0.0875,clear,19.17
TS09-QH-1547,ev_van,38.9,32.3,909,0.379,0.0682,rain,5.16
TS09-RC-5544,truck,22.5,15.6,7407,0.307,0.0397,clear,19.2
TS07-LQ-7472,truck,41.9,83.0,6447,0.014,0.0289,fog,25.92
TS10-TG-8615,van,47.2,52.9,2238,0.787,0.083,clear,20.7
TS08-JU-3943,ev_van,50.2,63.4,2429,0.162,0.0035,clear,5.12
TS07-SR-6235,truck,13.2,52.5,2732,0.226,-0.011,rain,5.14
TS07-QF-5999,truck,13.4,63.4,7342,0.277,0.0822,clear,9.06
TS09-UZ-2710,truck,6.0,64.0,968,0.87,0.0828,clear,3.75
TS07-OY-2422,bus,31.0,13.2,2972,0.288,0.0092,clear,23.42
TS09-KI-6975,bus,10.8,56.3,3402,0.426,0.0034,fog,5.91
TS08-MV-4415,truck,21.2,53.7,1158,0.747,0.0666,clear,11.18
TS07-XH-7954,truck,50.9,20.0,5951,0.892,-0.0028,clear,41.86
TS10-NC-9549,bus,57.1,73.9,2956,0.791,0.0546,clear,44.73
TS10-LW-8091,ev_van,49.9,31.6,1248,0.535,0.0641,fog,6.87
TS10-EQ-3571,van,3.0,16.5,1828,0.002,0.0546,fog,1.32
TS07-IC-1952,bus,35.4,78.7,981,0.158,0.0312,fog,18.19
TS10-NK-2730,truck,12.5,83.8,1760,0.254,0.0779,clear,7.38
TS10-QP-2710,truck,24.4,32.0,1609,0.414,0.0916,clear,15.77
TS07-DA-9720,truck,27.4,69.1,7625,0.362,0.0647,rain,19.75
TS08-RZ-9427,van,56.7,12.4,2365,0.514,0.0303,clear,30.1
TS08-MM-1300,ev_van,39.1,71.9,1417,0.412,0.0995,clear,5.46
TS10-OJ-6024,ev_van,18.3,50.6,1717,0.726,0.0339,fog,2.37
TS10-AQ-8750,ev_van,39.6,77.8,1695,0.052,-0.006,clear,3.61
TS10-QC-7701,ev_van,57.3,44.6,803,0.995,0.0019,clear,6.11
TS10-MP-6565,ev_van,6.4,41.1,399,0.843,0.0218,clear,0.69
TS07-GU-9762,truck,49.5,81.8,4529,0.335,0.0005,clear,25.85
TS08-KX-2460,truck,15.4,15.2,2252,0.397,0.0734,fog,12.27
TS08-BG-6724,truck,11.7,27.5,7013,0.964,-0.0183,clear,8.2
TS08-ZX-9061,van,54.2,46.2,861,0.936,0.0287,clear,18.47
TS10-SN-9914,truck,3.1,61.5,4668,0.393,0.0854,clear,1.92
TS07-SD-4052,van,45.2,12.4,1376,0.06,-0.0059,clear,15.43
TS08-PU-1717,van,8.0,59.7,2280,0.988,0.0491,rain,3.56
TS10-FC-4757,bus,38.2,43.4,5714,0.654,0.0921,rain,37.94
TS09-FK-9580,truck,38.4,64.3,3410,0.693,-0.0114,clear,18.06
TS08-ZV-4338,truck,52.2,87.3,546,0.275,0.022,clear,25.6
TS09-SM-4669,truck,49.9,48.6,5359,0.819,-0.0155,clear,25.7
TS08-DA-4032,ev_van,42.1,58.0,497,0.557,0.0619,clear,4.34
TS10-GE-3952,van,24.7,50.4,493,0.47,0.0301,fog,7.39
TS09-FF-2010,van,12.5,21.8,2052,0.741,0.0937,rain,7.84
TS08-FV-9150,truck,39.2,77.8,1002,0.372,0.063,clear,21.99
TS08-CC-3922,bus,31.3,85.5,947,0.429,0.0522,rain,24.47
TS09-NH-4190,bus,7.4,79.4,2747,0.652,0.0892,rain,7.28
TS08-NS-1390,van,57.5,90.7,1467,0.64,-0.0044,rain,23.71
TS09-QR-6070,van,20.9,50.8,2758,0.971,0.074,rain,11.15
TS09-RJ-6104,truck,3.1,66.1,2354,0.563,0.0676,fog,1.83
TS08-LD-4150,ev_van,54.4,26.0,1122,0.321,0.0608,clear,7.55
TS07-FK-5500,truck,35.9,93.1,5719,0.287,0.0566,clear,29.42
TS11-AX-3953,ev_van,44.8,60.2,2102,0.534,-0.0051,fog,4.88
TS10-RZ-1978,truck,11.7,33.7,2923,0.12,0.0777,clear,6.86
TS11-BW-6868,truck,26.1,78.8,5122,0.588,0.0562,rain,20.02
TS09-KC-8215,van,39.8,60.7,1948,0.39,0.0726,clear,14.78
TS10-YS-9612,truck,17.3,90.8,2565,0.352,0.0851,clear,13.22
TS11-LS-3378,bus,43.0,75.9,888,0.192,0.0451,fog,24.87
TS10-PL-6653,bus,16.3,84.8,4159,0.495,0.0948,clear,16.35
TS08-QM-3895,truck,14.9,57.4,2291,0.038,-0.0069,clear,5.19
TS11-BT-2889,van,3.7,54.9,1091,0.607,-0.0195,clear,0.91
TS08-EC-2114,ev_van,19.1,74.9,1516,0.286,0.0196,fog,2.21
TS11-YP-1124,ev_van,17.1,20.7,570,0.905,0.006,clear,2.21
TS11-PN-9526,truck,46.6,16.5,2084,0.526,0.0464,fog,36.55
TS09-JU-5743,bus,35.5,93.6,2787,0.781,0.0136,clear,32.56
TS10-SV-3854,truck,13.1,88.1,7052,0.851,0.0626,fog,13.89
TS07-MQ-8353,truck,35.4,91.3,6224,0.879,0.0934,clear,39.35
TS08-TV-8275,truck,15.9,17.2,2677,0.871,0.0723,fog,15.48
TS11-ZR-4332,ev_van,27.3,34.4,895,0.225,0.0304,clear,2.74
TS09-TG-6424,ev_van,53.6,86.8,2471,0.303,0.0983,clear,8.96
TS09-RK-7658,van,44.0,19.4,2029,0.708,0.0725,clear,24.27
TS07-TV-8970,bus,40.1,49.5,4176,0.538,0.0773,rain,33.7
TS11-JB-6880,bus,19.0,40.3,520,0.609,0.0046,rain,10.44
TS07-HS-6350,bus,10.1,85.0,809,0.678,0.0624,clear,7.98
TS10-TE-8118,bus,45.9,55.0,1908,0.114,-0.0115,clear,19.54
TS09-KM-5577,bus,35.4,36.1,5084,0.168,0.0082,rain,23.84
TS09-IF-2521,truck,38.5,55.5,7303,0.638,-0.018,rain,20.34
TS08-GN-9208,truck,58.6,21.3,1690,0.625,0.0646,rain,45.65
TS07-IB-9771,ev_van,22.9,72.7,1843,0.817,-0.0175,clear,2.71
TS10-GK-7506,bus,48.6,63.3,5270,0.694,0.0339,clear,37.36
TS11-OH-7271,ev_van,34.9,61.9,2221,0.208,0.0579,clear,4.16
TS10-QB-7360,truck,16.4,48.3,3779,0.07,0.0166,clear,6.68
TS07-XW-6070,van,6.0,36.4,925,0.391,0.0241,fog,1.92
TS10-BW-3437,truck,38.1,17.4,7659,0.371,0.0842,clear,37.15
TS08-SY-5446,truck,20.0,90.6,2357,0.767,0.0882,clear,17.6
TS09-OH-6368,truck,42.6,46.6,2171,0.671,0.083,clear,26.03
TS11-JU-7964,truck,42.9,53.2,1804,0.872,0.07,clear,25.59
TS11-SX-7427,ev_van,29.0,43.2,1425,0.504,0.0133,rain,3.3
TS11-SV-9012,truck,33.6,94.0,1036,0.289,-0.011,rain,18.35
TS11-PS-9702,van,38.7,78.1,1798,0.504,0.0386,rain,16.68
TS08-DW-6686,bus,29.7,19.9,5673,0.216,0.0909,clear,32.01
TS09-SA-5294,bus,53.0,62.5,3129,0.061,0.0068,fog,27.18
TS08-HZ-5949,bus,7.3,52.2,5799,0.5,0.0051,fog,4.87
TS07-JG-9181,truck,58.8,77.8,7264,0.414,0.0736,fog,46.62
TS08-JI-2581,ev_van,4.9,94.8,2022,0.032,0.051,clear,0.75
TS10-OL-4563,van,14.9,73.8,1903,0.721,0.0285,clear,5.89
TS10-CY-6083,van,43.4,83.8,2666,0.644,0.0835,fog,25.86
TS08-NW-2558,bus,7.8,53.7,3419,0.074,0.0499,rain,4.59
TS09-PV-6105,truck,17.9,43.0,1816,0.71,0.0904,clear,11.47
TS10-UX-4253,ev_van,11.8,65.4,2328,0.083,0.0242,fog,1.26
TS10-GV-9560,truck,44.2,74.2,4117,0.518,0.0333,rain,28.51
TS08-OV-1244,truck,36.0,30.9,7280,0.622,-0.0111,rain,24.58
TS10-VW-2770,truck,6.7,53.8,3267,0.499,0.0241,clear,3.23
TS10-UA-7345,van,29.2,21.4,1140,0.747,0.0016,rain,11.96
TS10-ZB-9689,van,14.9,30.0,2345,0.386,-0.0161,rain,5.27
TS09-HK-7897,van,58.2,85.2,1976,0.213,0.0107,clear,20.32
TS11-IZ-6662,van,9.2,24.0,1431,0.486,0.0389,rain,3.89
TS07-PU-1490,truck,37.1,79.3,7053,0.342,0.0097,clear,23.04
TS07-AO-1519,ev_van,30.5,42.9,1388,0.151,-0.0069,clear,2.62
TS11-DB-3318,bus,36.0,67.1,274,0.471,0.0342,fog,19.97
TS10-XG-5667,van,57.5,87.6,2141,0.201,-0.0023,clear,20.2
TS10-UD-8543,truck,22.5,76.8,693,0.47,-0.0097,clear,9.24
TS11-TN-4522,ev_van,45.7,80.6,1307,0.593,0.0952,rain,7.85
TS11-WN-7677,truck,28.5,33.7,1698,0.782,0.0371,rain,17.94
TS08-TC-9113,truck,40.7,42.0,2087,0.853,0.0763,rain,28.4
TS09-PE-5756,bus,23.8,72.8,5883,0.668,0.0005,clear,18.21
TS07-XT-5089,truck,15.9,76.5,1085,0.894,0.0354,rain,9.99
TS11-VD-1484,truck,7.8,77.6,6110,0.558,-0.0092,clear,4.25
TS08-AO-5754,van,8.8,73.4,1985,0.71,0.0294,clear,3.51
TS09-BX-9787,bus,57.7,31.2,1331,0.77,0.0792,clear,47.09
TS09-AK-7462,ev_van,47.9,36.0,2351,0.825,0.0871,clear,8.7
TS10-GV-9707,truck,17.0,90.2,1771,0.752,0.0423,rain,12.67
TS09-JN-1245,van,33.2,58.0,1644,0.902,0.0144,clear,11.07
TS09-AA-5979,bus,43.7,74.6,4785,0.473,0.068,fog,37.82
TS09-ZN-9816,van,23.1,61.7,2338,0.953,0.0567,fog,10.59
TS11-IY-5343,van,28.1,88.7,1095,0.4,0.0365,clear,10.68
TS09-CF-5699,bus,43.9,84.1,5068,0.07,0.037,rain,33.81
TS08-PC-3259,ev_van,16.0,33.7,2413,0.182,0.0392,rain,2.33
TS10-PZ-9096,truck,33.0,85.4,3897,0.558,0.0207,clear,22.26
TS11-AP-3060,truck,15.0,36.9,5288,0.015,0.0423,clear,7.8
TS08-FL-2114,van,3.2,48.6,1221,0.157,-0.0131,rain,0.77
TS09-EN-6632,van,42.3,82.7,1191,0.374,0.0484,clear,16.51
TS07-CU-7646,truck,43.3,38.9,3864,0.624,0.0395,rain,29.2
TS08-XF-9338,bus,59.8,36.1,1343,0.166,0.0305,clear,30.38
TS07-RA-2776,ev_van,13.3,67.5,1786,0.575,0.0189,clear,1.55
TS09-CL-3087,van,45.2,95.0,664,0.663,0.0546,clear,21.04
TS07-ZZ-9660,ev_van,57.0,22.9,212,0.764,0.0382,clear,7.17
TS07-JI-3931,bus,39.7,70.2,2749,0.66,-0.0079,rain,24.65
TS09-NM-3624,van,57.9,55.7,414,0.25,0.0249,rain,14.68
TS11-ZI-2990,truck,59.7,46.1,4587,0.997,-0.0108,clear,32.91
TS09-JZ-4863,ev_van,48.7,74.2,1397,0.888,0.0255,fog,6.77
TS07-DB-4445,bus,60.0,58.1,996,0.374,0.0439,clear,32.68
TS08-WX-2263,van,38.7,78.2,889,0.029,0.0269,rain,10.98
TS11-PH-4659,bus,31.3,73.7,342,0.529,0.021,clear,17.19
TS09-EW-1111,van,55.3,93.8,1863,0.865,0.0137,clear,26.85
TS07-HD-1556,van,50.4,79.3,1020,0.822,0.0258,fog,19.97
TS08-JD-8291,bus,9.3,17.5,4335,0.898,-0.0117,fog,9.13
TS11-SN-9525,ev_van,20.3,76.7,1649,0.97,0.0993,clear,3.77
TS08-LA-7369,bus,17.9,65.9,2367,0.713,0.0466,clear,12.06
TS07-RU-2953,van,51.7,19.5,261,0.162,0.0563,rain,19.16
TS10-HK-5767,truck,16.3,62.3,2697,0.036,0.002,clear,6.24
TS08-UK-5155,bus,20.3,74.3,2084,0.151,0.0908,fog,13.92
TS11-FL-9940,bus,32.6,28.4,2130,0.201,0.0485,clear,21.57
TS08-DH-9602,truck,7.3,48.1,7637,0.061,0.0297,clear,3.88
TS10-VG-8549,truck,57.8,57.0,1484,0.453,0.0656,clear,28.5
TS08-UW-2873,van,31.0,46.3,956,0.784,0.0165,clear,10.04
TS11-QT-7809,van,13.9,84.7,2531,0.004,0.0922,fog,6.88
TS07-TF-3443,van,18.4,26.0,2790,0.804,0.0003,rain,9.24
TS07-EZ-3952,truck,48.5,76.0,3853,0.925,0.08,clear,39.47
TS08-MS-6163,truck,39.1,76.6,4412,0.152,0.096,clear,23.92
TS09-VM-7920,truck,29.5,49.2,612,0.021,0.039,clear,10.4
TS11-RA-3371,van,21.9,56.8,2463,0.479,0.0852,rain,9.77
TS10-MH-4018,ev_van,54.3,24.7,1567,0.869,-0.0114,clear,7.1
TS07-GU-1092,truck,47.0,28.2,3936,0.737,0.0545,clear,35.29
TS11-IV-3304,van,43.9,56.1,1047,0.035,0.0227,rain,10.16
TS11-OW-1560,truck,28.4,30.6,3661,0.673,0.0237,rain,19.36
TS10-HJ-1402,truck,58.9,78.9,5935,0.818,0.034,fog,46.06
TS11-QZ-6113,truck,43.5,63.1,830,0.271,0.0516,clear,18.64
TS07-IL-2325,truck,27.1,16.7,4153,0.653,0.0539,clear,24.52
TS11-YO-6258,van,57.8,41.7,297,0.494,0.0134,clear,14.67
TS10-RB-5781,ev_van,54.1,83.2,1976,0.206,0.0261,fog,6.76
TS10-UP-9066,truck,45.2,35.0,1846,0.902,0.0099,clear,25.1
TS09-JL-7209,bus,46.7,71.7,5440,0.223,0.0559,clear,35.06
TS11-FH-6866,van,27.1,19.8,1533,0.84,-0.0078,clear,11.16
TS10-KQ-1061,ev_van,31.9,89.2,1252,0.702,0.0308,clear,5.12
TS08-YO-8815,van,13.9,49.3,1209,0.221,0.0974,clear,4.67
TS08-HZ-9978,truck,36.9,52.8,4228,0.711,0.0987,rain,28.72
TS11-IU-5129,van,24.1,59.3,1146,0.026,0.0422,clear,6.2
TS11-WL-3741,truck,22.8,42.2,3007,0.236,0.0097,rain,10.98
TS11-LL-6989,ev_van,57.0,72.2,650,0.285,0.05,fog,5.92
TS11-DZ-4800,bus,12.4,13.2,2202,0.889,0.0386,clear,12.25
TS07-IM-7090,van,50.3,25.5,2473,0.915,-0.0149,clear,21.9
TS09-DM-3094,truck,19.0,27.7,2116,0.271,0.0987,fog,13.09
TS08-SU-2405,bus,4.6,64.7,4963,0.475,0.0193,clear,3.13
TS10-KI-7415,ev_van,5.3,85.9,2181,0.982,0.0279,clear,0.92
TS08-TK-1853,van,27.5,17.3,2066,0.666,0.0416,clear,14.6
TS10-WO-7515,bus,28.9,82.8,378,0.07,0.0856,clear,16.95
TS07-IJ-7873,ev_van,21.3,80.0,1490,0.391,0.0759,rain,3.21
TS08-SH-6407,ev_van,41.1,18.4,2116,0.421,0.0047,rain,6.3
TS08-OC-7611,truck,30.7,23.9,3053,0.306,0.066,clear,20.65
TS07-ZV-6206,bus,7.2,41.1,1840,0.52,0.0849,clear,5.01
TS11-VD-7697,bus,22.8,21.5,2064,0.736,0.0657,clear,20.15
TS08-WW-9589,van,8.8,74.9,1385,0.692,-0.0033,clear,2.77
TS09-FD-2488,truck,6.6,53.8,747,0.352,0.0447,rain,3.11
TS11-PJ-5043,truck,14.9,46.1,2054,0.737,0.0806,rain,9.86
TS07-OL-8181,ev_van,42.9,72.2,1688,0.534,0.0035,fog,4.84
TS07-YB-4756,ev_van,42.7,36.3,1287,0.77,0.0446,clear,5.79
TS08-SR-2770,van,52.1,84.3,893,0.114,0.0603,clear,18.51
TS09-NM-1196,ev_van,46.1,66.3,2341,0.405,0.0562,rain,6.77
TS07-NG-5907,van,33.5,40.8,1028,0.395,-0.0072,clear,7.97
TS07-TE-6844,van,20.8,56.8,562,0.352,0.0133,clear,5.04
TS11-JD-1051,van,3.3,33.5,758,0.698,0.0463,fog,1.24
TS08-DW-9756,bus,39.9,93.8,1920,0.557,0.0051,rain,30.43
TS11-XP-3925,bus,19.5,48.2,3231,0.386,0.02,clear,10.7
TS09-GV-4927,truck,17.3,86.4,717,0.536,0.0298,rain,10.79
TS08-RJ-4211,van,58.6,93.2,2594,0.704,-0.0184,clear,26.65
TS08-BA-4624,truck,12.9,56.5,7044,0.675,0.0413,clear,8.49
TS11-GQ-3924,truck,4.8,72.6,2683,0.761,0.0994,clear,3.38
TS08-EO-6928,van,57.1,59.5,2371,0.851,0.029,clear,22.99
TS08-NM-3437,bus,20.4,19.6,3678,0.739,0.0129,clear,17.32
TS10-OB-5433,truck,25.4,91.1,6794,0.18,0.0104,rain,17.87
TS08-UH-9602,van,7.6,49.9,976,0.847,0.0418,clear,2.56
TS10-DK-8954,ev_van,26.0,86.2,1604,0.332,0.0347,clear,3.33
TS08-SU-7232,truck,58.4,66.4,767,0.666,0.0834,rain,34.76
TS07-JJ-4094,truck,42.6,20.7,274,0.991,0.0567,clear,32.19
TS11-AO-9838,truck,30.0,46.6,7023,0.295,0.0278,rain,17.52
TS11-PZ-4620,van,20.5,28.3,1025,0.27,0.0263,rain,7.18
TS10-OB-1364,van,23.9,26.1,1447,0.182,0.0457,clear,8.71
TS11-EJ-6609,truck,37.8,71.4,2008,0.984,0.0104,clear,20.62
TS09-NZ-8082,van,17.5,14.5,2655,0.427,0.0307,clear,8.69
TS11-RZ-6412,truck,11.7,92.2,3199,0.784,0.0142,rain,9.22
TS09-VW-1614,bus,42.7,49.3,1239,0.049,0.0419,clear,18.61
TS11-RX-7439,ev_van,52.6,52.6,1598,0.18,0.0456,rain,5.67
TS11-HE-2760,truck,54.4,36.9,1803,0.063,0.0816,clear,27.4
TS08-FL-2783,truck,51.0,19.1,2233,0.816,0.0101,clear,35.29
TS07-NU-2220,bus,33.2,60.8,4102,0.107,0.0886,clear,22.26
TS09-RS-1945,van,48.0,40.6,2886,0.923,0.0442,clear,22.23
TS10-AG-3873,ev_van,55.8,63.8,1936,0.664,0.0672,clear,7.67
TS11-EU-9896,ev_van,4.3,58.1,486,0.91,0.0534,rain,0.52
TS11-HC-2998,truck,26.5,30.0,2638,0.409,0.0795,clear,17.48
TS10-FQ-4364,truck,14.6,50.3,6412,0.526,0.0596,clear,9.56
TS10-PP-8036,van,59.8,37.6,970,0.028,-0.0187,rain,13.79
TS11-JN-6633,truck,56.0,31.9,5973,0.466,0.0268,clear,36.53
TS11-MJ-8617,ev_van,48.7,75.9,1285,0.591,0.0926,clear,7.21
TS11-OC-3608,van,19.9,13.0,2676,0.101,0.0342,clear,9.04
TS09-SR-8379,truck,57.3,34.3,3001,0.981,0.0794,clear,42.3
TS07-MS-9883,van,4.7,56.1,2817,0.004,0.0843,clear,1.7
TS07-WA-2772,truck,13.7,51.5,3378,0.267,0.0199,fog,6.08
TS11-UZ-6407,bus,38.2,90.0,4412,0.616,0.0829,clear,42.04
TS10-NN-5624,van,48.2,82.0,747,0.498,0.0253,clear,15.97
TS08-WJ-6497,bus,53.4,74.4,3279,0.239,-0.017,clear,26.49
TS10-NP-1439,van,20.1,54.7,1068,0.987,0.0633,rain,7.91
TS08-LK-9171,van,25.3,47.6,236,0.189,0.0784,clear,6.62
TS11-SJ-1458,ev_van,28.9,15.0,1206,0.568,0.0342,rain,4.64
TS10-WM-8439,ev_van,4.5,80.2,597,0.116,0.0008,clear,0.39
TS11-OF-1201,bus,52.2,47.7,5760,0.056,0.0538,rain,37.4
TS10-OD-1491,truck,22.3,38.6,6507,0.488,0.0686,fog,16.22
TS11-II-6659,van,14.4,62.4,2271,0.805,0.0586,clear,5.86
TS08-XR-4219,ev_van,26.3,74.6,1243,0.531,0.0227,fog,3.23
TS08-WP-9264,truck,43.5,55.4,2221,0.294,0.0242,fog,19.64
TS08-AX-3154,bus,52.6,24.4,2081,0.017,0.0459,clear,32.39
TS11-SG-7810,bus,15.3,88.5,1385,0.941,0.0032,clear,11.92
TS07-KJ-6910,truck,12.8,21.4,4505,0.212,0.0815,rain,10.38
TS09-PM-7657,van,56.8,92.5,2472,0.575,-0.0077,rain,27.3
TS07-SB-1772,bus,34.4,48.7,1287,0.016,0.0384,rain,16.4
TS10-EU-2194,van,23.8,90.6,213,0.097,0.0831,rain,8.78
TS07-YE-9220,van,14.4,87.9,552,0.17,0.0435,clear,4.52
TS08-UY-2050,van,59.7,45.7,1491,0.112,0.0713,rain,21.32
TS08-OW-2684,bus,44.0,78.4,308,0.531,0.0087,clear,22.99
TS07-JF-3403,truck,15.4,19.5,3345,0.397,0.0335,rain,11.13
TS07-VU-2299,van,8.2,18.9,511,0.801,0.0656,clear,3.88
TS09-QQ-9854,van,14.4,41.5,502,0.116,0.0866,rain,4.53
TS10-RA-1713,bus,17.1,62.6,4333,0.431,0.0572,rain,13.07
TS10-XK-6787,ev_van,9.3,12.8,2499,0.428,0.0091,clear,1.58
TS08-LT-6936,truck,16.1,54.8,1717,0.231,-0.0024,rain,6.41
TS07-WY-5293,ev_van,9.7,93.0,728,0.096,0.081,rain,1.38
TS08-NU-5071,truck,24.5,83.3,2512,0.011,0.0465,clear,12.4
TS07-BV-8082,truck,30.7,31.3,6324,0.019,0.0021,clear,14.22
TS10-DE-4550,bus,29.0,55.8,3134,0.399,0.0383,clear,16.44
TS08-KO-3520,truck,50.3,26.2,4651,0.054,-0.0048,clear,23.48
TS07-KS-6561,truck,17.5,33.9,4463,0.395,-0.0074,rain,9.64
TS08-IP-2552,truck,53.6,88.6,7511,0.437,0.0904,clear,51.12
TS11-WA-9736,bus,54.8,94.8,402,0.445,0.0454,rain,45.73
TS07-LR-3942,van,57.7,32.1,642,0.192,0.0099,clear,15.2
TS08-BS-1331,truck,13.3,29.6,3180,0.499,0.0858,clear,9.46
TS09-KZ-9371,van,17.0,43.9,1566,0.392,0.0999,rain,6.91
TS11-SO-4143,van,38.6,49.0,519,0.99,0.0861,clear,14.86
TS07-ZK-4858,truck,11.0,19.4,7167,0.045,0.0697,fog,9.1
TS07-HQ-4836,truck,7.9,24.3,5487,0.054,0.0954,clear,6.16
TS09-FC-8969,ev_van,7.2,47.3,2344,0.825,0.0037,rain,0.96
TS09-JH-6921,van,37.6,31.5,2834,0.266,0.0853,rain,19.25
TS09-KY-9114,bus,48.9,82.1,3173,0.184,0.023,rain,33.6
TS07-QZ-5393,van,17.8,74.4,2588,0.874,-0.0161,rain,7.03
TS07-DR-9116,truck,56.2,56.5,5947,0.533,-0.0161,clear,27.55
TS07-OM-3565,bus,48.1,47.9,2291,0.616,0.0025,rain,29.96
TS10-WG-1489,van,7.4,81.0,2041,0.008,0.0735,clear,2.81
TS08-IS-5830,truck,26.2,25.8,7631,0.261,0.0876,rain,23.27
TS07-IT-5290,van,6.9,85.7,2339,0.259,-0.0046,clear,2.46
TS09-GI-2170,bus,55.2,16.1,4315,0.761,0.0814,clear,68.53
TS07-AQ-2418,van,45.3,88.6,821,0.386,0.0707,clear,19.93
TS09-YS-6178,bus,42.1,23.5,5021,0.577,-0.0137,clear,33.01
TS07-MX-4458,bus,41.9,79.4,2460,0.932,0.0678,clear,36.53
TS11-SG-2271,truck,19.3,13.5,5068,0.985,-0.0154,clear,16.26
TS07-HI-6902,truck,56.2,79.7,5486,0.127,0.0115,clear,30.31
TS09-MS-7930,van,55.6,60.5,1643,0.556,0.0437,clear,19.42
TS10-XJ-8409,truck,45.2,13.6,1492,0.699,0.0891,clear,40.56
TS09-ED-1823,truck,29.7,76.3,5640,0.782,-0.0074,rain,19.98
TS11-EV-8050,truck,5.7,20.4,2128,0.92,0.0218,fog,4.31
TS09-XX-9328,truck,4.6,56.8,2270,0.728,0.0492,clear,2.49
TS09-HB-8562,van,10.9,39.6,555,0.69,0.0688,clear,3.85
TS11-NB-8404,bus,37.0,75.0,3796,0.054,0.0898,clear,26.49
TS08-OR-2312,ev_van,48.5,82.8,470,0.545,0.0363,rain,6.1
TS07-CY-9614,truck,57.1,50.5,2893,0.599,0.0809,fog,35.99
TS09-LK-4154,van,13.0,74.9,2691,0.696,0.054,clear,6.0
TS09-JQ-4410,bus,18.7,88.1,2828,0.583,0.0045,clear,13.73
TS10-YF-1564,bus,6.1,69.2,5388,0.409,0.0496,clear,4.65
TS09-DG-8106,ev_van,59.4,38.7,1333,0.487,0.0177,clear,6.02
TS09-OU-2156,ev_van,47.5,50.5,611,0.967,0.0644,clear,5.99
TS09-AM-3017,ev_van,30.4,31.1,1946,0.329,0.0141,rain,3.93
TS11-GF-1127,truck,35.8,50.0,2957,0.784,0.0115,clear,17.81
TS07-FF-7644,truck,35.0,32.4,7738,0.607,0.0934,clear,31.97
TS11-WY-9083,van,17.5,79.0,934,0.444,0.089,rain,7.39
TS09-KQ-3874,truck,13.6,62.6,6613,0.414,0.0342,rain,8.41
TS10-ZF-7923,van,19.9,64.6,1583,0.537,0.0719,clear,7.52
TS11-NJ-3292,van,17.1,21.2,2558,0.8,0.0978,rain,12.56
TS07-IT-5637,van,34.8,12.1,713,0.122,-0.0094,clear,11.14
TS08-OV-1123,van,20.6,77.5,1974,0.911,0.0527,clear,9.46
TS07-YT-6179,van,44.5,57.0,517,0.774,0.0104,clear,12.1
TS11-PN-2903,truck,35.4,89.3,6483,0.349,0.076,clear,31.24
TS11-TH-7634,truck,33.3,56.6,2038,0.01,-0.0078,clear,11.1
TS10-CE-6354,van,57.2,29.8,1397,0.105,0.0747,rain,22.84
TS10-RJ-8519,bus,21.4,70.0,4005,0.144,0.0041,fog,12.26
TS09-FC-8897,truck,39.2,70.2,3930,0.104,0.0347,clear,19.1
TS10-LF-1868,bus,3.0,17.4,4718,0.103,0.0777,clear,3.03
TS07-CN-2780,van,45.0,69.6,2127,0.96,-0.0119,clear,15.27
TS07-HS-5467,van,31.6,29.6,565,0.658,0.0914,clear,14.1
TS07-TM-2680,van,14.9,33.1,2366,0.821,0.0061,rain,6.66
TS10-ZO-2453,bus,3.1,14.6,2656,0.563,0.0401,clear,3.1
TS08-PZ-9359,truck,43.3,64.1,4863,0.619,0.0681,rain,29.6
TS11-VO-6830,bus,40.8,72.7,1456,0.881,-0.0052,clear,24.23
TS10-SQ-2207,truck,40.9,31.1,3500,0.262,0.053,rain,25.75
TS11-AL-4906,van,27.9,77.8,2488,0.695,0.0419,clear,12.92
TS11-CM-4219,van,39.4,75.2,2794,0.899,0.0503,clear,19.96
TS07-FK-9246,truck,35.6,46.0,7522,0.936,0.0595,clear,28.6
TS08-WT-8369,truck,16.6,17.7,5661,0.444,0.0305,rain,14.22
TS11-ST-2386,truck,32.6,35.3,816,0.857,0.0159,clear,16.86
TS10-BT-6884,ev_van,32.3,25.7,1218,0.504,0.0021,clear,3.69
TS10-QJ-4324,van,49.9,91.6,741,0.258,0.0927,clear,21.94
TS09-MI-5401,truck,27.7,79.9,5641,0.251,0.0282,clear,16.25
TS09-GQ-3827,ev_van,27.9,18.5,571,0.452,0.0139,clear,3.3
TS08-KC-6428,bus,59.1,54.6,5870,0.258,-0.0137,clear,31.09
TS10-YH-5845,bus,54.0,34.2,1328,0.03,0.0701,fog,32.37
TS09-TQ-8262,ev_van,16.8,14.7,321,0.106,0.0433,rain,2.06
TS11-CJ-6877,truck,54.9,38.8,6780,0.849,0.0029,clear,35.33
TS09-ME-6151,truck,10.9,22.6,1778,0.883,0.0872,clear,8.71
TS10-AP-9155,van,51.6,30.5,267,0.873,0.0921,clear,21.81
TS09-YJ-1031,truck,13.4,39.1,4475,0.554,0.0857,fog,10.01
TS10-FA-2621,van,27.3,45.9,2914,0.935,0.0473,clear,12.42
TS11-UH-6382,truck,59.1,50.9,2286,0.499,0.0248,clear,26.64
TS08-EZ-8324,truck,8.5,55.2,3388,0.463,-0.0006,rain,4.12
TS08-JV-5147,truck,50.9,42.7,2050,0.474,0.0253,clear,24.72
TS08-KL-5691,bus,31.2,53.4,3436,0.254,0.0535,clear,19.26
TS07-ML-3470,truck,9.3,46.7,2718,0.614,0.0072,clear,4.31
TS08-LJ-9174,truck,57.3,92.0,4813,0.449,0.0357,clear,42.51
TS09-NG-9246,ev_van,34.3,17.6,1299,0.975,0.0488,clear,6.27
TS07-OE-7918,truck,53.2,60.6,7446,0.172,0.0678,fog,33.89
TS08-HB-8112,bus,52.5,28.1,4086,0.077,-0.009,clear,28.35
TS08-GV-1175,truck,3.8,43.2,5524,0.351,0.084,fog,2.52
TS09-ED-1194,bus,18.1,57.4,3022,0.216,0.0347,clear,10.3
TS07-YL-9998,truck,22.2,75.1,2565,0.992,0.0498,rain,16.33
TS08-TC-1973,van,33.5,93.2,1079,0.559,0.0928,rain,19.66
TS07-XR-7693,truck,7.1,53.0,4131,0.36,0.0002,rain,3.47
TS11-IS-5519,ev_van,25.2,33.3,641,0.643,0.0861,rain,3.61
TS09-RM-1216,ev_van,49.4,77.7,505,0.453,0.0765,clear,5.87
TS07-NO-7590,truck,12.9,30.4,3104,0.209,0.0993,rain,9.27
TS09-EJ-4993,truck,43.0,54.2,1218,0.395,0.0272,fog,19.47
TS11-NQ-7619,truck,29.2,82.3,2000,0.286,-0.0048,clear,13.74
TS08-ZR-8633,van,7.0,45.5,1698,0.638,-0.0183,clear,1.98
TS10-QA-6252,truck,13.1,58.2,6363,0.817,0.0751,fog,10.33
TS07-PS-5906,ev_van,11.0,21.9,717,0.263,-0.0036,fog,1.15
TS08-BR-7283,van,38.3,16.6,2417,0.621,0.0167,clear,19.01
TS09-SU-5611,van,8.0,93.9,244,0.708,0.0985,rain,4.24
TS07-WM-7051,bus,49.9,26.8,5983,0.37,0.0331,fog,44.86
TS11-JQ-1177,ev_van,49.0,39.9,1389,0.488,0.0077,clear,5.02
TS11-BO-4165,truck,7.6,53.9,3912,0.359,0.0704,clear,4.17
TS07-MY-2501,bus,53.6,43.1,3973,0.373,0.0126,clear,32.69
TS08-ED-3071,truck,57.7,20.1,3906,0.446,0.0437,clear,39.72
TS09-UR-7940,ev_van,5.5,28.3,1138,0.295,-0.0011,clear,0.56
TS10-JX-2551,van,57.2,53.0,1239,0.488,0.0353,fog,17.67
TS10-CT-1784,van,18.9,48.4,2938,0.752,-0.007,rain,7.03
TS08-KS-1409,truck,40.9,78.3,6920,0.394,0.0728,rain,32.79
TS08-IT-9652,ev_van,13.0,37.9,1356,0.945,0.0238,clear,1.71
TS10-NI-8402,bus,49.6,90.0,5051,0.218,0.0183,clear,37.06
TS07-DF-3412,bus,51.0,35.5,1065,0.45,0.0993,clear,36.56
TS09-YQ-4451,ev_van,58.8,39.5,1418,0.602,0.0796,rain,8.8
TS08-QG-9784,bus,59.6,90.8,2811,0.543,0.0465,clear,51.07
TS09-OX-3747,bus,7.3,81.8,2084,0.947,0.0933,clear,7.18
TS09-NH-1491,van,40.5,38.3,2772,0.324,0.0054,rain,14.07
TS08-CR-1064,truck,18.6,44.8,6693,0.378,0.0488,clear,11.4
TS08-WO-7040,truck,10.2,81.9,7275,0.596,0.0915,clear,9.03
TS10-HQ-2990,truck,11.5,19.1,5155,0.596,0.0484,clear,10.16
TS10-RW-9274,truck,56.4,36.5,3135,0.787,0.017,fog,34.76
TS07-HO-3893,ev_van,42.0,56.1,1941,0.795,0.0774,clear,6.27
TS10-WG-9039,van,5.9,80.8,504,0.011,-0.0033,clear,1.33
TS11-XB-3638,bus,59.1,58.9,5148,0.764,-0.0018,fog,41.25
TS07-DB-4959,bus,49.0,52.7,367,0.718,0.0677,fog,31.03
TS07-HZ-8953,bus,20.6,91.9,4946,0.586,-0.0117,clear,17.4
TS11-AR-6704,van,29.8,21.7,2171,0.317,-0.0139,rain,11.48
TS07-XK-9789,ev_van,44.4,76.7,403,0.907,0.0255,fog,5.39
TS07-QD-9548,ev_van,41.5,22.5,538,0.738,0.0277,clear,5.43
TS10-BF-4233,bus,29.4,72.8,2824,0.257,0.0364,rain,19.12
TS07-AY-9829,truck,32.2,57.1,2539,0.305,0.0689,clear,16.43
TS09-XR-1252,bus,5.5,34.0,5230,0.71,0.0483,rain,5.22
TS10-AV-4302,van,31.5,57.1,740,0.918,0.0656,clear,11.01
TS07-GR-8621,bus,22.4,85.0,2619,0.491,-0.014,rain,15.94
TS09-EX-8115,van,19.2,51.2,929,0.879,0.0179,rain,6.55
TS09-OZ-4396,van,18.4,12.5,556,0.382,0.096,clear,9.54
TS07-DP-9978,truck,40.0,16.7,2226,0.395,0.0313,rain,27.94
TS10-QI-4954,truck,27.5,64.5,6908,0.686,0.0067,clear,17.48
TS07-JQ-9150,bus,27.3,68.3,4350,0.051,0.0991,clear,19.63
TS11-VA-8299,truck,12.1,45.3,7331,0.139,0.0294,fog,7.02
TS08-QY-8990,truck,57.8,32.2,3361,0.728,0.0375,fog,38.92
TS10-HN-7332,van,15.8,71.4,873,0.242,0.0069,rain,4.35
TS09-KK-6399,bus,26.1,37.2,353,0.175,0.0588,fog,14.36
TS07-ZC-9859,truck,13.8,18.1,4062,0.089,0.0049,clear,7.64
TS07-NK-6164,van,43.1,46.0,311,0.225,0.0532,clear,11.49
TS09-XA-9869,van,27.9,56.7,212,0.25,0.0709,fog,7.8
TS10-UD-1586,truck,26.6,92.1,4917,0.341,0.0583,fog,22.56
TS08-IU-9068,van,52.9,61.2,662,0.938,-0.0092,clear,15.05
TS09-TB-7679,ev_van,46.3,29.3,1487,0.645,-0.0104,clear,5.57
TS07-RJ-4736,van,32.6,81.1,1806,0.693,0.0811,rain,17.47
TS08-KW-8279,van,29.7,36.2,2227,0.133,0.0885,clear,11.11
TS08-HN-7162,truck,57.7,91.6,3188,0.193,-0.0037,rain,33.33
TS07-SY-8600,ev_van,57.5,39.0,1822,0.899,0.0251,clear,7.83
TS09-II-7676,bus,43.2,87.5,2323,0.634,0.0585,clear,37.71
TS09-CR-2242,ev_van,46.3,85.0,425,0.81,0.0803,clear,7.17
TS11-KI-1496,van,54.2,83.7,1068,0.357,0.0891,rain,25.2
TS07-YN-9116,truck,58.0,15.3,259,0.577,0.0638,fog,43.05
TS11-BJ-8543,truck,7.7,82.5,3807,0.502,-0.0023,clear,4.57
TS09-NO-7316,van,59.8,71.9,2273,0.205,0.0722,fog,23.57
TS11-XQ-6192,van,43.1,39.7,2397,0.825,0.0831,clear,21.06
TS08-DS-1023,truck,36.8,52.7,2010,0.334,0.0222,clear,15.08
TS10-MU-9542,van,26.6,65.1,496,0.467,0.0393,rain,7.7
TS09-OM-4356,ev_van,22.2,90.3,626,0.133,-0.0,clear,2.11
TS07-AS-9233,bus,48.8,76.7,5906,0.638,0.0165,clear,41.12
TS07-IP-7342,bus,40.3,47.6,2010,0.791,0.0844,rain,33.52
TS10-SC-3284,truck,14.4,65.6,3548,0.41,-0.0093,clear,6.06
TS09-BI-4464,van,37.8,27.4,412,0.978,0.0715,fog,17.42
TS11-IZ-7301,truck,11.0,47.2,6357,0.258,-0.0083,clear,5.19
TS10-VV-3001,ev_van,31.3,77.7,1232,0.873,0.0151,clear,3.75
TS09-NZ-1365,bus,36.3,62.3,707,0.721,0.0499,clear,22.87
TS09-FF-7855,van,39.2,77.0,1524,0.927,-0.0196,clear,13.65
TS08-UZ-7986,truck,11.3,54.3,5764,0.741,0.061,rain,8.46
TS07-DL-5958,truck,8.4,43.6,3890,0.495,0.0179,clear,4.42
TS10-KE-9922,van,17.7,73.6,2912,0.413,0.0698,fog,7.81
TS11-RS-9415,bus,37.6,19.8,5256,0.829,0.097,clear,49.15
TS09-DP-5057,bus,56.1,93.2,3186,0.84,0.03,clear,57.22
TS10-UM-4310,ev_van,47.4,90.7,2363,0.589,-0.0164,rain,7.39
TS09-QQ-5604,ev_van,45.5,85.1,2066,0.702,0.0819,clear,8.76
TS09-ZG-2564,ev_van,21.8,85.4,1047,0.463,0.0129,clear,2.68
TS10-YP-4613,truck,9.4,54.4,6217,0.218,-0.0022,clear,4.35
TS08-MB-5756,van,53.8,53.3,1616,0.05,0.0855,clear,16.75
TS08-GO-9671,ev_van,31.5,80.1,1440,0.654,0.0079,clear,3.93
TS08-XN-9755,bus,8.7,35.5,3220,0.669,0.0526,fog,6.76
TS08-ZR-7027,truck,33.5,82.5,6469,0.665,0.0105,clear,23.79
TS09-LN-8655,van,41.5,28.7,2772,0.562,0.0655,clear,21.32
TS10-AS-8508,bus,21.2,85.0,2053,0.342,0.0578,clear,15.75
TS10-MI-7058,van,3.5,56.9,1997,0.242,0.0411,fog,1.18
TS10-JK-4317,ev_van,38.4,82.0,1645,0.066,0.0466,clear,4.6
TS07-AC-4813,van,5.3,52.9,2685,0.148,0.0073,clear,1.52
TS09-KY-3022,bus,27.7,62.5,2794,0.628,-0.0174,clear,15.3
TS08-GH-6256,bus,50.0,88.9,1303,0.768,0.0761,rain,48.03
TS08-IR-8471,bus,59.9,46.7,1378,0.908,0.0867,clear,47.15
TS08-CG-6198,truck,24.1,30.3,600,0.084,0.0733,rain,13.37
TS11-EB-5753,van,4.1,19.6,482,0.814,0.065,clear,1.94
TS11-OY-6780,van,31.1,61.0,1043,0.597,0.0366,fog,10.02
TS07-LU-5584,truck,18.7,62.7,1000,0.301,0.0501,fog,8.77
TS07-ER-5166,truck,53.9,63.5,6995,0.726,0.063,rain,41.57
TS09-JI-6994,ev_van,43.6,15.1,1033,0.989,-0.0169,rain,6.67
TS07-LJ-8013,truck,26.0,14.3,3074,0.379,0.0308,rain,19.84
TS10-LG-3121,bus,46.4,86.3,4594,0.627,0.007,rain,40.27
TS08-HT-1407,bus,22.4,69.7,1948,0.261,0.0237,clear,11.79
TS07-OF-8477,van,32.7,21.4,2203,0.205,0.0699,rain,15.72
TS10-TL-4939,truck,55.6,18.2,6615,0.149,0.0236,clear,39.48
TS09-FO-8770,van,14.4,25.4,1208,0.032,0.0687,rain,5.76
TS08-BO-4592,bus,20.8,79.0,2971,0.724,0.0966,clear,20.87
TS10-WY-4538,van,53.5,72.0,1102,0.146,0.0908,rain,18.83
TS11-DJ-3393,truck,29.3,65.0,3501,0.676,0.0793,clear,18.47
TS11-PJ-2368,bus,21.1,65.2,3568,0.87,0.0824,clear,18.25
TS10-RW-4943,bus,5.1,83.3,2228,0.847,0.0273,clear,4.12
TS07-IQ-3168,truck,26.9,39.7,3820,0.299,0.0678,rain,16.62
TS07-VN-4569,truck,31.5,38.7,4071,0.124,0.06,clear,17.3
TS09-TA-4962,truck,26.2,47.3,391,0.443,0.0979,fog,14.64
TS08-CA-4964,truck,18.8,94.1,1476,0.181,0.049,rain,11.93
TS09-NU-5120,truck,24.0,58.1,4423,0.374,0.0316,fog,12.8
TS09-VR-9196,ev_van,39.6,57.4,206,0.569,0.0805,fog,4.17
TS08-US-6244,bus,53.8,79.2,4284,0.644,0.0699,clear,48.91
TS07-OW-6800,van,40.0,26.8,2735,0.218,-0.005,fog,14.54
TS07-HO-8305,ev_van,39.8,45.6,1936,0.227,0.0516,clear,4.64
TS09-WU-3404,truck,49.6,65.2,2650,0.866,0.0511,clear,30.01
TS07-XP-8637,van,12.4,94.0,1460,0.945,0.0558,clear,6.97
TS11-LB-9180,ev_van,20.2,24.8,1697,0.642,0.093,clear,3.9
TS09-DN-1251,van,5.9,49.5,2105,0.557,0.0522,clear,2.14
TS08-JL-6088,bus,22.9,87.2,5869,0.658,0.0844,clear,27.45
TS11-JT-9477,bus,59.9,72.2,3059,0.129,0.023,fog,35.56
TS10-GR-3530,truck,21.8,62.9,2146,0.897,-0.0131,clear,10.13
TS09-QH-1034,bus,52.0,33.3,2301,0.209,0.025,fog,30.54
TS11-SD-4396,ev_van,7.9,27.5,2322,0.67,0.0439,rain,1.37
TS08-ZY-7222,ev_van,29.2,43.1,1655,0.222,0.08,fog,3.79
TS09-BG-1833,truck,23.0,33.2,6941,0.706,0.0558,rain,20.36
TS10-CR-9572,van,14.5,79.1,2227,0.753,0.0331,fog,6.7
TS08-RW-4848,truck,24.2,71.8,7730,0.741,0.0354,clear,17.14
TS09-FL-8861,ev_van,40.1,81.3,1353,0.429,0.0996,clear,6.18
TS10-FN-7359,truck,30.9,26.2,7609,0.607,-0.003,clear,22.54
TS07-TF-3651,ev_van,51.1,37.7,2238,0.598,0.0047,clear,6.09
TS09-NX-3006,van,54.6,75.8,2561,0.72,0.055,clear,25.43
TS08-JW-9685,truck,30.5,25.6,7525,0.499,0.0642,clear,26.21
TS09-SX-8618,truck,59.0,24.1,4299,0.507,0.0274,fog,42.82
TS10-OZ-3151,van,7.1,43.8,2280,0.684,-0.0161,clear,2.21
TS08-SA-5504,truck,18.8,27.5,4532,0.17,0.0426,fog,11.96
TS11-EU-4711,bus,26.8,18.5,4702,0.652,-0.0027,clear,24.43
TS11-QE-7617,ev_van,36.2,38.0,1957,0.148,-0.0133,rain,3.43
TS07-GX-8883,van,34.1,84.7,2324,0.725,0.0214,clear,14.95
TS07-JC-3439,bus,35.4,16.7,2685,0.389,-0.0037,fog,26.55
TS11-FQ-8236,bus,54.1,59.0,4818,0.84,0.0327,rain,46.34
TS11-JS-5350,truck,18.8,58.7,7037,0.088,0.0714,clear,11.04
TS07-FT-7174,ev_van,49.6,56.1,1663,0.461,-0.0144,fog,4.91
TS09-UR-4054,truck,34.8,54.0,3746,0.167,0.04,clear,15.31
TS08-YZ-1275,truck,31.0,13.4,6855,0.869,0.0396,fog,34.61
TS10-DW-6298,truck,20.1,15.9,6272,0.125,-0.0198,clear,10.93
TS10-SP-3255,ev_van,20.3,54.4,1280,0.485,0.0686,clear,2.48
TS11-OO-3865,truck,25.1,92.4,4723,0.105,-0.0092,clear,14.51
TS07-OI-6933,ev_van,46.5,45.9,1777,0.798,0.0918,rain,7.73
TS08-ZR-5100,van,30.2,51.2,2127,0.282,0.0567,rain,10.31
TS10-QQ-6201,van,11.8,93.5,1071,0.594,0.0145,rain,5.22
TS11-IL-3277,ev_van,46.3,76.7,873,0.17,0.091,clear,5.67
TS09-ZP-2861,van,40.8,75.9,2685,0.352,0.0281,clear,15.74
TS11-UL-2319,ev_van,57.1,53.9,2355,0.114,0.0112,clear,5.86
TS09-UP-2671,truck,33.2,86.5,3336,0.551,0.0261,clear,21.41
TS07-ZL-7173,van,40.3,60.2,2757,0.003,0.0534,clear,13.8
TS08-CK-7237,bus,30.3,66.5,2930,0.993,0.0668,clear,23.71
TS08-PL-4037,bus,41.8,77.4,1170,0.416,0.0594,clear,26.61
TS08-GG-7468,ev_van,27.9,45.7,1886,0.629,0.0905,rain,4.31
TS08-TI-3944,ev_van,10.9,91.1,306,0.287,0.0947,clear,1.54
TS11-WK-3419,van,59.2,94.0,519,0.253,0.0036,fog,19.34
TS10-BL-6398,bus,44.1,60.7,5658,0.846,0.0895,rain,48.0
TS10-CA-3489,bus,37.7,30.4,3202,0.758,-0.0072,rain,28.45
TS07-NX-3576,bus,30.4,76.3,1745,0.643,0.0948,rain,26.82
TS09-FB-7327,bus,43.6,38.7,2986,0.752,0.0111,clear,28.76
TS08-OR-8557,bus,10.2,59.9,3553,0.175,0.0119,fog,5.37
TS07-PX-5350,truck,21.6,19.2,5184,0.934,0.0306,clear,19.34
TS07-GU-8127,truck,10.1,79.0,2916,0.455,0.0018,clear,5.04
TS08-FH-3179,van,10.2,91.6,1285,0.869,0.0793,rain,6.35
TS10-VB-7669,bus,4.2,19.8,3389,0.736,-0.005,fog,3.71
TS10-PW-1350,ev_van,46.1,72.7,1641,0.286,0.0327,clear,5.1
TS10-DX-5499,van,16.0,83.4,2780,0.569,0.0889,rain,10.04
TS07-TT-5176,truck,50.4,21.1,3260,0.967,0.0562,rain,46.87
TS08-AX-2658,truck,54.6,32.5,7023,0.037,0.0529,clear,34.14
TS11-PR-7247,truck,12.6,44.5,7947,0.426,0.0994,fog,9.85
TS11-AZ-1389,ev_van,43.4,81.5,980,0.621,-0.0173,clear,4.41
TS11-GV-1751,truck,29.2,53.0,413,0.34,0.0184,rain,11.81
TS09-OY-2113,bus,55.4,23.4,3705,0.318,-0.005,rain,41.63
TS07-QB-7994,ev_van,30.6,33.3,2278,0.749,0.0021,clear,4.08
TS07-ZN-9534,ev_van,24.6,50.8,323,0.916,0.0059,fog,2.45
TS07-HL-1264,truck,19.8,15.3,1738,0.538,0.0552,clear,14.72
TS07-IT-7375,truck,54.5,64.4,5474,0.948,0.0127,rain,36.19
TS07-BR-4237,truck,15.9,14.1,6515,0.101,0.0597,rain,13.52
TS10-HJ-2973,truck,50.2,76.8,876,0.227,0.0686,rain,26.04
TS08-SM-6931,truck,14.1,72.9,3037,0.088,0.0282,fog,6.65
TS07-NL-9196,van,39.7,83.8,868,0.436,0.0444,rain,15.46
TS09-CS-2347,ev_van,28.7,25.1,2419,0.627,-0.0041,clear,3.99
TS11-JU-6902,bus,9.0,62.0,4158,0.2,0.0703,clear,6.05
TS09-PE-1666,van,10.2,76.8,1532,0.449,0.0303,rain,4.07
TS10-YW-3745,truck,19.0,54.8,6926,0.684,0.0802,clear,14.78
TS08-JS-6612,van,46.7,22.9,1705,0.639,0.0431,clear,21.39
TS10-YK-6963,van,44.5,20.2,2752,0.629,0.0636,clear,25.73
TS09-YJ-2688,ev_van,14.7,62.3,749,0.606,0.023,fog,1.54
TS08-QY-8459,ev_van,30.1,53.3,263,0.987,0.0246,rain,3.29
TS07-NE-4259,truck,8.5,89.2,3544,0.714,0.0324,fog,6.73
TS11-ZD-2268,truck,43.8,81.2,1793,0.908,0.0563,clear,30.72
TS10-KL-8859,truck,48.2,72.1,6719,0.952,0.0408,fog,39.14
TS11-XU-9822,bus,53.9,93.5,3291,0.86,0.0765,rain,66.73
TS10-XO-1458,ev_van,53.5,69.7,864,0.095,-0.0134,clear,4.0
TS11-YI-4853,bus,22.3,19.7,4687,0.529,0.0881,clear,23.31
TS09-QR-4548,van,17.5,18.4,1675,0.382,0.0911,fog,9.57
TS11-VY-6182,bus,54.1,79.7,3116,0.097,0.0093,fog,30.13
TS07-VC-2743,truck,11.3,41.9,1610,0.564,-0.0079,clear,4.81
TS08-ES-4962,truck,6.4,88.7,7963,0.213,0.0486,rain,5.3
TS08-AF-7234,van,20.9,21.8,2045,0.582,-0.0123,fog,8.79
TS10-HB-6015,van,46.3,28.5,2594,0.817,0.0076,clear,20.45
TS10-BU-2535,bus,42.6,76.2,4606,0.394,0.0409,clear,32.12
TS08-QB-3750,truck,59.3,82.3,4123,0.95,0.0537,rain,51.97
TS07-FU-3059,van,23.5,84.0,227,0.766,0.0033,clear,7.31
TS07-FC-6605,truck,18.7,20.2,5400,0.804,0.0919,rain,21.3
TS11-ES-4263,ev_van,24.6,43.7,432,0.112,0.0018,clear,1.8
TS07-RF-5622,truck,47.6,65.7,7699,0.942,-0.0016,clear,30.49
TS09-PD-3257,truck,15.2,88.3,2144,0.035,-0.0005,clear,6.77
TS10-YA-4724,bus,57.0,31.8,2331,0.844,0.0915,rain,55.7
TS11-HL-9138,bus,32.2,61.8,3399,0.03,0.0855,clear,19.88
TS11-RS-6524,bus,47.6,23.9,3115,0.162,-0.016,clear,26.3
TS08-XA-1526,bus,50.2,74.0,4000,0.315,0.0672,clear,37.1
TS10-VV-7100,ev_van,30.3,22.6,2002,0.738,-0.0112,clear,4.18
TS08-JL-3306,bus,45.3,95.0,4594,0.899,-0.011,rain,46.77
TS09-CI-9468,bus,23.8,19.7,5467,0.666,-0.0109,clear,20.59
TS10-DH-3334,bus,49.2,68.9,2926,0.728,0.0796,clear,40.24
TS08-RX-7390,truck,50.0,76.5,4367,0.29,0.0313,clear,27.68
TS09-ED-8326,van,35.3,33.4,2647,0.975,0.0468,clear,18.05
TS10-NP-8635,truck,15.4,33.2,2402,0.408,-0.0163,clear,6.77
TS11-CK-1385,van,58.3,61.5,889,0.913,0.0881,clear,23.14
TS08-QF-2350,truck,57.0,64.3,271,0.779,0.0978,rain,36.95
TS09-NS-1126,ev_van,38.3,71.8,1899,0.367,0.0082,clear,3.8
TS08-UR-9094,bus,59.1,60.2,4188,0.343,0.0588,clear,39.68
TS11-VN-9624,ev_van,31.7,26.5,836,0.679,0.0615,clear,4.41
TS09-XK-4995,bus,24.4,88.7,954,0.94,0.096,fog,25.65
TS10-KD-9064,truck,29.2,25.8,532,0.672,0.0381,clear,16.74
TS09-YK-9754,van,5.6,58.9,1566,0.857,0.0085,rain,2.01
TS10-TT-2817,van,34.3,88.4,742,0.966,0.0232,fog,15.57
TS11-YR-9523,van,41.0,87.8,2422,0.33,0.0568,clear,18.51
TS11-RM-8714,bus,9.2,25.9,5710,0.538,0.0367,clear,8.55
TS07-OV-9496,van,17.6,31.8,2375,0.609,-0.0105,rain,6.51
TS08-CI-8774,ev_van,44.1,62.0,2159,0.217,0.0769,fog,5.88
TS09-BD-4051,van,48.2,40.0,2974,0.798,0.0837,clear,24.78
TS08-DM-5311,truck,59.2,72.7,5978,0.262,0.0374,rain,36.15
TS07-GR-9567,van,17.4,55.4,1789,0.707,0.0428,rain,6.43
TS11-OB-9078,van,51.0,34.1,2468,0.524,0.039,clear,20.88
TS11-HK-1233,ev_van,12.8,46.1,1497,0.837,0.0436,rain,1.72
TS11-UA-7320,bus,10.5,69.4,2709,0.512,-0.0077,clear,5.45
TS09-OF-8337,bus,44.6,77.2,389,0.587,0.032,fog,27.85
TS09-VD-6290,van,28.4,42.7,2000,0.181,0.0337,clear,9.0
TS08-ZO-7476,bus,48.3,20.7,5406,0.808,0.0997,clear,64.03
TS07-RC-4252,van,19.1,41.3,2141,0.402,-0.0142,rain,5.67
TS08-AP-3168,bus,15.2,64.3,2544,0.58,0.0175,clear,8.89
TS09-TE-7388,truck,34.3,75.1,5012,0.846,0.0395,clear,24.72
TS08-IP-6629,van,9.6,85.0,2476,0.479,0.0817,clear,4.98
TS10-FP-3372,truck,18.9,91.8,6161,0.274,0.0353,rain,15.44
TS08-YC-4718,truck,12.5,55.9,4031,0.265,0.0149,clear,5.5
TS09-GU-5383,van,21.2,85.1,1213,0.566,0.0442,rain,9.2
TS10-KX-7565,van,46.6,33.8,1311,0.291,0.0156,rain,14.75
TS08-ZW-6325,ev_van,9.9,58.5,2288,0.339,0.0458,clear,1.21
TS07-PR-4283,truck,37.9,56.8,1525,0.235,0.0628,rain,19.0
TS07-OU-3873,truck,36.3,75.8,6931,0.446,0.0437,clear,24.46
TS09-AS-8793,ev_van,33.7,76.2,649,0.466,0.0532,clear,3.89
TS10-LB-5428,truck,30.6,35.7,7851,0.526,-0.0154,clear,16.9
TS11-CF-8533,truck,40.8,85.5,3697,0.593,0.0591,clear,30.03
TS09-EA-4695,truck,51.6,86.0,5921,0.588,0.0964,rain,49.61
TS09-VW-5119,bus,12.2,90.7,4430,0.367,0.039,fog,11.04
TS09-YU-2883,ev_van,49.4,50.0,1977,0.901,0.0763,clear,7.33
TS10-SG-9801,van,6.5,94.0,2410,0.512,0.0459,clear,3.41
TS08-OM-7228,van,30.5,77.1,309,0.832,0.0645,clear,11.66
TS11-KJ-7761,truck,32.2,66.2,2332,0.557,0.0172,clear,15.32
TS11-XT-7326,bus,14.3,47.9,1532,0.371,0.096,fog,9.55
TS10-YA-6297,bus,8.1,81.9,4252,0.739,0.0058,clear,6.34
TS07-PK-3741,truck,7.3,75.4,5530,0.177,-0.0009,fog,3.51
TS11-SO-8936,truck,5.1,60.6,2517,0.97,-0.0145,clear,2.46
TS07-QE-3097,truck,35.7,94.8,6390,0.572,0.0449,clear,30.58
TS07-OQ-7802,truck,11.9,32.7,2631,0.104,0.0543,rain,6.43
TS09-YJ-2409,van,49.1,65.3,1160,0.421,0.0579,clear,15.9
TS07-DL-4716,van,54.2,38.7,1317,0.713,0.0007,rain,18.62
TS11-DG-9822,truck,19.7,50.0,6008,0.068,0.0582,rain,11.32
TS07-LF-5801,bus,12.4,40.1,268,0.261,-0.0002,clear,5.28
TS11-FJ-5041,van,26.3,39.8,2738,0.924,0.0706,clear,13.97
TS10-ZC-5397,van,53.2,43.3,2138,0.356,0.013,clear,17.5
TS10-AU-3182,van,25.8,16.7,1842,0.159,0.0306,fog,11.04
TS09-ZQ-9900,bus,9.2,15.3,1577,0.098,0.0241,fog,6.43
TS10-FS-6536,van,59.1,72.2,2399,0.619,0.0241,clear,22.62
TS08-BQ-6196,truck,31.5,37.8,7008,0.558,0.0665,rain,24.84
TS10-DO-8367,bus,22.5,13.8,3109,0.648,0.0997,rain,29.53
TS11-YF-2556,truck,53.9,18.8,2481,0.958,0.0433,fog,47.62
TS09-MG-1918,bus,55.9,28.3,2407,0.06,0.0281,clear,30.14
TS07-IT-1585,bus,31.3,16.0,2614,0.198,0.0152,fog,23.45
TS07-GW-9911,truck,20.5,90.5,2586,0.234,0.0549,rain,14.97
TS09-BA-8729,van,30.5,59.2,2194,0.427,0.0341,rain,11.16
TS09-CV-5760,truck,15.5,44.7,2869,0.121,0.0727,clear,7.8
TS08-LF-9383,truck,30.3,56.2,6605,0.41,0.0528,clear,17.55
TS10-FT-2616,truck,16.1,21.4,3817,0.816,0.0294,clear,12.49
TS09-TA-7530,bus,38.5,70.3,3848,0.164,0.0944,fog,30.48
TS08-SM-1235,truck,46.3,92.5,7594,0.917,-0.0186,rain,41.37
TS10-GY-8558,bus,58.3,22.8,2787,0.911,0.0627,fog,59.84
TS07-PJ-6419,truck,51.0,24.7,1529,0.513,0.0293,clear,29.79
TS09-HQ-3341,van,7.9,64.2,1740,0.86,-0.0054,fog,2.6
TS11-YE-7549,ev_van,15.1,24.6,1342,0.712,-0.0089,fog,1.89
TS11-DT-9438,bus,33.3,22.5,4739,0.357,0.0579,clear,31.34
TS08-PU-3999,van,17.7,67.7,2609,0.562,-0.0023,clear,6.14
TS08-KI-7527,ev_van,3.8,63.3,1839,0.117,0.0827,rain,0.47
TS08-JY-6208,ev_van,46.0,30.1,2434,0.496,0.0173,rain,6.63
TS11-SX-2758,van,23.4,80.3,954,0.83,0.0213,clear,8.45
TS11-YB-4205,ev_van,6.8,20.7,750,0.585,0.0592,rain,1.08
TS09-KU-7285,ev_van,32.0,39.6,870,0.382,0.0064,clear,2.8
TS08-PZ-4960,van,58.7,73.3,2079,0.664,-0.0192,rain,21.06
TS11-QY-9124,bus,41.7,63.0,1549,0.977,0.0335,fog,28.39
TS07-UE-8417,truck,12.0,61.8,890,0.067,0.0433,clear,4.71
TS11-GB-4774,truck,32.3,69.0,7826,0.33,0.0335,clear,19.45
TS08-OC-1397,bus,54.4,65.7,2025,0.156,0.035,rain,30.86
TS09-UI-3910,bus,6.1,84.6,1490,0.957,0.0599,rain,5.92
TS07-HH-3333,bus,39.4,59.2,2281,0.546,0.0815,clear,25.88
TS08-HR-4041,van,44.1,45.3,644,0.13,0.0239,clear,10.27
TS10-PQ-6251,van,43.1,75.6,300,0.612,0.0748,clear,15.14
TS11-GZ-2857,van,11.6,33.5,1055,0.5,-0.0125,rain,3.46
TS07-VX-1834,truck,54.7,75.0,2835,0.059,0.0376,rain,28.32
TS09-NF-5684,truck,21.4,35.2,6526,0.865,0.0251,clear,15.17
TS10-ON-8969,van,5.9,51.9,1420,0.709,0.0359,clear,2.03
TS08-QI-9761,van,7.7,73.4,2263,0.005,-0.009,clear,2.06
TS08-WQ-2932,ev_van,29.1,64.1,1892,0.96,-0.0033,clear,3.47
TS10-GG-4102,ev_van,5.3,19.1,2015,0.159,0.0152,clear,0.72
TS10-KO-5976,ev_van,47.4,49.1,2313,0.0,0.0128,rain,4.55
TS07-GH-3000,truck,52.4,79.4,4089,0.427,0.0262,rain,33.03
TS11-JK-7047,bus,3.8,94.7,803,0.141,0.0349,clear,2.47
TS10-RO-9784,truck,49.2,50.7,502,0.57,0.0065,fog,20.65
TS11-FE-4535,van,58.9,19.1,723,0.311,0.0543,clear,22.53
TS11-ZS-7209,ev_van,4.7,42.4,2107,0.185,0.0251,rain,0.54
TS08-PE-5856,truck,44.3,52.7,4680,0.985,-0.0128,fog,24.74
TS07-BZ-9039,van,59.9,18.1,592,0.333,0.0092,clear,19.97
TS10-QG-6144,truck,48.4,83.7,1235,0.415,0.0472,rain,29.88
TS10-OH-4526,truck,31.8,56.7,7154,0.294,0.0528,clear,19.28
TS11-GY-7797,truck,53.4,46.5,4256,0.837,0.076,fog,37.58
TS11-NF-1305,truck,43.4,45.0,1541,0.197,0.0095,clear,16.87
TS09-KC-9356,ev_van,19.7,14.3,2263,0.128,0.0475,rain,3.33
TS11-JR-4718,bus,15.8,55.1,4380,0.881,0.0371,clear,11.09
TS09-QK-8214,van,32.2,51.5,1538,0.183,0.0818,clear,11.12
TS07-RZ-8649,van,24.3,40.7,1502,0.858,0.0676,clear,9.93
TS07-CQ-9320,truck,21.8,66.7,5447,0.578,-0.0042,rain,12.05
TS11-XD-5671,truck,13.1,46.1,2839,0.823,0.0951,clear,8.46
TS10-QU-2915,van,51.2,59.5,3000,0.07,0.0226,clear,15.43
TS09-LY-2824,truck,43.2,85.5,6320,0.964,0.0946,clear,45.99
TS08-AD-9827,ev_van,21.9,42.2,1674,0.3,0.0142,clear,2.22
TS11-GS-6337,truck,16.5,45.0,5562,0.059,0.0363,clear,7.78
TS11-HZ-4335,van,10.3,83.9,2989,0.765,0.0461,clear,5.46
TS10-KR-4015,van,9.4,41.7,230,0.178,-0.0124,clear,1.92
TS11-QH-9647,truck,38.7,48.5,378,0.351,0.0659,fog,18.62
TS10-LD-9758,truck,9.2,78.5,6323,0.595,-0.0074,clear,5.54
TS10-RV-6463,ev_van,57.7,61.1,682,0.069,-0.0003,clear,4.19
TS08-GC-1566,truck,18.9,89.5,5544,0.202,0.0148,rain,12.89
TS10-WE-6165,bus,4.5,51.1,3119,0.489,0.0953,clear,3.5
TS07-KU-8306,bus,51.8,51.8,2048,0.422,0.0968,rain,37.62
TS11-IY-8051,truck,24.0,15.6,2004,0.558,0.0387,clear,17.51
TS08-IC-9287,van,22.5,28.4,2375,0.729,0.044,clear,10.94
TS08-GK-2237,van,9.8,56.8,679,0.353,0.0054,fog,2.32
TS11-SE-2465,bus,40.6,27.5,1121,0.404,0.0302,clear,25.58
TS07-YL-6899,van,23.5,49.6,1437,0.272,0.0981,fog,8.51
TS07-GO-2879,truck,49.9,35.5,1130,0.34,0.0749,clear,25.95
TS10-YH-6470,truck,38.9,13.7,5204,0.051,0.0637,clear,29.63
TS11-XA-1991,van,53.2,51.4,2978,0.58,0.0134,clear,19.2
TS11-YI-5679,ev_van,38.5,65.6,1920,0.173,0.0716,clear,4.37
TS09-RT-4355,truck,47.4,40.1,4905,0.716,0.096,rain,39.2
TS11-BA-9620,truck,42.7,76.5,3278,0.042,0.0986,clear,24.81
TS07-ZH-4280,bus,29.4,24.1,5930,0.06,0.052,clear,25.3
TS07-YJ-2509,van,42.3,19.6,2664,0.285,-0.0007,clear,16.7
TS09-EU-1657,truck,40.8,89.6,6601,0.438,0.0957,clear,40.29
TS09-KA-1470,bus,3.4,88.5,1534,0.694,0.045,clear,2.81
TS09-KD-2245,van,42.8,45.7,546,0.692,-0.0154,clear,10.6
TS11-SP-8499,bus,17.9,46.9,1232,0.973,-0.0102,clear,10.09
TS07-RT-2804,truck,33.9,82.6,2218,0.352,0.0493,rain,22.54
TS09-TP-3245,truck,9.3,56.0,837,0.059,0.0802,fog,4.15
TS10-TA-6106,bus,4.3,21.7,5353,0.861,0.093,clear,5.4
TS09-JB-1751,bus,3.9,21.5,1274,0.731,0.0933,clear,3.73
TS10-VK-9455,ev_van,12.0,22.9,721,0.068,0.0494,clear,1.27
TS11-RP-9679,van,4.1,76.8,2687,0.083,0.0978,rain,1.83
TS10-YZ-2751,van,10.5,62.0,2883,0.477,-0.002,clear,3.56
TS10-TV-4143,ev_van,34.9,36.9,710,0.342,-0.0086,clear,2.98
TS11-MK-2412,bus,25.8,25.5,1906,0.596,-0.0164,rain,16.45
TS08-ZS-7534,bus,58.9,22.2,4841,0.219,0.0729,clear,59.41
TS11-GR-4342,ev_van,49.1,73.5,2432,0.959,0.09,clear,9.01
TS11-KW-7727,truck,11.4,85.5,5267,0.512,0.0808,fog,10.12
TS10-YU-3892,van,26.8,56.1,1439,0.751,0.0928,fog,11.25
TS09-MB-6338,van,27.6,76.1,2089,0.126,0.0458,clear,10.0
TS09-KC-5537,truck,23.6,35.5,6286,0.617,0.0716,clear,17.77
TS09-CQ-2508,bus,31.2,60.6,853,0.865,0.0204,clear,17.59
TS07-KK-9233,truck,41.2,48.4,3595,0.023,0.072,clear,18.87
TS07-JT-3247,truck,39.5,19.3,6887,0.54,0.0704,rain,42.83
TS11-TY-9541,bus,23.4,52.5,4291,0.247,0.0323,rain,14.82
TS07-LT-1077,truck,43.2,82.3,1399,0.478,-0.0147,clear,20.01
TS09-RU-4735,van,19.5,16.3,2315,0.816,0.012,clear,10.1
TS11-RB-3499,ev_van,50.6,51.6,1735,0.69,0.0862,clear,7.11
TS11-AC-4100,van,58.0,84.5,941,0.754,0.0505,rain,24.71
TS11-SD-4537,truck,19.8,77.6,2883,0.212,0.0286,clear,9.8
TS11-FO-5175,truck,47.7,53.0,2652,0.833,0.0937,rain,33.82
TS10-TV-2074,truck,49.4,26.2,7947,0.614,0.024,rain,42.25
TS09-RK-7005,truck,31.0,82.4,1633,0.069,0.0194,clear,14.85
TS10-JC-9732,ev_van,8.0,24.7,2108,0.863,0.0725,fog,1.67
TS11-XH-3845,bus,47.8,35.0,3278,0.056,0.0226,rain,29.54
TS08-AE-3774,truck,26.2,22.3,7068,0.029,0.0335,clear,17.04
TS11-FN-5924,van,14.9,50.1,2949,0.834,0.0667,clear,6.74
TS08-XC-8832,bus,38.7,64.2,5774,0.013,0.0316,clear,23.11
TS10-HT-4856,truck,27.9,80.7,6863,0.088,0.0187,clear,15.66
TS11-AA-5896,truck,8.0,50.3,3426,0.017,-0.0182,clear,2.74
TS11-BU-9446,van,59.1,92.6,960,0.88,0.0833,clear,32.22
TS09-WT-2927,van,16.9,61.5,1095,0.045,0.0432,rain,4.47
TS11-SA-6111,truck,32.1,62.2,5294,0.373,0.0822,clear,20.97
TS10-UU-5280,ev_van,41.0,26.5,986,0.217,0.0541,clear,4.87
TS08-EC-6757,ev_van,9.6,27.8,1200,0.342,0.0041,fog,1.06
TS11-CS-6260,van,45.1,59.9,423,0.291,0.0236,clear,10.47
TS07-FH-7163,truck,40.0,71.8,6214,0.888,0.0301,clear,27.93
TS08-VJ-1985,truck,31.1,29.0,1069,0.769,0.0688,fog,21.02
TS07-KK-7600,ev_van,33.1,52.2,975,0.885,0.0458,clear,3.79
TS09-EF-6098,truck,57.4,41.6,4805,0.72,0.0564,clear,38.48
TS08-RX-4192,van,54.9,48.4,1687,0.33,0.0704,clear,18.61
TS09-VF-5595,van,9.4,30.4,2701,0.186,0.0129,rain,3.65
TS08-QT-2267,truck,24.0,23.7,5338,0.53,0.0858,rain,22.08
TS07-AA-1456,van,32.5,38.6,2409,0.357,0.0344,rain,12.68
TS10-XK-8942,ev_van,55.4,84.1,898,0.643,0.0593,clear,7.86
TS10-UT-2796,van,49.5,78.8,570,0.039,0.0062,fog,12.64
TS09-NQ-8164,bus,25.0,20.4,4511,0.713,0.008,clear,21.74
TS07-RV-2039,ev_van,53.5,19.3,553,0.3,0.0682,rain,7.9
TS09-XA-2445,bus,24.6,52.9,5038,0.462,0.022,clear,15.52
TS11-ES-9108,van,18.5,35.0,2840,0.979,0.0851,clear,10.62
TS09-ML-4355,van,37.8,80.3,992,0.216,0.0598,fog,13.01
TS08-OX-9831,van,23.3,52.4,2331,0.118,0.0599,rain,8.2
TS11-DH-7811,truck,38.5,82.8,3611,0.21,0.0256,clear,21.6
TS09-II-2053,truck,26.4,21.0,2532,0.352,0.0883,rain,21.26
TS08-KK-5938,truck,48.4,92.5,3563,0.536,0.0934,clear,44.4
TS08-FX-4647,bus,57.4,75.7,3951,0.98,0.011,clear,44.93
TS08-QO-6187,bus,18.4,72.7,5931,0.87,0.0417,clear,17.56
TS08-SE-8526,van,32.1,90.0,1040,0.715,0.0888,clear,16.26
TS09-KK-4806,bus,44.3,51.0,4294,0.721,-0.0078,clear,26.77
TS10-MD-6096,van,12.0,24.4,1138,0.284,0.0157,rain,4.28
TS08-CV-3813,ev_van,48.4,53.2,778,0.928,0.0945,rain,7.27
TS09-EI-4472,truck,36.2,79.7,5128,0.54,0.0382,clear,23.91
TS07-ZI-6243,van,11.5,83.3,2332,0.163,0.0942,clear,5.38
TS09-LP-6092,van,52.5,52.5,2209,0.95,0.0256,clear,20.53
TS07-RC-4914,bus,27.3,72.8,5667,0.507,0.0433,fog,23.54
TS08-LB-7311,truck,13.1,32.5,1037,0.156,0.0345,rain,6.18
TS09-BA-5860,van,14.1,31.1,1714,0.735,0.0349,fog,6.02
TS10-OS-7810,ev_van,47.8,60.7,869,0.234,0.0901,rain,5.5
TS11-ZX-8160,van,56.3,47.0,2487,0.188,0.0634,rain,21.67
TS09-NQ-2524,ev_van,24.6,25.4,343,0.268,0.0935,clear,2.99
TS10-PN-8507,ev_van,7.5,75.2,604,0.578,0.0195,fog,0.78
TS10-YZ-8426,bus,8.7,56.2,4678,0.293,0.0993,rain,6.77
TS08-EH-7412,van,40.3,55.2,1193,0.041,0.0649,clear,11.41
TS11-WR-7128,bus,24.1,27.7,4154,0.387,-0.0042,clear,16.49
TS11-RD-5500,ev_van,27.3,32.0,2497,0.234,0.0296,clear,3.31
TS08-QQ-3649,truck,22.2,69.5,3787,0.511,0.0098,clear,11.22
TS08-CH-8448,bus,29.5,82.7,3291,0.46,0.0083,fog,20.95
TS10-YY-8710,ev_van,39.7,26.7,2443,0.078,0.0915,clear,6.45
TS07-IB-1841,truck,33.8,79.4,6022,0.245,0.0952,clear,25.06
TS08-HA-8584,van,12.4,77.4,751,0.281,-0.0183,clear,3.07
TS09-RQ-9699,bus,31.0,79.6,4865,0.485,-0.0034,clear,21.37
TS07-II-5962,ev_van,29.3,60.3,1386,0.822,0.0133,rain,3.46
TS09-UO-3105,ev_van,34.1,41.2,2011,0.219,0.0817,clear,4.52
TS09-ZP-6330,truck,9.3,76.0,4869,0.158,0.0533,clear,5.53
TS07-AF-1226,van,11.8,51.8,837,0.001,0.0479,fog,2.92
TS09-WL-6806,truck,33.2,30.4,6553,0.607,0.0518,clear,26.37
TS11-TQ-8055,van,18.7,45.4,206,0.326,0.0941,clear,5.48
TS08-KK-8186,van,38.9,50.0,2686,0.67,0.0131,clear,13.01
TS09-YE-2549,van,24.2,53.9,2492,0.69,-0.0052,clear,7.92
TS10-TR-3769,truck,15.6,86.5,7767,0.045,0.0529,clear,11.32
TS07-IM-4714,truck,40.4,46.1,477,0.418,0.0963,rain,21.68
TS11-WU-1198,van,25.5,35.6,1425,0.968,0.0652,clear,10.76
TS07-LQ-7119,van,12.0,91.9,674,0.275,0.0871,fog,5.3
TS08-CI-8129,bus,49.1,32.1,2369,0.53,0.0875,clear,39.07
TS11-YP-1818,truck,27.6,12.9,3006,0.538,0.0063,clear,19.97
TS11-DG-9765,truck,55.2,82.5,4861,0.261,0.0623,rain,39.95
TS09-FN-1710,ev_van,14.0,91.2,1206,0.779,0.0835,rain,2.89
TS08-YH-9032,truck,53.0,68.6,7731,0.004,-0.0078,fog,25.53
TS09-RS-5962,bus,49.5,45.8,1811,0.227,0.0582,clear,29.09
TS07-XM-6899,ev_van,8.9,57.1,1163,0.593,0.0126,clear,0.85
TS09-RJ-8592,truck,33.3,81.1,5665,0.917,0.0786,fog,31.68
TS08-QP-5532,van,40.3,85.5,974,0.01,0.0068,clear,10.6
TS07-KB-5527,truck,31.2,20.5,5846,0.601,0.0248,rain,26.79
TS10-NT-4247,ev_van,25.2,84.0,1830,0.003,0.0612,clear,3.33
TS08-LF-8216,van,56.8,63.2,2194,0.623,0.0467,clear,22.21
TS11-KU-1230,ev_van,42.9,14.7,1753,0.412,-0.0056,fog,6.27
TS07-HK-3085,truck,58.1,21.0,6576,0.434,0.007,fog,40.83
TS09-UL-5043,bus,51.2,15.8,5971,0.968,0.0863,fog,79.3
TS07-HU-8295,van,49.6,90.7,355,0.682,0.0987,rain,25.21
TS07-AV-2568,truck,44.4,47.4,4078,0.196,0.0633,clear,23.83
TS09-VU-5955,truck,39.8,71.4,6542,0.997,-0.0188,clear,24.04
TS08-US-8542,truck,53.6,12.1,200,0.257,0.0692,clear,35.51
TS09-YU-1570,ev_van,38.0,77.8,1454,0.686,0.0571,rain,6.29
TS08-UD-7378,van,7.3,52.0,2047,0.68,0.0294,rain,2.85
TS08-FO-9384,van,36.2,88.7,737,0.85,0.0074,rain,15.57
TS11-KA-8987,van,8.9,55.2,1322,0.399,-0.0001,clear,2.27
TS11-PQ-5740,bus,57.1,77.5,4779,0.696,-0.01,clear,39.24
TS07-ED-9228,bus,39.9,64.2,587,0.626,0.0567,rain,26.32
TS07-OJ-1054,bus,34.7,55.2,982,0.436,0.0205,fog,18.66
TS11-AW-7997,van,14.3,90.7,2491,0.916,0.0422,clear,7.99
TS10-EW-6388,truck,32.4,53.1,6512,0.252,0.043,clear,17.59
TS09-RI-3514,ev_van,22.5,86.1,1558,0.224,0.0529,fog,3.11
TS08-OP-3162,van,41.5,15.0,1365,0.63,0.0513,rain,23.0
TS08-YN-8740,truck,37.5,66.6,1024,0.19,0.0423,rain,17.63
TS08-HH-5758,van,31.5,87.7,2472,0.83,-0.0014,fog,15.0
TS10-NH-9639,truck,17.4,86.6,2086,0.34,-0.0168,rain,8.81
TS09-KA-6059,ev_van,33.0,52.3,2300,0.421,0.0491,rain,4.19
TS10-YF-2465,ev_van,29.3,51.2,1984,0.682,0.0308,rain,3.8
TS11-OA-1950,ev_van,51.5,79.3,386,0.885,0.0292,clear,6.4
TS09-QG-4290,truck,54.0,39.8,5157,0.69,0.0316,clear,34.31
TS10-ZM-4738,truck,46.3,89.8,7381,0.094,-0.0064,clear,28.89
TS08-DB-8505,truck,21.2,32.8,7058,0.338,0.0015,rain,13.02
TS07-VG-7253,truck,5.2,18.2,4984,0.75,0.0595,clear,4.73
TS11-TS-3382,truck,55.7,76.1,1541,0.908,0.0417,fog,35.86
TS09-QL-1342,truck,59.5,45.6,5506,0.634,0.0532,clear,38.76
TS11-FZ-9389,ev_van,10.2,41.5,1732,0.596,-0.0045,rain,1.22
TS07-TQ-3075,truck,42.1,38.6,4792,0.379,0.0777,clear,26.67
TS11-CG-9539,truck,27.2,93.4,2273,0.478,0.0247,clear,17.87
TS10-CD-3313,van,11.5,59.4,2721,0.432,0.0536,clear,4.29
TS07-EO-1067,van,59.9,94.3,1607,0.055,0.0359,rain,23.82
TS08-IZ-9766,van,56.2,40.5,1032,0.022,0.0362,clear,14.97
TS11-IN-5538,van,59.0,46.4,915,0.617,0.0734,clear,21.76
TS11-TX-5959,ev_van,11.2,29.6,846,0.51,-0.0068,fog,1.2
TS11-TT-6954,van,31.0,47.7,1491,0.245,-0.011,rain,8.17
TS08-PJ-6846,bus,54.1,17.1,1539,0.893,-0.0079,rain,47.31
TS08-UO-7391,van,41.5,12.0,1649,0.207,0.0994,rain,24.77
TS08-UU-2310,bus,27.8,49.6,1314,0.7,0.0913,rain,21.62
TS08-RW-7632,truck,32.5,73.9,2313,0.788,0.0641,clear,21.12
TS09-HX-8870,bus,5.2,48.3,894,0.84,0.0337,clear,3.13
TS11-HL-3194,truck,37.9,55.0,2988,0.84,-0.0098,clear,17.79
TS11-WE-3222,van,52.0,49.0,1337,0.794,0.0785,clear,21.15
TS09-KL-4310,truck,3.2,55.7,3349,0.458,0.0027,clear,1.37
TS10-XX-5096,truck,12.1,76.4,5854,0.624,0.0127,fog,8.07
TS11-SF-8145,truck,32.5,78.7,3970,0.858,0.0809,rain,27.45
TS08-QS-9492,van,35.0,81.6,2140,0.42,0.0109,clear,13.05
TS11-UN-4601,truck,22.6,29.6,458,0.671,0.0813,rain,16.62
TS09-YF-5720,van,4.6,50.0,1422,0.16,0.0743,clear,1.47
TS10-AQ-3339,ev_van,45.4,81.0,407,0.565,0.0805,clear,6.08
TS08-QA-2411,truck,16.8,90.2,3804,0.141,0.0609,clear,11.62
TS09-PC-4254,van,39.7,57.1,1923,0.66,0.0223,rain,13.41
TS08-NH-1016,truck,34.9,52.9,6415,0.377,0.0584,rain,22.8
TS09-WP-4256,truck,27.6,75.5,4492,0.228,0.0795,clear,17.59
TS09-DG-4940,van,36.6,94.3,1263,0.361,0.0699,rain,17.57
TS09-MZ-6735,ev_van,42.6,47.4,808,0.701,0.0834,rain,5.67
TS07-NP-1391,truck,35.6,25.7,7668,0.908,0.098,clear,38.86
TS08-WJ-5108,van,34.8,81.2,755,0.011,0.0628,rain,11.12
TS08-CI-7954,truck,27.9,71.0,531,0.168,0.0914,clear,13.28
TS11-RV-6844,van,27.5,24.0,552,0.706,0.0126,clear,10.03
TS10-LB-4694,van,31.0,38.9,2993,0.569,0.0968,clear,14.02
TS11-NT-1455,van,28.8,57.9,2737,0.319,0.0892,clear,11.84
TS08-HJ-9890,van,28.0,72.7,1097,0.652,-0.0151,rain,8.86
TS09-RQ-4769,truck,15.0,76.8,230,0.867,0.0509,clear,8.72
TS11-FA-7706,van,44.3,24.9,2348,0.258,0.0404,clear,19.07
TS10-GW-2461,van,10.6,30.0,1042,0.486,0.0779,clear,4.2
TS08-EE-7562,van,54.8,73.8,262,0.021,-0.0048,rain,11.84
TS10-QW-1628,truck,38.6,21.6,3762,0.946,0.0433,clear,31.92
TS10-CY-6703,bus,5.8,53.3,2660,0.802,0.0402,rain,4.19
TS10-OJ-7173,bus,40.6,57.3,2298,0.505,0.0275,clear,22.7
TS11-EW-7538,truck,23.6,40.2,5296,0.992,0.0991,clear,20.17
TS07-YE-6408,truck,56.0,78.1,5863,0.22,0.0447,clear,33.68
TS07-FQ-7115,bus,56.4,16.6,3443,0.744,0.0296,fog,55.99
TS10-IV-1443,van,51.2,76.5,239,0.77,0.0828,clear,18.9
TS11-HQ-9149,truck,35.4,65.6,375,0.831,-0.0033,clear,15.42
TS08-KV-8781,van,55.4,54.1,2669,0.685,0.0145,clear,19.35
TS08-NI-5652,bus,40.0,84.4,1281,0.191,0.0135,clear,21.5
TS08-AY-6733,van,52.9,28.8,1315,0.091,0.092,clear,19.29
TS09-CB-5308,bus,12.1,78.5,800,0.18,0.0856,clear,7.69
TS10-GT-4531,bus,54.5,27.6,1530,0.858,0.0528,rain,48.74
TS07-NE-1130,van,40.7,94.2,1559,0.402,0.0184,fog,18.35
TS07-HN-9905,ev_van,20.3,14.7,742,0.546,0.0362,clear,2.99
TS08-BE-3874,bus,59.9,57.9,4023,0.025,0.0485,clear,34.43
TS08-IZ-4414,bus,42.2,25.9,2330,0.491,0.0448,clear,31.79
TS10-RD-3229,van,54.8,45.9,2408,0.409,0.0107,fog,18.62
TS09-LA-6803,van,3.3,24.3,1885,0.535,-0.0043,clear,1.24
TS08-IP-9538,truck,34.5,28.1,2181,0.375,0.0889,clear,22.18
TS11-ZK-2076,bus,43.6,17.1,4889,0.075,0.0569,rain,40.76
TS08-IH-2871,bus,3.8,12.7,5606,0.044,-0.0026,clear,3.15
TS07-ER-5418,ev_van,46.5,71.7,476,0.95,0.0988,clear,6.62
TS07-OV-4830,bus,40.1,49.6,4084,0.604,0.0294,fog,29.21
TS08-HJ-3507,bus,18.7,15.8,3859,0.643,0.068,clear,20.04
TS11-ZI-9312,ev_van,42.3,89.9,1740,0.915,0.0012,clear,6.55
TS11-BM-6908,bus,10.5,67.2,381,0.551,0.0919,rain,7.0
TS09-LM-7198,truck,50.0,33.9,419,0.616,-0.0105,clear,21.76
TS08-PG-9002,truck,52.4,48.4,2500,0.523,0.0947,clear,30.79
TS07-BA-4146,truck,30.7,52.6,826,0.176,0.0673,rain,14.11
TS10-ZL-2640,truck,31.9,59.3,3055,0.312,0.0073,rain,15.38
TS08-DM-7560,bus,25.9,83.2,5260,0.884,0.0017,rain,25.04
TS07-UF-7049,van,22.7,61.0,1192,0.444,0.0805,clear,8.01
TS11-UR-7242,van,52.8,93.2,1300,0.204,-0.0152,clear,16.43
TS07-DJ-6473,truck,20.4,72.3,2287,0.828,-0.0063,fog,10.11
TS10-UI-8788,van,26.0,94.0,1380,0.087,0.0607,rain,12.03
TS09-GT-2146,truck,20.1,57.7,6421,0.64,-0.0107,clear,9.74
TS09-UU-3308,ev_van,40.4,68.3,2111,0.7,0.0449,rain,5.99
TS07-AC-8426,truck,49.4,73.2,3484,0.304,0.0489,clear,26.31
TS10-NO-3939,van,12.4,74.6,1311,0.167,-0.0179,fog,3.09
TS07-AR-1317,truck,17.5,14.0,1722,0.448,0.0253,rain,12.34
TS07-UP-5406,van,8.9,22.6,2932,0.755,-0.0166,fog,3.99
TS08-DM-4226,bus,12.1,30.9,2004,0.887,0.096,clear,10.83
TS09-EG-2015,van,26.2,34.5,1159,0.815,0.0058,rain,9.64
TS09-HF-5945,truck,47.2,87.1,3553,0.11,0.0628,clear,30.7
TS09-FS-4092,ev_van,33.9,72.0,385,0.223,0.0609,clear,3.09
TS08-MD-4779,bus,6.0,23.9,2106,0.617,0.0727,clear,5.28
TS09-DO-1349,van,38.6,47.4,2806,0.71,0.0202,fog,15.79
TS10-AE-4151,van,48.3,32.2,408,0.009,0.0021,rain,11.89
TS10-SM-2181,ev_van,25.4,80.9,753,0.143,0.0437,clear,2.62
TS08-UC-7440,truck,17.0,88.2,1898,0.094,0.0633,clear,9.74
TS08-AS-1240,truck,46.5,25.6,2034,0.341,0.0706,clear,29.96
TS08-FP-1505,truck,4.4,46.6,7646,0.681,-0.0141,clear,2.48
TS07-NZ-1356,truck,49.5,91.1,5727,0.943,0.0703,clear,48.28
TS09-UH-5436,van,48.8,66.5,2775,0.09,-0.0065,rain,14.52
TS11-SH-7755,ev_van,53.6,84.1,2173,0.506,0.043,clear,8.34
TS10-NL-9327,ev_van,8.1,41.7,1637,0.372,0.0466,clear,0.91
TS11-ZR-4232,bus,9.1,29.4,3447,0.398,-0.0048,clear,5.63
TS07-DY-4268,van,52.7,69.4,1625,0.068,0.0957,clear,18.52
TS07-FA-5778,ev_van,30.1,23.4,1786,0.288,0.0566,clear,4.3
TS09-JT-5323,ev_van,25.4,81.7,1814,0.252,0.0069,rain,3.14
TS11-TB-3465,truck,35.7,74.7,4876,0.718,-0.0139,clear,18.92
TS10-NT-4016,bus,6.3,37.3,2804,0.642,0.073,clear,4.77
TS07-UU-6755,van,39.7,53.4,2091,0.636,0.081,clear,16.73
TS09-AS-6939,truck,56.9,78.3,1422,0.519,-0.0091,clear,26.6
TS10-ET-7519,bus,41.5,89.6,3399,0.342,0.0109,rain,31.78
TS11-OT-4612,ev_van,29.5,41.2,1394,0.244,0.0571,rain,3.62
TS10-SU-8708,ev_van,57.8,77.6,1430,0.011,0.0303,rain,6.26
TS07-UU-5907,ev_van,42.2,28.1,1375,0.148,0.0211,clear,4.24
TS09-SL-4724,van,6.2,87.0,2301,0.22,0.0309,clear,2.38
TS11-UF-8460,truck,41.2,69.0,6108,0.976,0.0406,clear,30.8
TS08-DW-3142,truck,6.4,24.7,2771,0.97,0.0022,rain,4.28
TS08-HM-2494,bus,20.5,73.4,2234,0.768,0.0266,clear,13.7
TS07-KF-2737,van,38.1,72.1,246,0.61,-0.0116,rain,10.17
TS11-PA-1914,bus,15.3,73.6,857,0.669,-0.0193,fog,8.09
TS11-HD-6989,van,5.2,40.6,935,0.601,0.097,rain,2.2
TS11-KT-4792,bus,38.2,73.4,4641,0.647,-0.0134,clear,26.13
TS07-UX-9859,van,19.3,80.6,2434,0.219,-0.0148,rain,6.36
TS07-OQ-1711,truck,33.4,40.8,2135,0.977,0.0868,clear,23.43
TS11-CG-9715,truck,17.9,29.3,6984,0.757,0.0971,fog,18.31
TS09-RM-7771,truck,42.1,85.7,3130,0.234,0.0813,clear,28.98
TS07-RB-2616,truck,54.1,63.5,6425,0.514,-0.0033,rain,31.46
TS09-LD-8181,ev_van,7.9,50.2,1274,0.789,0.0567,clear,0.98
TS08-WA-3135,bus,47.8,85.0,4333,0.911,0.0636,rain,56.32
TS08-PK-2413,truck,11.9,23.3,2979,0.384,0.0726,clear,8.11
TS09-YD-3269,van,21.8,79.3,398,0.484,-0.0065,clear,5.83
TS09-SD-3079,van,23.4,52.7,911,0.31,0.0269,clear,6.23
TS08-QC-6932,truck,14.8,15.5,5637,0.377,0.0131,clear,11.17
TS09-IW-8368,truck,7.3,92.7,7360,0.228,0.0585,clear,6.31
TS11-XG-8694,truck,46.8,76.6,5101,0.03,0.0212,fog,24.43
TS07-IO-7698,van,48.2,29.8,2353,0.416,0.0411,clear,19.83
TS09-OJ-6333,truck,59.8,88.7,310,0.471,0.0552,rain,39.82
TS09-MP-6401,truck,56.3,89.6,6128,0.78,0.0839,clear,61.05
TS08-DH-4679,truck,27.8,78.4,6717,0.523,0.0905,rain,25.69
TS07-EY-3520,van,10.6,22.6,1355,0.326,0.0632,fog,4.69
TS10-DZ-2912,truck,3.6,27.5,4052,0.463,-0.0012,clear,1.91
TS08-UF-5947,van,33.3,74.6,347,0.796,0.0867,fog,13.24
TS10-AA-8095,truck,52.1,87.8,1562,0.481,0.0045,rain,30.05
TS08-XY-8922,van,18.3,29.8,358,0.555,-0.0136,clear,5.04
TS11-VJ-9928,bus,14.3,50.2,4442,0.173,0.0325,clear,8.17
TS08-PA-9662,bus,28.0,24.8,4839,0.008,0.0622,fog,23.49
TS09-YJ-3818,truck,53.9,51.7,1048,0.93,-0.0021,fog,25.62
TS09-WO-8131,van,28.7,65.3,2780,0.268,0.0159,clear,9.4
TS08-UT-9065,ev_van,44.2,13.5,2131,0.348,-0.0104,clear,6.32
TS07-JC-4600,truck,29.4,65.4,4695,0.115,0.0542,clear,14.8
TS10-QT-7639,truck,24.3,65.1,7831,0.513,0.065,clear,16.85
TS11-WP-8881,ev_van,28.1,49.8,2230,0.737,0.0424,clear,3.9
TS07-SN-9611,bus,46.8,86.3,1491,0.686,0.0333,fog,37.02
TS09-ES-9552,truck,46.0,23.2,7641,0.856,0.0817,fog,49.63
TS07-BR-6000,truck,27.6,16.3,3655,0.287,0.0303,clear,18.79
TS09-CO-6111,van,18.3,53.2,634,0.315,0.033,clear,5.2
TS11-KJ-1734,van,10.9,56.2,760,0.966,0.0493,clear,3.78
TS09-QH-7580,van,3.1,34.1,2116,0.457,0.0645,fog,1.43
TS11-EO-7249,ev_van,9.5,91.8,2471,0.835,0.0732,rain,2.12
TS07-EK-2236,bus,12.4,33.1,2783,0.612,-0.0151,fog,7.63
TS08-DX-6391,truck,42.3,34.4,4670,0.181,0.0821,rain,29.5
TS08-UA-6371,bus,49.6,79.3,1941,0.957,0.0342,clear,38.63
TS10-VF-6322,bus,45.0,88.6,5104,0.324,0.0887,clear,45.75
TS10-UE-9787,truck,44.2,56.5,1098,0.642,0.0444,rain,23.23
TS08-KE-2349,truck,59.7,13.6,4742,0.255,0.0371,rain,50.04
TS08-DT-6376,bus,57.9,41.5,3600,0.576,0.0034,rain,40.76
TS08-OP-2657,van,18.3,30.6,203,0.541,0.0364,rain,6.37
TS08-WA-9609,truck,11.3,54.4,7536,0.261,0.0392,clear,6.35
TS11-GI-2861,bus,11.7,68.7,5851,0.989,0.0873,clear,12.46
TS09-FU-4486,van,54.0,44.6,1509,0.141,0.0865,fog,18.75
TS11-WK-6363,van,8.8,56.6,2232,0.443,0.0384,clear,2.93
TS07-BN-5256,van,22.4,75.1,2576,0.031,0.0841,clear,8.71
TS08-CV-4655,van,33.2,32.4,527,0.683,0.0825,rain,13.96
TS09-KM-6834,van,38.0,28.3,437,0.462,0.0938,clear,14.26
TS10-OE-8871,truck,37.0,78.9,5577,0.56,0.0234,rain,26.58
TS08-AB-7965,bus,47.8,15.1,3445,0.699,0.0055,clear,43.29
TS08-AV-3738,van,35.6,24.5,2102,0.764,0.0933,rain,21.63
TS11-WB-7213,truck,51.5,13.0,4662,0.966,0.0502,fog,55.44
TS10-EI-5416,truck,7.8,58.1,5866,0.864,0.036,clear,4.95
TS07-SH-9435,truck,52.0,61.8,1408,0.324,0.0294,fog,22.75
TS11-QD-1222,bus,36.6,56.1,1451,0.727,-0.0098,rain,20.19
TS07-MU-2376,bus,15.7,46.4,1575,0.076,0.0045,fog,7.12
TS10-BG-6385,truck,58.7,55.9,3449,0.136,0.015,rain,25.61
TS11-UN-1324,van,56.6,28.1,2327,0.46,0.0462,clear,24.84
TS08-UC-7356,ev_van,51.2,80.6,2112,0.46,0.042,clear,7.35
TS10-TF-3202,truck,55.0,93.4,3330,0.506,0.0451,clear,40.42
TS07-KN-2077,ev_van,24.8,56.9,1585,0.475,-0.0108,rain,2.45
TS09-GO-3724,truck,16.0,43.1,2502,0.641,-0.0188,clear,6.98
TS11-IW-2575,ev_van,13.4,77.7,1294,0.954,0.0356,clear,1.93
TS07-EK-9112,ev_van,52.8,28.0,2364,0.173,0.0032,fog,6.19
TS07-US-4099,truck,50.1,38.6,2300,0.357,0.087,fog,30.67
TS08-YS-3150,van,58.9,90.0,2406,0.074,0.0317,rain,25.56
TS11-KC-8320,ev_van,51.4,27.5,297,0.2,0.0222,clear,4.49
TS11-LS-3111,ev_van,39.0,21.3,994,0.987,0.0453,rain,6.76
TS11-JG-5505,ev_van,11.1,57.3,1715,0.04,0.0554,fog,1.19
TS08-QT-4650,van,12.4,60.8,2373,0.214,-0.0102,clear,3.45
TS10-LZ-3375,truck,30.0,61.6,4819,0.427,0.069,clear,17.16
TS10-NY-2974,van,46.8,25.7,2634,0.293,-0.0035,fog,18.39
TS07-WX-7725,van,12.9,71.9,2498,0.545,0.0264,clear,4.64
TS09-KR-7724,van,55.2,32.1,1929,0.99,0.0228,rain,26.97
TS08-AB-4100,bus,42.0,90.7,2219,0.704,0.0483,clear,37.56
TS10-LQ-5227,van,20.8,30.9,1218,0.406,0.0627,clear,7.66
TS08-TS-9664,truck,53.5,13.4,4998,0.683,0.0761,clear,55.15
TS11-JS-4155,van,37.1,59.1,2038,0.872,0.0433,rain,15.41
TS11-PV-3531,truck,44.8,28.8,3278,0.229,-0.0014,rain,23.49
TS07-DN-9652,van,25.0,64.2,1313,0.717,0.0635,fog,9.76
TS10-VM-9625,van,25.4,31.0,695,0.614,0.0375,clear,7.78
TS11-FW-1160,bus,3.7,47.5,202,0.734,0.0507,fog,2.19
TS09-LH-9401,bus,33.7,26.9,2877,0.084,0.0332,clear,21.39
TS10-DD-2054,truck,46.4,47.6,6681,0.733,0.03,clear,30.83
TS08-BG-7884,ev_van,58.2,23.3,1963,0.788,0.0642,fog,11.43
TS11-UM-7257,van,53.9,40.1,2983,0.687,0.0429,clear,24.51
TS11-BX-7508,bus,8.0,28.5,4083,0.197,0.0841,clear,6.43
TS08-LL-2420,truck,58.9,79.7,2025,0.161,0.0692,clear,32.95
TS08-HA-5509,truck,11.5,72.5,5483,0.738,0.0372,rain,8.55
TS09-IE-9726,bus,5.3,25.8,5005,0.648,0.0057,rain,4.48
TS10-MS-4348,ev_van,45.7,18.9,1674,0.984,-0.0179,fog,7.4
TS08-RU-6854,van,54.6,14.1,1549,0.455,0.0046,clear,23.01
TS09-AQ-6565,truck,57.1,30.8,5024,0.229,0.0138,clear,30.54
TS09-GZ-4376,ev_van,50.0,51.9,259,0.77,-0.0058,clear,4.12
TS08-SM-6015,bus,14.7,45.2,1738,0.749,0.0603,fog,10.23
TS10-JD-2506,ev_van,11.8,92.6,563,0.523,0.0191,clear,1.52
TS11-NK-3873,truck,6.4,77.8,3425,0.746,-0.0164,clear,3.39
TS10-XT-5808,van,36.2,18.5,2701,0.311,0.0324,clear,17.33
TS09-WW-4511,ev_van,30.8,25.2,632,0.216,0.0741,clear,3.76
TS11-VW-1508,truck,9.2,14.2,754,0.126,0.0208,rain,5.39
TS07-HT-1703,van,29.5,23.5,2375,0.29,0.0883,clear,14.58
TS07-AE-9268,ev_van,35.3,55.9,2196,0.655,0.0823,rain,5.85
TS10-SH-6625,truck,44.2,18.4,4345,0.258,0.0867,clear,36.18
TS10-NW-6125,truck,26.6,17.0,3137,0.883,0.0601,clear,23.83
TS08-QY-8438,van,21.1,21.8,1405,0.25,0.0768,rain,9.76
TS09-PZ-7736,truck,40.9,67.6,5340,0.684,0.0267,rain,25.38
TS09-HX-9789,truck,42.0,13.6,6684,0.528,0.0632,clear,39.44
TS07-AC-4478,bus,18.4,92.5,1299,0.212,0.0069,rain,12.2
TS07-WX-2624,van,4.1,43.6,2726,0.556,0.0046,fog,1.55
TS11-DU-4288,truck,56.9,39.9,5328,0.955,0.0932,rain,50.44
TS07-LV-9399,truck,46.1,51.4,5959,0.944,0.0459,rain,34.01
TS07-VH-5176,van,14.5,55.0,443,0.292,-0.0114,rain,3.17
TS07-ZU-6779,bus,35.2,46.9,5526,0.536,0.0037,clear,22.22
TS10-WD-3214,van,36.9,52.4,1679,0.151,0.0354,clear,10.1
TS07-MM-1267,bus,10.2,40.2,2300,0.469,0.0815,clear,7.34
TS10-AU-7348,ev_van,13.9,38.7,1118,0.321,0.0875,clear,1.68
TS11-DW-5929,van,57.5,14.3,1020,0.929,-0.0064,rain,26.62
TS11-SR-1290,truck,32.0,67.8,1471,0.633,-0.0126,rain,14.22
TS10-LW-7156,ev_van,13.9,63.2,280,0.185,-0.0054,clear,0.96
TS07-XB-3692,bus,48.5,67.5,1734,0.992,0.0606,fog,38.83
TS08-ZD-8600,truck,29.8,90.1,4074,0.694,0.0439,fog,23.49
TS08-QC-4526,truck,39.4,51.3,5401,0.135,0.0685,clear,20.96
TS10-SW-8344,van,20.0,85.2,2253,0.8,0.0512,clear,10.31
TS09-HG-9934,truck,6.3,48.8,4846,0.558,-0.0085,clear,3.05
TS10-XL-5369,truck,12.4,51.6,1105,0.4,0.0109,fog,5.18
TS11-SF-5715,truck,58.5,64.5,3566,0.196,0.0198,clear,26.53
TS08-TA-8442,bus,38.5,29.9,4071,0.278,0.0649,rain,31.45
TS11-AQ-1712,bus,50.4,30.0,4510,0.167,0.0516,fog,39.74
TS08-IN-9257,bus,4.2,54.3,2082,0.803,0.0936,rain,3.7
TS09-KC-8986,truck,46.6,17.7,7442,0.273,-0.0025,fog,33.93
TS08-MC-3599,truck,30.6,31.6,6404,0.47,0.0926,clear,24.91
TS09-XI-6045,van,40.9,77.9,2585,0.968,0.0064,clear,18.23
TS11-JH-1399,bus,23.4,50.5,4066,0.995,0.0212,clear,17.04
TS11-CF-2253,van,38.4,14.2,1359,0.791,-0.0159,fog,16.47
TS10-JS-6465,truck,5.0,17.0,7487,0.799,0.0156,clear,4.57
TS07-HA-1589,truck,5.6,88.3,7231,0.945,0.004,clear,4.47
TS09-GC-4677,truck,48.5,91.4,6662,0.797,0.0061,rain,43.8
TS09-ZR-4536,bus,10.1,65.2,5369,0.451,0.0487,clear,7.71
TS09-CK-6229,bus,3.8,27.4,5516,0.06,0.0737,rain,3.26
TS07-XN-8079,van,55.0,42.6,2290,0.208,0.0694,clear,20.09
TS08-VJ-9353,bus,18.1,37.4,1362,0.445,0.0795,clear,12.12
TS09-QF-9953,bus,36.2,77.2,3324,0.265,0.0678,clear,27.6
TS07-AL-8512,van,50.8,56.6,1925,0.329,0.0972,rain,21.63
TS11-WO-9249,truck,45.5,76.7,6232,0.059,-0.0178,clear,21.16
TS09-ME-8089,bus,5.7,41.9,3072,0.552,0.0985,clear,4.75
TS08-FJ-6427,truck,35.0,84.2,4200,0.352,0.0292,rain,23.0
TS08-JI-6364,bus,33.9,47.6,5974,0.259,0.0373,clear,23.36
TS10-RD-4123,truck,23.0,46.6,3727,0.61,0.0493,clear,13.16
TS10-FB-3894,van,46.0,52.6,564,0.277,-0.019,clear,9.15
TS10-RD-7091,ev_van,57.9,61.1,1832,0.476,0.0018,fog,6.18
TS07-TO-2138,truck,11.4,86.2,3028,0.246,0.0335,fog,6.93
TS08-VL-7192,van,11.3,50.0,896,0.681,0.0723,clear,3.94
TS10-AY-4020,van,44.9,89.2,1960,0.854,0.0844,rain,28.91
TS10-MP-4245,truck,28.9,44.7,7644,0.082,-0.0023,clear,13.61
TS11-DX-2865,van,48.3,38.9,1076,0.82,0.0116,clear,16.25
TS11-AA-1837,van,11.0,36.5,1242,0.852,0.0529,clear,4.34
TS09-GP-8378,ev_van,5.3,13.8,1271,0.965,0.0233,fog,0.95
TS07-NT-4820,ev_van,42.8,82.5,1782,0.828,0.0157,rain,6.87
TS11-RA-5873,truck,59.7,18.6,3288,0.552,0.026,clear,42.65
TS08-DY-3003,bus,8.4,39.7,2666,0.07,0.0642,clear,5.04
TS07-FV-6398,bus,52.3,32.8,4265,0.074,0.0038,rain,31.16
TS11-MD-4487,truck,25.0,73.8,7884,0.197,-0.0126,clear,12.75
TS07-OH-9730,truck,4.0,89.4,2669,0.447,-0.0196,clear,2.12
TS08-IZ-5681,ev_van,32.1,79.8,1546,0.955,0.0432,fog,5.09
TS07-MG-7449,truck,18.9,38.6,6396,0.175,0.01,fog,9.87
TS09-SY-7560,bus,42.5,49.8,1430,0.539,0.0474,fog,25.93
TS08-FN-5041,van,19.4,32.5,2491,0.998,0.0857,rain,12.39
TS08-VX-4433,truck,30.5,88.7,2968,0.014,0.0152,clear,15.63
TS10-ZA-4282,bus,14.4,21.9,844,0.047,0.002,clear,7.25
TS10-MU-5270,ev_van,50.2,91.0,257,0.27,-0.0198,fog,4.74
TS07-LK-8609,bus,55.7,79.5,392,0.225,0.0978,clear,35.67
TS07-ED-6108,truck,26.0,71.1,6422,0.499,0.042,clear,16.64
TS11-QV-8660,truck,28.6,76.2,5465,0.42,0.0763,clear,20.71
TS10-PG-9639,ev_van,59.0,40.2,2025,0.584,0.083,rain,9.07
TS10-WZ-4138,truck,11.1,36.6,6073,0.147,0.0994,clear,7.84
TS07-WM-9625,bus,49.1,43.7,2410,0.686,0.0832,rain,43.01
TS10-GJ-6491,truck,35.3,27.1,7478,0.215,0.0153,rain,24.21
TS08-HF-6845,bus,53.2,73.9,5292,0.452,0.0477,clear,41.51
TS07-CB-7606,ev_van,19.7,51.4,1001,0.033,0.0955,fog,2.17
TS07-KD-6285,bus,19.9,85.5,4683,0.798,0.056,rain,22.44
TS07-AK-7258,ev_van,21.6,84.9,2085,0.627,0.0723,clear,3.79
TS07-MV-6626,truck,3.9,24.9,4010,0.209,0.0888,clear,2.68
TS10-IY-2312,bus,12.7,30.2,898,0.602,0.0536,rain,9.32
TS10-LA-9494,ev_van,59.7,46.1,968,0.437,0.0631,clear,6.6
TS10-FB-7081,bus,17.2,21.9,5935,0.826,0.0506,clear,20.25
TS09-BZ-7462,truck,4.1,69.2,5784,0.984,0.0206,fog,2.94
TS09-GH-5063,ev_van,18.9,73.2,1982,0.125,0.0099,clear,1.94
TS07-JF-2015,bus,26.3,71.9,5489,0.49,0.056,clear,21.54
TS07-IJ-4150,bus,34.2,51.0,1376,0.258,0.0977,clear,21.34
TS10-NF-9750,ev_van,6.9,82.0,2427,0.75,0.0899,clear,1.35
TS10-MB-9228,truck,48.1,62.3,4242,0.034,0.0052,clear,20.28
TS10-ME-1967,truck,50.1,94.5,6008,0.545,0.0811,clear,49.07
TS08-FF-4667,truck,15.2,79.7,2682,0.857,-0.0175,rain,8.87
TS07-IW-8791,bus,48.5,71.9,2111,0.389,0.0507,rain,35.25
TS07-RZ-6204,truck,23.6,22.2,3005,0.838,0.0916,clear,21.59
TS08-MF-4575,van,27.1,81.1,1175,0.147,0.0951,fog,11.1
TS11-PL-2121,truck,56.4,37.4,688,0.918,0.0524,clear,33.26
TS11-ES-3727,van,53.8,46.8,1067,0.791,0.0557,clear,19.32
TS08-EJ-7093,truck,24.4,50.4,5250,0.391,0.0268,rain,13.69
TS09-AG-2441,bus,30.8,39.5,5431,0.131,0.0668,rain,23.92
TS09-XZ-9976,truck,19.3,21.0,525,0.52,0.0095,fog,10.33
TS07-MB-5457,van,32.4,28.5,247,0.67,-0.0159,clear,9.13
TS09-UI-1325,bus,41.9,78.7,3636,0.129,0.0802,fog,31.25
TS09-LQ-1898,bus,8.3,66.1,4258,0.933,-0.0128,clear,5.61
TS10-KT-9853,ev_van,55.4,90.3,1599,0.763,0.0598,clear,9.94
TS08-TD-9864,van,44.0,80.1,2925,0.952,0.0324,clear,21.95
TS09-TU-6472,truck,8.5,45.4,1985,0.299,-0.0148,rain,3.54
TS08-TM-6931,ev_van,52.5,77.3,1307,0.433,-0.0008,clear,5.2
TS10-MD-3632,truck,45.4,59.8,7344,0.24,-0.0079,clear,21.04
TS11-NQ-3326,truck,20.8,35.8,5016,0.274,0.0057,fog,10.79
TS10-MF-2315,bus,32.7,92.9,3547,0.145,0.0562,rain,30.03
TS08-OH-3207,truck,52.0,89.1,7476,0.125,0.0485,clear,38.22
TS08-HT-5490,truck,58.2,21.3,2843,0.671,0.032,clear,42.26
TS09-EO-9660,van,19.0,81.7,640,0.157,0.0812,rain,6.75
TS10-LH-4170,truck,40.1,18.4,1208,0.133,0.0704,fog,29.04
TS07-AU-8588,van,52.0,89.1,2501,0.535,0.0619,rain,28.95
TS11-QY-4747,ev_van,59.3,63.8,2171,0.704,0.0519,clear,9.04
TS08-GG-7705,van,7.0,25.8,855,0.778,0.0635,clear,3.16
TS07-YU-4426,van,31.7,79.8,1480,0.58,0.0072,clear,10.9
TS10-DL-1982,van,52.8,54.8,1838,0.202,0.0112,fog,14.96
TS07-AU-7694,ev_van,3.2,16.9,520,0.573,0.0158,rain,0.43
TS11-ZZ-9934,truck,27.9,78.3,6821,0.626,0.0689,rain,24.77
TS07-US-2459,truck,36.3,77.4,3467,0.258,0.0319,clear,18.76
TS07-ZW-3949,bus,33.0,52.0,5208,0.144,0.0951,clear,24.93
TS07-IA-7185,bus,44.8,72.7,4608,0.926,-0.0152,rain,34.3
TS08-BZ-8431,truck,6.7,15.3,2501,0.096,0.026,rain,4.13
TS11-ZA-7974,van,47.8,38.4,2206,0.277,-0.0014,clear,14.43
TS10-UG-4512,truck,19.1,67.9,5977,0.231,0.078,rain,13.07
TS11-BQ-8133,ev_van,50.0,31.1,916,0.892,0.0376,clear,6.56
TS10-PT-9183,truck,26.9,49.4,2179,0.502,0.0544,rain,14.73
TS10-DG-3745,truck,5.4,89.4,6623,0.957,0.0518,rain,5.88
TS08-JF-7148,truck,57.9,80.6,5488,0.828,-0.0105,clear,37.91
TS07-UR-9648,truck,47.5,58.3,5969,0.755,0.074,rain,36.65
TS07-HX-5442,truck,22.8,59.9,2642,0.177,0.0786,clear,11.71
TS09-AT-3276,truck,18.4,85.6,5833,0.344,0.0529,clear,13.97
TS11-JE-6343,truck,36.6,83.6,5772,0.82,0.0137,fog,29.32
TS09-MY-4279,truck,59.3,19.3,2800,0.984,0.0669,fog,56.18
TS08-QE-8456,bus,19.5,50.6,1769,0.878,0.0641,clear,13.43
TS08-GA-4085,bus,57.1,27.8,2702,0.948,0.0895,rain,64.27
TS09-SX-8000,truck,21.8,18.9,5965,0.642,-0.0059,clear,15.63
TS08-VF-2883,truck,43.1,36.3,1710,0.483,0.0892,rain,28.64
TS08-OF-9099,truck,24.8,62.7,7019,0.515,0.0864,clear,17.72
TS08-KP-4868,truck,7.8,77.9,2191,0.458,0.0157,clear,3.88
TS09-ZL-2017,truck,56.4,87.7,6749,0.155,0.0659,clear,42.05
TS10-SF-8650,van,12.3,47.1,636,0.306,0.0116,fog,2.99
TS08-DE-7429,ev_van,56.8,47.1,1901,0.09,0.0082,fog,5.31
TS08-MT-8675,ev_van,8.9,24.7,1491,0.089,0.057,clear,1.09
TS09-XH-8851,bus,18.2,28.2,4036,0.312,-0.014,clear,11.33
TS08-BS-7810,bus,55.5,20.5,5850,0.666,-0.0084,clear,47.68
TS11-XC-6591,truck,40.5,93.0,610,0.614,0.0592,clear,27.96
TS10-PA-1405,van,13.8,22.6,618,0.559,0.0942,clear,6.21
TS10-WE-1417,van,36.7,74.8,421,0.749,-0.0159,rain,11.26
TS09-IZ-9331,van,13.3,38.4,1655,0.423,-0.0172,clear,3.59
TS09-YF-9926,ev_van,52.8,56.6,2046,0.442,-0.011,clear,4.91
TS09-MB-2596,bus,5.8,84.4,518,0.518,-0.0198,fog,3.05
TS07-ME-1920,van,33.2,89.7,2382,0.067,0.0914,clear,15.57
TS10-WB-6044,van,6.6,31.9,1413,0.582,0.0369,clear,2.42
TS11-KE-1715,truck,42.6,87.6,7543,0.75,0.0631,fog,46.64
TS11-KC-8794,ev_van,56.3,32.9,1080,0.264,0.03,rain,6.56
TS11-SC-1742,truck,50.4,78.8,7880,0.855,0.0997,clear,50.66
TS08-EN-4530,ev_van,24.2,13.3,1480,0.266,0.0376,clear,3.89
TS10-CS-9405,van,16.5,56.4,2972,0.513,0.0927,rain,7.95
TS07-QN-1853,truck,9.9,72.2,5129,0.874,0.058,clear,7.24
TS08-UW-4315,van,52.8,81.6,1170,0.738,0.0937,clear,24.86
TS07-GV-6129,truck,7.6,81.8,6467,0.576,0.0394,clear,5.85
TS09-AU-5188,van,38.8,36.8,1563,0.623,0.0855,rain,17.92
TS09-VO-9351,van,23.9,82.8,1065,0.109,0.0201,clear,7.39
TS09-IX-6781,van,59.8,38.9,1539,0.699,0.0593,clear,24.02
TS10-FR-6041,ev_van,32.0,31.4,2205,0.612,0.0541,rain,5.56
TS07-GX-6141,truck,34.3,12.1,5912,0.085,0.0384,clear,24.77
TS10-EF-9470,truck,55.3,31.6,1555,0.124,0.0402,rain,26.62
TS09-XV-4031,bus,58.3,21.8,5064,0.971,0.0004,fog,55.43
TS11-UD-1859,truck,36.3,68.0,3565,0.178,0.0887,rain,21.83
TS07-TD-3541,bus,48.4,24.0,681,0.896,0.0345,clear,35.13
TS09-DI-7103,truck,39.2,60.6,1348,0.276,-0.0018,fog,15.64
TS11-MT-5770,bus,27.4,22.5,584,0.396,0.0645,clear,19.51
TS09-NY-1534,bus,6.3,70.5,4124,0.555,0.0673,clear,5.13
TS09-BW-6409,ev_van,43.9,35.7,792,0.626,-0.0146,clear,4.03
TS07-QL-1424,truck,42.9,37.6,952,0.498,0.0199,rain,21.75
TS11-JA-6515,ev_van,9.7,65.2,1041,0.348,0.0501,clear,0.95
TS08-RE-8453,bus,16.1,89.9,5228,0.499,0.0786,clear,17.75
TS09-KU-5933,truck,44.7,94.3,5104,0.701,0.0173,clear,36.95
TS07-PQ-3808,bus,11.5,41.7,3020,0.396,0.016,clear,6.77
TS07-BW-1038,bus,42.4,90.5,4453,0.545,0.0684,rain,47.57
TS09-VJ-2801,truck,43.9,62.8,792,0.379,0.0063,clear,16.02
TS10-QA-6192,bus,23.1,87.2,5320,0.33,0.0875,clear,24.44
TS07-KH-8500,truck,17.7,14.3,1586,0.299,0.0748,clear,12.73
TS11-ST-1204,bus,24.3,14.8,324,0.224,0.0872,fog,20.03
TS07-UL-5562,van,23.5,18.2,1215,0.761,0.0224,clear,11.16
TS10-JR-7541,bus,37.6,78.8,539,0.984,-0.0001,clear,23.27
TS08-RE-3794,van,45.4,23.5,668,0.029,0.0502,clear,14.11
TS10-ZB-6837,truck,52.1,26.7,5964,0.196,0.0028,fog,30.21
TS09-PU-1628,ev_van,4.7,60.6,1131,0.964,0.0119,rain,0.58
TS10-HE-5022,van,44.4,91.5,219,0.342,0.0281,clear,14.52
TS07-QO-5614,ev_van,20.9,59.1,1681,0.389,0.0355,clear,2.29
TS07-TA-3362,van,50.8,72.8,2180,0.663,0.0187,clear,19.68
TS08-SK-8348,truck,7.3,27.6,7235,0.353,0.0142,clear,4.76
TS11-TB-7936,bus,34.4,87.9,1097,0.493,0.0096,rain,24.56
TS08-XZ-1757,truck,34.3,16.6,6886,0.901,0.0628,clear,37.26
TS07-SD-9717,van,21.6,35.5,2184,0.565,0.0167,clear,7.74
TS09-OW-2955,van,58.3,49.7,1778,0.667,0.0633,rain,22.93
TS09-ZA-2571,truck,9.1,30.8,2242,0.217,0.0691,clear,5.17
TS07-ID-2548,ev_van,10.8,67.1,1253,0.261,0.0657,clear,1.2
TS11-MJ-4769,truck,39.7,68.3,1747,0.892,0.0897,clear,27.27
TS11-MM-9350,van,32.3,29.6,2210,0.918,0.0945,fog,19.93
TS07-MT-5631,van,18.1,12.7,2170,0.807,-0.0024,rain,10.56
TS11-XI-8359,truck,20.3,18.2,1694,0.122,0.0185,rain,11.39
TS08-GZ-1116,van,12.0,12.0,907,0.819,0.0745,rain,7.5
TS08-QK-8602,van,52.5,87.1,2723,0.019,0.0738,clear,23.01
TS08-OD-2900,truck,35.5,63.6,3879,0.597,-0.0115,clear,16.83
TS07-TF-7025,bus,17.0,23.5,3396,0.675,0.0954,clear,17.35
TS08-OW-8769,truck,25.4,19.7,7677,0.426,0.0827,clear,25.24
TS07-UY-7010,van,54.7,79.9,780,0.479,0.0879,rain,22.9
TS07-RQ-6959,truck,53.5,79.3,5092,0.742,0.0045,clear,34.6
TS09-NQ-5174,ev_van,6.9,89.0,1980,0.895,0.0401,clear,1.31
TS10-SH-6493,ev_van,40.3,25.2,935,0.189,0.0329,clear,4.25
TS10-MS-2139,truck,11.7,55.3,2609,0.138,0.0232,rain,4.91
TS08-SX-6813,truck,15.0,22.1,7195,0.63,0.0073,rain,12.42
TS10-IS-4206,van,52.3,78.0,478,0.231,-0.0032,rain,13.92
TS07-GP-9656,van,54.0,46.2,641,0.194,0.0845,clear,15.87
TS09-WU-6048,bus,7.7,69.8,2584,0.203,0.0437,fog,4.63
TS11-KL-7630,truck,52.8,14.5,6427,0.197,0.0521,fog,44.59
TS10-NL-9781,truck,44.5,76.6,3749,0.477,0.0114,rain,26.02
TS07-BM-1308,ev_van,47.2,31.0,822,0.964,0.0922,rain,7.96
TS08-OK-2829,bus,48.1,82.0,2638,0.828,0.0924,clear,47.57
TS08-PY-8032,ev_van,31.9,27.4,1225,0.543,0.0606,rain,4.8
TS09-DG-4965,bus,57.0,77.6,4417,0.081,0.0185,fog,36.32
TS08-RJ-8503,ev_van,14.4,23.1,2198,0.673,0.0079,clear,2.26
TS08-MS-2855,truck,31.8,67.1,2706,0.451,0.0514,clear,17.37
TS10-PQ-5090,truck,21.2,76.7,5727,0.778,0.0799,clear,17.04
TS11-UE-5999,ev_van,49.9,44.1,1813,0.494,0.096,fog,7.31
TS11-HN-7788,ev_van,7.7,32.3,1964,0.668,-0.0118,clear,0.94
TS08-NO-2597,truck,27.7,40.6,4687,0.2,0.0201,fog,13.5
TS07-OE-9533,bus,47.1,36.6,285,0.833,0.0269,rain,31.91
TS09-SK-3688,bus,20.8,64.5,4004,0.779,0.0243,clear,14.84
TS09-SK-3543,bus,16.7,15.7,3751,0.374,0.0601,clear,15.99
TS07-OR-5738,truck,18.0,15.4,4970,0.964,0.0457,clear,17.65
TS08-GJ-4130,ev_van,43.7,35.9,847,0.16,0.087,clear,5.12
TS08-YI-3255,truck,19.3,35.0,964,0.02,0.0067,clear,6.67
TS10-UM-7005,van,26.0,26.7,730,0.763,0.0279,clear,10.02
TS07-NB-2237,truck,34.1,71.5,1886,0.601,0.0449,clear,19.2
TS09-FA-2610,truck,56.6,14.0,1554,0.111,0.078,clear,38.23
TS10-PJ-9759,van,48.3,88.7,885,0.16,0.0788,fog,19.76
TS08-WI-1227,truck,13.6,74.9,736,0.131,0.0831,clear,6.76
TS07-HE-2415,van,53.3,45.4,954,0.167,0.0423,fog,15.41
TS08-ZF-3120,truck,51.2,83.3,7984,0.461,0.009,clear,34.94
TS11-FV-6587,ev_van,45.5,63.3,1376,0.051,0.0672,rain,4.98
TS11-OP-3032,van,32.5,59.3,1164,0.519,0.0946,clear,11.91
TS09-RZ-1872,ev_van,7.0,38.0,1857,0.605,0.0142,clear,0.86
TS07-AU-1741,truck,43.6,67.0,3862,0.727,0.0038,rain,26.63
TS11-JH-9774,truck,32.5,23.6,430,0.946,-0.0173,fog,17.68
TS10-OX-7791,bus,20.7,55.6,3375,0.082,0.06,clear,11.96
TS10-IZ-7473,bus,3.6,21.6,1964,0.035,0.0454,clear,2.3
TS11-ZO-4219,truck,16.2,48.9,4655,0.139,-0.0038,rain,7.06
TS11-ZD-6745,truck,37.5,63.2,1551,0.337,0.0039,fog,14.96
TS10-TZ-3269,bus,9.4,24.9,2999,0.525,0.0595,rain,8.25
TS11-QC-5598,truck,40.4,30.4,1710,0.004,0.0323,clear,18.57
TS07-YT-9141,bus,49.7,79.5,1933,0.692,0.008,clear,32.6
TS10-KL-9520,truck,21.1,33.2,5560,0.957,0.0527,fog,17.78
TS07-XK-6312,truck,7.7,19.9,1976,0.25,-0.0137,clear,3.64
TS10-CD-2446,van,11.0,39.4,1368,0.009,-0.0181,clear,2.42
TS10-BP-1971,bus,23.4,89.6,624,0.753,0.0113,rain,17.08
TS10-ZK-2909,truck,49.4,69.6,5560,0.77,0.0147,clear,30.27
TS09-RS-6728,bus,39.2,59.8,3326,0.044,-0.0075,clear,17.63
TS09-QF-2860,van,52.5,81.8,2479,0.617,-0.0062,rain,21.49
TS11-PW-6629,bus,59.7,66.8,3303,0.243,0.0001,fog,31.61
TS09-OR-2675,van,14.5,79.3,2984,0.633,0.067,fog,7.75
TS09-SC-1659,ev_van,42.6,66.5,755,0.726,0.0767,clear,5.43
TS07-PG-4925,bus,29.6,83.7,4504,0.223,0.0018,fog,20.8
TS07-GA-8265,ev_van,31.1,63.8,1194,0.261,0.0588,rain,3.36
TS09-EN-9395,van,21.6,34.0,1253,0.612,0.008,clear,7.16
TS11-WK-4244,truck,22.5,15.4,5906,0.582,0.0856,clear,23.4
TS08-HX-2237,bus,41.5,20.7,5742,0.886,0.0123,fog,45.02
TS11-XV-6647,van,38.4,54.5,2316,0.51,-0.0044,clear,12.14
TS11-AV-5598,ev_van,21.2,92.7,959,0.8,0.0327,clear,3.33
TS11-CY-6163,bus,9.8,75.0,3157,0.732,-0.0015,rain,7.01
TS07-NA-1745,truck,36.0,76.4,1894,0.666,0.0038,rain,19.85
TS09-VC-3360,van,45.1,67.1,1937,0.192,0.0207,clear,13.53
TS08-OA-6750,truck,34.8,87.0,3340,0.276,0.0593,rain,24.61
TS09-ZH-5443,van,3.2,73.0,839,0.567,-0.006,rain,0.93
TS07-XV-4193,bus,19.1,33.4,322,0.066,0.0141,rain,9.46
TS09-WH-3122,van,47.4,53.5,2791,0.045,0.083,rain,18.87
TS08-SF-1797,ev_van,45.3,45.6,381,0.05,0.0129,clear,3.35
TS07-ZW-9584,van,3.6,25.7,1122,0.921,0.0002,fog,1.46
TS08-LM-5714,van,29.8,30.5,733,0.689,0.044,clear,10.4
TS07-PB-3475,van,27.9,35.7,1584,0.837,-0.016,clear,9.14
TS08-RX-7286,van,40.2,26.4,746,0.963,0.0765,clear,18.99
TS09-NN-2329,ev_van,10.1,30.0,1893,0.701,0.0067,clear,1.39
TS11-XG-2035,truck,38.4,88.1,1954,0.515,-0.0041,clear,21.47
TS07-QA-1927,van,57.0,40.5,719,0.479,0.077,clear,19.78
TS10-DB-1184,truck,24.2,80.7,1892,0.746,0.0811,clear,16.14
TS10-JH-6755,ev_van,22.2,17.3,884,0.868,0.0682,rain,4.17
TS07-NM-7070,van,4.6,93.5,1997,0.83,0.0082,clear,2.24
TS10-RF-2261,bus,6.3,75.5,1416,0.493,0.0432,rain,4.25
TS09-BL-6627,truck,56.1,87.3,5635,0.774,0.0963,rain,60.57
TS11-QZ-6009,truck,58.6,55.7,3555,0.477,0.0373,clear,31.33
TS09-GR-8296,van,3.3,64.7,752,0.384,0.094,fog,1.19
TS08-BA-6690,truck,54.3,41.9,2072,0.298,0.0612,clear,26.56
TS10-DA-6889,truck,12.9,47.9,4313,0.055,0.0814,rain,7.14
TS08-KG-7462,ev_van,35.0,74.3,1071,0.201,0.0031,clear,3.04
TS10-BC-5995,van,41.7,16.1,1638,0.73,0.0912,rain,27.11
TS10-DE-7140,truck,23.5,15.0,6538,0.172,0.0824,fog,22.64
TS09-DP-1662,truck,33.2,84.6,557,0.901,0.0742,clear,24.41
TS08-SF-1571,ev_van,38.8,21.1,1105,0.079,0.0929,fog,5.64
TS11-FN-8421,van,14.1,71.8,1363,0.051,0.0747,clear,4.48
TS11-VI-8686,van,59.7,28.6,903,0.481,0.0492,rain,24.68
TS07-IF-5751,truck,14.6,42.4,3647,0.223,0.0578,clear,7.29
TS11-UZ-2232,truck,3.6,36.4,4620,0.103,0.0785,clear,2.15
TS10-SL-1877,truck,56.8,52.7,4763,0.06,0.0699,rain,31.93
TS07-XH-6735,van,27.5,80.6,2076,0.527,0.051,clear,11.77
TS11-MF-5362,truck,25.7,84.7,799,0.259,0.0518,fog,14.48
TS08-EV-4112,truck,18.7,30.4,3788,0.556,0.0856,rain,15.05
TS10-SO-5867,van,4.5,40.0,2321,0.148,-0.0188,rain,1.27
TS07-NT-2757,ev_van,18.1,81.5,1247,0.024,0.0662,clear,2.06
TS08-RZ-4527,van,25.4,19.4,2038,0.027,0.0479,fog,10.48
TS11-EO-9493,bus,32.7,21.7,3625,0.113,0.0806,fog,30.6
TS09-NE-5751,bus,29.1,51.8,2895,0.796,0.0047,rain,18.7
TS09-ZF-4297,bus,53.1,77.6,658,0.449,0.043,clear,32.04
TS10-YG-7253,truck,54.9,39.9,5139,0.624,-0.0047,clear,29.91
TS11-QL-3109,bus,21.1,17.8,3300,0.875,0.0591,clear,22.82
TS08-BD-4939,bus,57.7,92.3,233,0.213,0.0717,rain,44.49
TS07-AS-1638,van,52.3,89.9,779,0.871,0.0548,clear,25.02
TS07-PX-7519,ev_van,55.9,66.1,341,0.746,0.0466,clear,5.74
TS07-ET-7591,ev_van,43.3,68.6,1512,0.729,0.0212,clear,4.91
TS08-YX-7687,truck,14.3,89.5,318,0.871,0.0568,clear,9.92
TS10-UD-7305,bus,14.1,65.4,5086,0.126,0.0879,rain,11.77
TS11-FA-4247,truck,54.8,77.4,7590,0.541,0.0666,rain,46.61
TS08-YL-6950,bus,31.9,50.5,5858,0.484,-0.0172,fog,19.98
TS11-UT-9717,truck,53.8,30.9,1967,0.664,0.041,clear,30.89
TS10-GS-3894,truck,44.1,81.1,4062,0.238,0.0684,clear,29.3
TS08-QI-1219,van,15.1,68.8,2695,0.127,0.0405,clear,5.07
TS11-OR-8277,bus,24.9,36.0,4187,0.973,0.051,rain,24.03
TS10-PU-3658,ev_van,58.2,63.7,887,0.466,0.0894,fog,7.22
TS11-SE-2314,truck,4.1,79.8,6705,0.232,0.0849,clear,3.29
TS11-XZ-1908,truck,43.7,34.4,4677,0.129,-0.0102,clear,19.64
TS11-WT-5479,bus,58.8,75.8,4434,0.594,0.0413,fog,49.14
TS09-LA-5505,truck,8.9,18.0,7761,0.148,0.0547,clear,6.64
TS08-FB-5118,truck,18.5,63.9,7981,0.183,0.0822,clear,12.75
TS07-WX-8207,ev_van,34.2,94.9,1361,0.952,0.0119,clear,5.65
TS08-EN-7060,truck,51.1,83.9,1422,0.029,-0.0032,clear,20.34
TS07-WL-8377,truck,31.9,84.7,5033,0.187,0.0517,clear,20.34
TS07-LL-1432,van,6.4,68.5,2003,0.671,0.0361,rain,2.72
TS10-YO-4562,bus,10.2,50.3,3518,0.217,0.0109,rain,5.74
TS10-JJ-7834,van,24.4,68.2,1382,0.182,0.0932,clear,8.06
TS09-GK-8511,bus,21.4,38.7,3573,0.557,0.0181,rain,15.11
TS09-BW-7665,van,15.5,57.9,1695,0.696,-0.0134,clear,4.35
TS08-ZY-9960,truck,50.9,56.8,7569,0.431,-0.0129,clear,25.77
TS08-YU-8835,bus,4.5,57.1,5058,0.781,0.0041,clear,3.04
TS09-HF-9698,van,50.3,46.2,1302,0.815,-0.006,clear,14.33
TS09-YO-5808,ev_van,55.5,41.3,1513,0.623,0.0274,fog,6.82
TS07-KO-1983,bus,38.9,39.4,3483,0.578,-0.0103,clear,22.73
TS07-PG-7304,van,38.6,30.7,1630,0.816,0.0473,clear,16.27
TS09-KD-4653,truck,11.5,48.4,653,0.015,0.029,rain,4.15
TS09-OH-1250,truck,35.4,21.8,5758,0.511,0.0518,clear,28.78
TS11-YX-3608,truck,24.4,86.8,5904,0.129,0.0987,clear,19.11
TS10-DX-1049,van,16.1,17.8,1556,0.222,0.099,clear,7.88
TS09-WS-8768,truck,36.2,81.5,7232,0.949,0.03,clear,31.2
TS09-CA-2370,van,3.1,32.0,2955,0.004,0.024,clear,1.0
TS07-LB-2671,truck,18.8,82.8,6541,0.307,0.0618,rain,15.03
TS09-TR-1522,ev_van,40.4,71.8,2334,0.154,0.0241,clear,4.61
TS11-OJ-4444,van,28.9,88.4,1565,0.57,0.0734,clear,14.15
TS11-MG-4822,truck,11.3,84.2,7331,0.844,0.0522,rain,10.71
TS07-DI-2982,truck,3.1,70.2,7493,0.391,0.0039,clear,1.71
TS08-BP-2037,truck,18.4,24.6,5064,0.837,0.0298,clear,14.11
TS08-ZA-3517,ev_van,34.3,57.6,547,0.44,0.0836,clear,3.48
TS09-HI-2143,truck,33.5,40.2,1388,0.909,0.0464,clear,19.66
TS09-TP-9316,bus,10.5,85.5,2939,0.847,0.0652,clear,10.19
TS10-UL-6512,bus,38.0,84.4,4466,0.179,0.0652,clear,30.71
TS09-VN-4637,van,59.9,38.1,1604,0.885,0.0379,clear,24.59
TS07-WL-8185,bus,36.3,67.8,4839,0.193,0.0155,clear,21.25
TS10-AQ-5389,bus,33.1,40.1,4665,0.49,0.0516,rain,28.5
TS08-GQ-1776,ev_van,38.5,68.3,668,0.196,-0.0064,clear,2.9
TS10-WC-1071,truck,53.1,63.0,1236,0.386,0.0517,clear,24.06
TS07-SW-9892,van,56.9,54.4,2176,0.986,-0.0077,clear,18.99
TS07-MB-4340,truck,5.3,84.9,2699,0.765,0.0882,clear,4.3
TS08-PX-8241,bus,14.7,32.4,5602,0.554,0.0693,clear,13.44
TS07-GH-3256,ev_van,9.6,78.2,2198,0.935,0.0017,clear,1.38
TS08-PT-9457,van,47.0,69.2,1463,0.36,0.0742,clear,16.61
TS10-HE-4390,van,5.6,35.3,1825,0.173,0.0671,fog,2.08
TS10-ZK-2585,truck,54.5,47.0,6807,0.829,0.0674,rain,44.66
TS07-CQ-6307,bus,4.2,17.7,5254,0.012,0.0202,clear,3.35
TS10-AL-2623,bus,37.3,61.6,3430,0.805,0.0427,rain,28.82
TS08-QH-6934,bus,18.7,85.7,5837,0.022,0.0503,clear,15.22
TS08-NL-4453,bus,29.8,21.8,3222,0.284,0.0252,rain,23.92
TS07-OZ-6789,truck,28.2,23.0,521,0.355,0.0472,rain,16.39
TS10-UA-8133,truck,45.7,51.4,4589,0.319,0.0093,rain,23.04
TS08-RZ-9047,truck,31.3,35.3,6261,0.243,0.085,clear,22.21
TS09-VQ-2199,bus,27.0,35.0,5913,0.108,0.0952,rain,25.42
TS08-YX-9024,truck,44.6,65.0,1022,0.003,0.0192,clear,15.28
TS08-IU-1181,ev_van,55.8,46.1,1213,0.775,0.0211,rain,6.52
TS11-PQ-4945,van,48.3,82.1,1843,0.457,0.0059,clear,17.09
TS11-TB-5720,truck,45.0,47.6,7075,0.162,0.0838,clear,28.25
TS11-BT-3201,van,30.8,63.1,2204,0.082,-0.0004,clear,8.01
TS09-WM-1339,van,54.3,45.0,847,0.278,0.0759,clear,16.67
TS07-TY-3627,truck,30.7,33.2,6903,0.354,0.0799,clear,23.17
TS11-LB-5778,truck,56.0,51.1,5381,0.461,0.0179,clear,26.94
TS11-GY-6866,truck,48.8,71.8,7182,0.101,0.0732,clear,31.71
TS08-SK-1765,truck,11.6,91.1,6708,0.98,0.0344,clear,11.76
TS11-JO-7698,van,5.7,15.5,562,0.269,0.0218,clear,1.97
TS07-SJ-5900,ev_van,45.2,56.1,2409,0.441,0.0872,clear,6.54
TS09-UE-1968,truck,42.1,64.8,3744,0.709,0.0344,fog,26.54
TS09-DG-6916,van,37.3,19.1,2951,0.31,-0.0134,clear,14.99
TS11-SI-8329,truck,58.6,80.8,1659,0.082,0.0561,rain,32.21
TS09-ET-5650,van,34.1,34.9,2421,0.377,0.059,clear,14.74
TS08-RS-3013,van,22.8,84.6,1054,0.553,0.0562,clear,9.89
TS07-NB-6745,bus,35.2,57.9,460,0.842,0.0232,clear,18.71
TS09-FP-4379,truck,4.6,24.6,7954,0.368,0.0614,clear,3.78
TS08-FR-9125,van,36.0,73.4,1050,0.89,0.0149,fog,13.42
TS10-GV-2087,ev_van,54.4,25.0,385,0.546,0.0357,clear,6.45
TS08-AW-1404,truck,3.2,71.8,6912,0.717,0.006,clear,2.06
TS09-EF-6473,truck,51.2,79.1,3570,0.03,0.0536,rain,27.02
TS11-AE-3580,truck,48.7,59.8,4696,0.896,0.0773,rain,35.54
TS11-BE-4632,van,9.0,34.5,2958,0.213,-0.0083,rain,3.28
TS08-BO-6467,van,51.3,48.3,1546,0.326,-0.0168,clear,12.88
TS07-RB-7581,van,46.5,55.8,388,0.524,0.0713,fog,15.02
TS08-FF-8815,van,31.0,67.3,2135,0.96,0.0187,clear,11.72
TS09-RF-1509,ev_van,17.0,64.6,1834,0.346,0.0189,clear,1.76
TS07-LI-7909,van,19.4,45.2,744,0.221,0.0478,rain,5.81
TS10-IL-4433,truck,37.9,74.9,4454,0.961,0.0384,fog,27.05
TS10-QQ-1499,van,17.0,76.0,1234,0.808,-0.0054,fog,5.73
TS08-ZI-2570,truck,21.5,69.8,589,0.663,0.0713,clear,12.03
TS07-AU-1047,truck,56.1,34.6,2630,0.41,0.0012,fog,28.03
TS09-KC-8957,ev_van,44.6,51.0,2292,0.42,0.0791,clear,6.04
TS10-VY-9207,van,45.0,47.9,1041,0.951,0.0717,fog,19.17
TS10-NS-5038,ev_van,57.5,79.8,713,0.069,0.0001,rain,5.35
TS07-KM-1417,bus,3.3,79.1,5657,0.758,0.071,clear,3.25
TS11-XK-5465,bus,16.9,83.9,2417,0.601,0.0593,clear,14.65
TS11-LR-5635,bus,40.5,31.2,5655,0.968,0.0978,rain,54.47
TS08-UF-3020,truck,28.0,74.1,7066,0.558,0.0654,clear,21.34
TS10-SY-7396,truck,9.4,84.2,3870,0.281,0.0268,fog,5.74
TS07-WK-1078,bus,47.5,25.8,2433,0.78,0.0544,fog,44.4
TS09-EK-5238,truck,5.7,15.3,1274,0.986,0.0594,rain,5.33
TS07-WN-9685,ev_van,34.0,20.8,638,0.907,0.0695,clear,5.55
TS09-PV-2908,truck,35.1,62.3,2013,0.295,0.0362,rain,17.68
TS11-EZ-6754,truck,39.2,47.0,3869,0.346,0.0793,rain,22.93
TS09-FO-5977,van,21.0,28.2,1242,0.755,0.0144,clear,7.7
TS11-VM-4507,truck,4.3,55.8,6443,0.598,0.0956,clear,3.22
TS08-JA-1325,ev_van,53.7,77.2,882,0.012,0.0173,rain,5.04
TS10-GK-7283,van,56.0,83.0,1389,0.142,-0.0155,clear,15.62
TS10-JT-2424,truck,30.5,74.4,1157,0.085,0.004,clear,11.04
TS09-CN-1855,van,4.2,85.5,959,0.179,0.0913,clear,1.64
TS11-RG-6512,van,36.1,62.1,2392,0.305,0.0748,clear,14.1
TS08-NE-5502,van,21.0,81.5,2180,0.967,0.0327,clear,9.67
TS07-DP-5504,van,13.4,46.6,1326,0.676,0.0886,clear,5.27
TS08-BL-9331,van,12.6,82.8,1817,0.055,0.0096,clear,3.81
TS10-BY-4811,van,13.2,86.4,1483,0.607,0.008,fog,5.36
TS09-AI-8074,truck,21.9,69.0,7183,0.437,-0.0045,clear,11.98
TS08-EC-9323,van,19.0,47.8,1305,0.754,0.0331,clear,6.43
TS11-BY-8386,ev_van,50.7,35.4,1861,0.884,0.0417,clear,7.53
TS08-RG-3247,van,31.2,39.0,812,0.065,-0.0026,clear,7.01
TS10-FJ-4218,van,27.4,23.0,1415,0.98,-0.0062,rain,12.03
TS07-VR-8756,bus,11.3,15.9,3270,0.058,0.0269,fog,8.75
TS09-EH-4180,van,52.9,46.4,493,0.732,0.0079,fog,15.83
TS11-GS-2103,ev_van,6.1,15.5,1551,0.903,0.0489,clear,1.14
TS11-QL-4112,truck,16.7,85.1,4682,0.752,0.0429,clear,13.05
TS08-FP-8793,truck,38.4,65.9,1438,0.151,-0.0005,rain,14.54
TS08-TO-7963,bus,43.0,82.0,5992,0.208,-0.0184,fog,30.97
TS10-BA-9235,bus,48.7,48.9,736,0.041,0.0574,fog,24.12
TS07-OT-5533,van,26.4,30.6,2707,0.131,0.0727,fog,11.22
TS07-AR-9078,truck,22.8,36.1,4034,0.061,0.0386,clear,11.17
TS08-OY-8425,bus,19.4,82.9,1492,0.054,0.0491,rain,11.92
TS09-RY-8169,van,35.4,22.1,516,0.562,0.0954,clear,15.57
TS09-SI-9287,van,22.9,70.0,2158,0.077,0.0721,clear,8.12
TS07-FI-2818,van,21.7,30.7,2312,0.425,0.0201,rain,9.22
TS09-SX-5512,van,4.0,41.3,2086,0.71,0.082,clear,1.85
TS10-PA-7376,van,57.1,12.3,1376,0.015,0.0458,clear,23.21
TS07-OZ-8088,van,6.5,51.8,683,0.639,0.0426,clear,2.0
TS09-IV-8730,van,18.4,22.7,2411,0.757,0.063,clear,10.48
TS08-CP-6705,bus,55.5,83.4,5253,0.537,0.0315,clear,51.77
TS11-XF-3273,van,44.9,20.1,1297,0.476,0.0857,clear,21.48
TS11-IL-3748,truck,36.0,32.8,6761,0.731,0.0001,clear,24.51
TS08-OH-4715,truck,40.7,13.2,5158,0.53,0.0306,clear,33.09
TS08-CU-9020,bus,8.5,94.4,3256,0.509,-0.0122,rain,7.25
TS09-FQ-5806,ev_van,49.1,65.2,1604,0.802,0.0646,clear,6.74
TS09-PS-1366,van,17.3,65.4,502,0.838,0.0124,rain,5.33
TS07-CE-9744,truck,57.5,55.1,1178,0.368,0.0311,clear,24.07
TS10-RS-1302,van,16.2,84.0,2235,0.415,0.0864,fog,8.21
TS08-UM-5576,truck,38.6,24.0,7766,0.801,0.0024,fog,32.37
TS10-BU-7126,van,34.1,77.8,1622,0.545,-0.0197,fog,11.26
TS09-MB-2844,van,11.2,79.0,351,0.687,0.0494,clear,3.68
TS08-WC-3622,van,23.7,15.0,391,0.075,0.0325,rain,8.44
TS07-HA-3454,van,47.5,23.0,1509,0.095,-0.0134,clear,13.35
TS10-TJ-7354,truck,15.1,57.4,5330,0.532,0.0155,fog,8.59
TS10-XU-3063,bus,57.9,19.5,1098,0.819,0.0087,clear,45.01
TS09-UH-6156,ev_van,19.8,35.4,276,0.317,0.0113,clear,1.66
TS09-IF-1319,van,38.7,45.5,2243,0.961,0.0748,clear,17.91
TS10-VQ-3169,bus,38.3,25.0,1048,0.76,0.0166,rain,27.22
TS07-QF-5939,bus,29.8,70.4,2741,0.782,0.0388,rain,24.5
TS11-AP-9948,truck,40.4,53.1,5926,0.834,0.0119,clear,24.9
TS08-VV-5377,truck,45.4,65.1,1177,0.254,0.0941,clear,21.74
TS08-RQ-5288,truck,38.3,51.4,3653,0.33,0.0729,rain,23.14
TS07-TF-2208,bus,34.9,46.2,846,0.118,0.0308,fog,16.06
TS07-LD-4019,ev_van,37.6,52.9,999,0.38,0.0672,clear,3.97
TS08-LU-5053,bus,25.9,86.7,5492,0.036,0.0178,rain,19.46
TS09-DC-9787,truck,7.0,44.9,5552,0.751,-0.0101,clear,3.52
TS10-AO-1090,truck,12.1,65.3,380,0.803,0.0317,clear,5.87
TS07-JR-6582,truck,37.6,81.2,1249,0.214,0.0478,clear,20.24
TS10-EE-5798,van,55.8,63.6,1023,0.49,0.0219,rain,16.75
TS11-SR-1846,bus,4.5,30.8,5394,0.672,0.0282,clear,3.99
TS11-ZP-4029,van,34.0,22.1,2292,0.743,0.0657,fog,20.45
TS10-QY-1996,van,17.4,61.0,1929,0.969,0.0875,clear,8.29
TS09-SJ-8563,truck,35.0,72.4,1390,0.201,0.0873,clear,19.41
TS07-CU-2132,van,45.7,75.8,2801,0.247,0.0491,clear,18.64
TS09-HR-1107,ev_van,44.9,69.6,2059,0.854,0.0555,rain,7.79
TS08-ZJ-6384,bus,44.3,12.3,1589,0.097,0.0439,clear,32.18
TS11-PT-9629,truck,47.4,76.2,3354,0.786,0.0245,clear,29.66
TS10-VN-8327,ev_van,7.1,62.2,1185,0.133,0.0686,clear,0.76
TS10-IO-4013,ev_van,32.0,94.0,1551,0.464,-0.0067,clear,4.21
TS08-HM-4119,bus,17.9,75.5,2374,0.592,0.0873,clear,12.93
TS10-JM-2259,van,55.5,47.7,788,0.768,0.014,clear,15.7
TS08-JY-5020,truck,47.6,68.1,5403,0.115,0.0063,clear,21.19
TS07-IS-2487,van,9.1,63.1,2097,0.824,0.0129,clear,3.3
TS07-JJ-5327,bus,16.9,40.0,2766,0.851,0.0774,clear,13.83
TS07-SF-7400,truck,28.9,56.3,3996,0.793,0.0123,clear,15.43
TS09-FM-1329,van,57.9,29.0,342,0.937,0.0531,clear,22.42
TS10-HJ-2414,ev_van,9.3,19.3,1249,0.872,0.0212,clear,1.45
TS08-KF-9813,van,35.4,72.8,2441,0.768,0.0588,clear,16.28
TS08-EO-3869,truck,22.5,43.9,4814,0.579,0.051,clear,13.56
TS09-SC-5582,truck,39.8,74.7,7381,0.809,0.0997,rain,41.13
TS07-BC-2455,ev_van,40.0,52.5,1848,0.975,0.0173,rain,5.7
TS08-YX-1928,ev_van,16.7,79.2,1989,0.637,0.022,clear,2.23
TS11-QO-8130,bus,47.8,73.4,2859,0.243,0.0039,clear,25.88
TS09-GN-7524,van,8.2,75.4,686,0.248,0.0357,clear,2.25
TS10-EY-3562,bus,49.6,47.6,5491,0.796,0.0805,clear,43.75
TS11-IB-9966,bus,15.1,91.8,4023,0.989,0.0053,clear,15.1
TS09-FA-2162,truck,36.6,45.6,7294,0.21,0.0954,fog,27.62
TS07-YE-2457,truck,22.8,77.8,5017,0.97,-0.0184,clear,13.69
TS11-WF-6853,truck,37.8,52.6,3745,0.268,0.0766,fog,22.73
TS09-OI-7761,van,18.2,31.5,577,0.413,0.063,clear,6.09
TS11-SX-1994,truck,35.4,64.2,3302,0.908,0.0886,clear,24.89
TS10-ZN-9476,truck,3.5,50.9,4861,0.962,0.0426,clear,2.42
TS08-XY-6599,bus,24.3,33.9,5598,0.567,0.0617,clear,21.52
TS10-NI-5825,truck,50.1,43.8,6669,0.95,-0.0141,clear,30.58
TS11-AF-5494,truck,29.4,25.3,4203,0.842,0.0273,fog,22.38
TS08-QJ-6927,van,31.5,93.9,1454,0.866,0.0725,clear,17.96
TS07-IS-5241,bus,38.4,65.4,393,0.868,-0.0069,fog,20.04
TS10-QI-4854,van,27.7,26.4,1183,0.386,0.0739,fog,11.1
TS11-ZA-7348,ev_van,52.4,75.5,2457,0.031,0.017,rain,6.41
TS09-AQ-1209,truck,26.0,62.0,5980,0.165,0.0224,fog,13.45
TS08-RV-4713,ev_van,56.7,72.0,1407,0.074,0.0577,clear,6.0
TS11-VL-2556,ev_van,53.0,60.5,2183,0.242,-0.0106,fog,5.03
TS10-AX-4492,van,27.0,17.0,265,0.055,0.055,rain,9.91
TS10-TM-9744,van,23.9,28.9,2881,0.277,0.0896,clear,12.03
TS10-WC-5356,van,41.6,75.8,2159,0.589,-0.0087,rain,15.05
TS11-VL-1632,van,46.1,74.6,237,0.141,0.0104,fog,11.51
TS08-OQ-9317,van,13.6,74.6,2175,0.316,-0.0184,fog,4.17
TS07-KH-9639,truck,16.7,13.3,848,0.224,0.0422,clear,10.3
TS07-FH-1950,ev_van,11.3,78.8,1671,0.095,0.0677,clear,1.44
TS10-NO-9164,van,46.4,48.4,1042,0.676,0.0912,clear,17.41
TS09-IJ-8200,van,43.7,69.6,794,0.893,0.0242,rain,15.15
TS09-ER-7709,bus,13.8,34.6,3843,0.716,-0.0021,clear,9.39
TS08-OO-2574,truck,33.6,75.9,3586,0.684,-0.0165,rain,18.43
TS07-SQ-7423,bus,46.6,93.5,574,0.983,0.019,clear,38.06
TS08-NZ-3028,bus,57.0,33.0,4970,0.731,0.0415,fog,54.44
TS10-DB-9614,bus,13.2,77.1,1744,0.047,0.0881,rain,9.18
TS07-RN-8282,truck,20.3,62.2,5022,0.218,0.006,clear,9.11
TS09-SX-8464,truck,22.9,34.7,4953,0.637,0.0738,clear,16.84
TS10-EE-5472,bus,38.6,36.4,526,0.639,0.0377,rain,24.97
TS10-RU-1930,bus,10.8,72.7,5984,0.833,0.0841,clear,11.57
TS07-DO-6705,ev_van,14.0,35.6,1230,0.159,0.0836,clear,1.67
TS07-WH-6943,truck,47.5,16.0,1802,0.981,0.0829,fog,46.32
TS10-AW-9732,truck,33.9,84.5,3607,0.516,0.0282,rain,22.34
TS11-DK-3092,truck,12.1,60.9,4904,0.92,0.0215,fog,7.56
TS09-ZT-7938,bus,25.1,75.0,218,0.529,0.0049,clear,12.75
TS09-YX-8258,bus,10.7,62.1,1941,0.187,0.0074,rain,5.35
TS11-QC-3560,van,23.7,54.9,1702,0.351,0.0539,fog,7.73
TS10-IE-9524,ev_van,25.8,75.9,1797,0.221,0.0954,rain,3.84
TS09-WH-4235,truck,9.4,14.7,2644,0.264,0.0527,fog,6.76
TS08-JL-3678,van,6.4,37.9,1331,0.89,0.0295,rain,2.69
TS11-IL-8745,truck,53.3,64.1,1926,0.377,0.0091,clear,22.42
TS09-AA-4924,truck,53.6,90.3,2486,0.183,0.0582,clear,34.5
TS10-YD-5883,bus,3.1,44.7,4187,0.365,0.0053,rain,1.94
TS08-LL-3811,truck,39.5,92.9,2831,0.617,-0.0088,fog,25.34
TS07-BN-3020,van,8.3,74.7,983,0.201,-0.0088,rain,2.18
TS08-CB-2140,van,49.2,52.2,1036,0.051,0.0821,clear,14.35
TS08-EG-3717,van,53.1,47.6,1915,0.872,0.0259,rain,21.1
TS08-AD-9550,bus,38.1,22.7,3453,0.239,0.0928,rain,37.54
TS10-DH-4447,van,37.9,63.1,1339,0.936,0.0396,clear,14.07
TS11-WU-1959,bus,24.2,16.3,3867,0.047,0.063,clear,20.94
TS09-MQ-8602,truck,17.2,47.6,5214,0.651,0.0792,fog,12.56
TS08-OG-2892,truck,31.5,31.7,302,0.665,0.0849,clear,19.18
TS08-TL-7131,van,10.6,91.4,1149,0.156,-0.0005,clear,3.36
TS10-JY-1416,ev_van,41.3,42.2,762,0.665,0.006,clear,4.09
TS11-AJ-8427,truck,29.8,52.6,6667,0.388,-0.002,clear,15.59
TS10-IX-2239,van,13.1,43.2,971,0.382,0.0335,rain,4.21
TS10-NF-9286,van,36.5,23.4,1088,0.877,-0.0014,fog,13.46
TS10-AC-1505,van,48.3,41.3,1706,0.952,0.0581,rain,21.91
TS09-KS-7083,bus,36.6,76.7,3375,0.17,0.0235,fog,23.24
TS07-MU-9077,van,33.2,63.6,2471,0.684,0.0957,rain,16.29
TS08-BD-4060,van,51.3,48.3,1286,0.155,0.078,clear,15.4
TS09-JC-4060,ev_van,3.6,80.1,847,0.035,0.0669,clear,0.38
TS08-MC-8114,truck,38.2,12.3,4944,0.15,0.0626,clear,31.3
TS09-IX-7699,ev_van,26.4,80.6,1875,0.635,-0.0152,clear,3.21
TS07-DA-6045,truck,14.0,16.9,7942,0.726,-0.01,clear,11.36
TS08-JN-5852,van,58.8,84.2,1931,0.507,0.0319,rain,25.93
TS07-CU-9580,truck,26.0,90.6,4028,0.952,0.0898,clear,25.5
TS11-XM-8436,truck,22.1,80.0,1238,0.764,-0.0087,clear,11.17
TS11-XD-2320,truck,12.6,13.6,7898,0.162,0.0304,clear,10.42
TS09-NY-3860,bus,59.9,55.7,4173,0.208,0.0753,fog,43.37
TS11-XZ-2704,truck,51.8,80.8,1487,0.596,0.0184,clear,27.85
TS08-FT-7179,truck,7.0,57.2,3785,0.333,0.0915,rain,4.24
TS09-CN-7590,bus,35.2,41.9,3450,0.001,0.0922,clear,22.6
TS09-GP-6947,bus,11.4,51.1,1458,0.024,-0.0132,clear,4.41
TS09-WI-6485,van,43.8,18.7,2251,0.408,0.054,clear,20.64
TS11-FH-1442,ev_van,30.6,53.2,1696,0.524,-0.0025,clear,3.0
TS08-BT-1799,van,9.3,14.3,854,0.653,0.0329,clear,4.23
TS10-PZ-4133,truck,34.8,65.5,7920,0.763,0.0877,clear,31.02
TS08-GN-2973,truck,54.9,44.4,7600,0.969,-0.0112,rain,36.53
TS07-YR-2069,ev_van,22.4,27.9,811,0.839,0.0925,clear,3.58
TS10-HE-5242,truck,5.9,13.4,3646,0.356,0.0993,clear,5.62
TS10-AJ-9287,bus,56.9,88.5,5390,0.535,0.0604,clear,58.38
TS08-CL-7141,ev_van,11.1,58.2,1134,0.216,0.0228,fog,1.06
TS11-QB-8280,ev_van,30.1,65.7,2396,0.969,0.0101,clear,4.18
TS10-QX-7923,bus,34.0,76.7,1362,0.535,0.0319,clear,21.02
TS08-KN-5397,van,16.5,64.0,2227,0.25,0.0016,rain,5.11
TS10-SC-6115,bus,13.1,46.3,3677,0.724,-0.0176,clear,7.52
TS07-NK-2849,van,9.4,64.1,1169,0.488,-0.0125,clear,2.56
TS11-GB-4226,truck,7.0,33.0,5799,0.997,0.0596,clear,5.51
TS10-AM-4755,truck,32.0,58.6,389,0.075,-0.0175,fog,9.88
TS11-AA-6084,van,51.0,29.1,846,0.335,0.0162,fog,16.07
TS07-SH-6058,truck,10.2,88.1,2238,0.942,0.0612,clear,8.18
TS07-SN-1000,van,42.9,54.3,529,0.461,0.001,clear,10.52
TS08-BB-7285,bus,26.5,31.4,397,0.312,0.0199,clear,13.58
TS09-UG-7458,ev_van,5.0,65.1,1012,0.605,-0.0162,clear,0.45
TS10-RV-7365,van,33.6,19.5,811,0.664,-0.0065,fog,12.65
TS10-TL-7518,bus,17.4,48.0,971,0.093,0.0071,clear,7.34
TS11-TP-1666,van,37.5,83.9,640,0.259,-0.0049,clear,10.18
TS09-BC-4249,truck,22.9,75.7,6645,0.309,0.0366,clear,14.47
TS09-NX-7862,bus,41.0,70.4,750,0.246,-0.0048,fog,18.61
TS09-IS-3475,truck,55.4,51.1,5854,0.383,0.0166,clear,27.67
TS11-UR-3243,ev_van,16.9,49.1,324,0.335,0.0668,clear,1.67
TS10-VB-2594,van,56.6,12.9,314,0.731,0.0585,clear,26.31
TS09-JS-4609,ev_van,14.6,61.8,1217,0.599,0.026,clear,1.53
TS11-HJ-1030,ev_van,7.0,59.9,1078,0.429,0.0917,clear,0.82
TS08-GT-4038,ev_van,14.0,12.4,1455,0.2,0.0745,fog,2.52
TS08-IO-8069,truck,49.5,23.4,5681,0.421,0.0529,rain,40.12
TS11-BV-4500,ev_van,41.6,13.0,913,0.18,0.0324,rain,6.22
TS11-AQ-9374,van,58.3,33.0,744,0.952,-0.0128,clear,18.6
TS07-UC-9838,bus,43.5,12.3,4968,0.174,0.0295,clear,39.82
TS10-XX-3841,van,26.5,46.6,663,0.859,0.0454,rain,9.31
TS09-RE-3758,truck,53.9,51.5,6428,0.616,0.0989,clear,40.42
TS07-XG-4696,truck,57.6,48.3,4780,0.811,0.0942,rain,46.88
TS09-JU-9225,truck,48.1,28.5,2457,0.889,-0.0065,clear,27.44
TS09-VC-9696,truck,34.7,55.5,2651,0.804,0.0975,clear,22.87
TS07-BA-3189,bus,50.1,79.6,2350,0.589,0.0706,clear,38.96
TS11-HU-4818,ev_van,13.2,36.2,1559,0.267,0.0618,fog,1.8
TS07-MG-3622,van,54.3,37.9,2943,0.66,0.0884,fog,29.03
TS09-UP-3008,bus,60.0,57.1,2046,0.005,0.019,clear,25.45
TS10-SG-8665,bus,40.9,31.4,5663,0.377,0.0279,clear,30.94
TS11-PH-4187,bus,14.2,40.0,1390,0.858,0.0845,rain,11.74
TS09-EH-2208,truck,11.2,49.6,1081,0.581,-0.0075,rain,5.06
TS07-TD-5221,van,57.7,44.1,1690,0.261,0.0651,clear,19.32
TS09-BV-9853,truck,52.7,79.9,7817,0.892,0.0772,fog,53.15
TS10-RG-8596,van,45.7,82.5,1558,0.015,0.0862,fog,18.53
TS10-LS-9597,van,57.1,45.4,2440,0.883,0.0063,clear,21.87
TS10-FI-2666,van,31.7,49.2,1523,0.759,0.0615,clear,12.32
TS08-XE-9024,ev_van,53.6,91.4,2155,0.146,-0.0097,clear,6.63
TS08-MN-2131,truck,12.3,53.8,6539,0.063,0.0833,fog,7.24
TS07-HB-7786,ev_van,13.4,94.4,1778,0.951,0.0378,clear,2.57
TS09-VW-4128,van,32.2,75.3,1923,0.067,0.0549,fog,10.8
TS11-BL-6990,van,22.0,33.9,1651,0.974,0.0822,rain,11.74
TS09-TW-4815,van,27.7,31.0,2879,0.421,0.0407,rain,12.76
TS08-PW-9885,van,48.5,25.2,1761,0.354,0.041,clear,18.99
TS11-GF-6156,ev_van,6.0,78.9,975,0.65,0.0358,clear,0.75
TS09-PY-5941,bus,44.1,37.5,5317,0.496,0.0521,fog,37.0
TS08-WL-6444,van,8.0,68.1,2048,0.39,0.0661,clear,2.99
TS07-NL-2107,van,51.3,56.8,1763,0.64,0.0766,fog,20.82
TS08-SE-2188,bus,14.5,80.6,4157,0.35,-0.0164,clear,8.83
TS07-AL-5396,ev_van,44.9,74.3,1002,0.034,0.0218,rain,4.33
TS10-ON-9990,bus,36.7,17.3,2641,0.825,0.0319,clear,33.17
TS08-SC-8636,van,25.0,40.1,748,0.515,-0.0082,clear,6.52
TS08-JD-5579,truck,18.2,55.2,6869,0.687,0.0702,clear,13.19
TS08-ZE-4756,truck,6.3,78.7,5392,0.575,0.0427,fog,4.63
TS11-UT-5733,van,23.1,71.3,2508,0.614,-0.0198,clear,7.51
TS11-FV-6223,bus,14.4,57.6,2041,0.219,0.0558,clear,8.03
TS08-FN-1027,bus,10.7,79.1,5974,0.935,0.0207,rain,10.81
TS10-GK-2738,truck,45.1,48.1,2986,0.448,0.0672,rain,27.17
TS09-JE-8996,bus,15.1,16.6,2252,0.92,0.0016,rain,14.39
TS10-KB-8605,van,15.7,84.3,2890,0.807,-0.0199,clear,6.51
TS10-OP-1068,ev_van,22.4,55.7,1707,0.72,-0.0096,clear,2.26
TS09-EQ-9380,truck,29.4,79.1,7481,0.46,0.0328,clear,21.15
TS09-PR-9364,van,32.3,44.5,1945,0.023,0.0698,fog,10.61
TS07-IG-7448,bus,40.9,60.8,1630,0.315,0.0525,fog,23.31
TS09-UM-9780,van,36.5,39.5,1294,0.665,-0.0182,rain,11.28
TS10-AZ-9569,bus,30.5,46.0,5182,0.331,0.051,clear,21.38
TS07-KZ-8541,bus,25.5,24.2,3039,0.099,0.0379,fog,18.81
TS09-OA-6081,bus,18.1,73.6,4312,0.518,0.0756,clear,15.05
TS10-JH-8455,van,43.5,35.3,666,0.154,0.0108,clear,10.57
TS09-GJ-5429,bus,21.1,37.0,2519,0.306,0.0663,clear,14.11
TS08-OW-7681,bus,51.4,41.4,5069,0.502,0.0558,rain,44.31
TS08-MO-7121,van,36.4,47.9,2835,0.116,0.0548,clear,12.68
TS10-MI-6933,van,39.1,59.8,1108,0.113,0.0287,clear,9.99
TS07-RX-7384,truck,32.0,68.7,1546,0.21,-0.0185,rain,11.97
TS09-VN-5865,van,55.9,68.1,266,0.592,0.0025,rain,15.78
TS11-FU-7116,ev_van,27.0,47.2,493,0.933,0.0813,clear,3.24
TS09-CT-2970,truck,27.3,52.0,6718,0.239,0.054,clear,15.34
TS11-UJ-4915,van,53.9,23.6,1476,0.72,0.0494,rain,26.86
TS07-MB-9885,truck,37.5,55.3,2475,0.189,0.0431,clear,16.18
TS10-GU-1175,van,28.6,84.8,2372,0.636,-0.0108,clear,11.09
TS09-CB-3200,truck,17.9,50.2,6389,0.138,0.0217,fog,8.9
TS08-SX-7981,van,17.0,89.9,1214,0.845,0.0543,rain,9.06
TS10-OJ-3295,truck,48.7,24.9,7231,0.743,-0.0049,clear,35.78
TS11-NO-1134,bus,18.9,73.2,2886,0.681,0.0905,clear,15.79
TS09-RM-6528,ev_van,3.3,70.8,801,0.015,-0.0113,rain,0.25
TS11-AX-8352,bus,4.1,68.6,5419,0.836,0.0616,clear,3.72
TS09-TB-3773,ev_van,58.8,67.0,552,0.151,0.0161,rain,5.18
TS07-QW-6412,ev_van,34.9,13.9,2491,0.533,0.0836,rain,8.72
TS10-DY-2739,ev_van,30.9,73.6,1610,0.777,0.0792,clear,4.74
TS09-RW-9401,truck,55.3,53.5,7340,0.632,0.02,clear,34.1
TS09-OK-6109,van,23.0,55.5,701,0.819,0.0355,clear,7.22
TS10-QP-4964,truck,48.3,16.2,3235,0.709,0.0951,rain,51.64
TS07-BK-4568,bus,44.1,27.6,5265,0.756,0.0529,rain,47.99
TS10-XS-8243,ev_van,30.2,87.6,2125,0.299,-0.0193,rain,3.83
TS09-YY-2375,van,47.2,38.2,2641,0.379,0.0733,clear,21.05
TS10-NZ-6261,bus,58.0,44.7,1827,0.501,0.0234,clear,31.45
TS07-FD-2808,bus,14.4,27.7,3782,0.586,0.0131,rain,11.76
TS07-UM-7045,van,4.0,64.5,1291,0.692,0.0799,clear,1.62
TS11-QM-3402,van,49.8,73.5,1098,0.556,0.0961,fog,21.67
TS10-NT-1207,bus,26.0,88.5,3217,0.71,-0.0126,clear,18.88
TS07-DR-5663,ev_van,34.0,58.7,1845,0.151,0.0268,clear,3.23
TS08-IP-9690,truck,15.7,34.9,4244,0.395,0.0136,rain,8.58
TS11-MR-1751,truck,51.0,17.9,1998,0.913,0.0877,rain,52.28
TS11-AI-7526,van,44.1,34.1,2461,0.217,0.0841,clear,17.94
TS11-ER-2690,ev_van,57.3,63.3,2449,0.144,0.0881,clear,7.69
TS07-LO-3376,truck,30.1,92.9,3030,0.745,-0.0149,rain,19.95
TS11-QL-5370,truck,58.7,18.6,6824,0.194,-0.014,clear,38.8
TS09-CP-8061,truck,32.1,44.2,6938,0.458,0.0462,clear,19.59
TS09-LX-6496,ev_van,38.4,67.4,799,0.712,0.0,rain,3.99
TS08-AV-6636,truck,41.4,59.7,5701,0.485,-0.0065,clear,20.85
TS10-HE-5448,bus,30.9,66.1,5643,0.902,0.0112,rain,25.61
TS10-HN-9965,ev_van,35.1,50.4,1902,0.878,0.0651,clear,5.23
TS08-GG-9214,truck,15.7,34.2,434,0.503,0.0606,rain,8.92
TS09-XY-4788,van,23.7,52.1,1893,0.961,0.0742,clear,10.57
TS07-HO-4428,bus,43.0,43.7,4715,0.292,-0.0125,clear,24.15
TS07-ZH-6568,van,5.2,70.9,1931,0.234,0.072,clear,1.87
TS11-OS-1323,bus,42.9,26.2,367,0.67,0.0389,clear,30.37
TS10-WX-1754,bus,20.3,53.2,897,0.573,0.0176,rain,11.23
TS08-BX-3473,truck,18.5,91.6,6453,0.251,0.0532,clear,15.6
TS09-MR-9056,van,42.5,56.1,1567,0.371,0.0759,clear,14.32
TS08-UH-2778,van,15.3,31.7,2882,0.233,-0.0075,fog,5.23
TS07-JO-8021,truck,57.8,89.7,3437,0.237,0.0769,clear,41.2
TS11-NK-2570,bus,59.5,32.3,4966,0.368,0.0483,clear,45.56
TS11-KT-6632,ev_van,29.1,74.3,282,0.924,0.0544,clear,3.63
TS11-ZS-6955,truck,25.9,21.1,6760,0.835,0.0855,rain,29.57
TS07-AO-7344,truck,7.5,82.7,6901,0.512,0.0652,clear,5.93
TS10-GN-8758,van,47.4,27.0,1214,0.478,0.05,clear,18.02
TS07-JY-2796,truck,12.3,44.7,2614,0.031,0.0203,rain,5.11
TS08-MR-3296,truck,56.2,92.1,7297,0.462,0.0412,clear,50.15
TS10-GJ-6158,bus,59.5,60.1,4711,0.624,0.0804,fog,52.66
TS07-TR-8513,truck,10.0,33.9,4864,0.779,0.0995,clear,8.34
TS08-KX-1601,bus,41.9,12.1,2731,0.356,0.0707,clear,41.13
TS09-ML-4903,van,29.6,12.6,2754,0.919,0.0748,clear,21.82
TS10-FX-9064,van,33.8,34.8,2292,0.84,0.0639,clear,17.2
TS07-ZG-1465,truck,13.2,55.7,3451,0.082,0.072,clear,6.39
TS08-UV-6810,van,44.2,52.2,1591,0.903,0.0092,clear,15.09
TS11-GW-6715,truck,12.5,88.5,968,0.223,0.0309,clear,6.51
TS07-DG-1624,van,53.5,75.4,2470,0.923,0.0467,fog,28.33
TS08-ZG-6726,bus,28.9,88.8,5082,0.631,0.0459,fog,29.72
TS11-GS-5049,van,39.2,54.5,1196,0.412,0.0517,clear,12.4
TS08-YR-4948,truck,55.5,49.1,2615,0.436,0.0968,clear,31.74
TS11-XU-8818,truck,45.1,59.0,2167,0.563,0.0826,fog,28.82
TS08-IG-7263,bus,33.8,42.9,1206,0.844,0.0793,clear,25.22
TS11-RP-7940,truck,26.0,29.5,7593,0.837,0.0796,clear,23.67
TS07-JS-1470,truck,29.3,81.4,6120,0.415,0.0752,rain,23.81
TS11-EU-6548,van,22.5,68.5,1414,0.849,0.0615,clear,9.28
TS11-UN-7803,van,56.9,39.0,508,0.472,0.0108,clear,15.43
TS08-PX-1762,truck,17.4,49.0,1288,0.418,0.0827,fog,9.63
TS08-AN-8038,ev_van,26.3,30.7,1833,0.243,0.0136,clear,2.98
TS07-OK-8043,van,47.4,58.7,769,0.828,0.067,rain,17.99
TS08-EC-4666,ev_van,23.8,41.7,1000,0.62,-0.0067,fog,2.44
TS09-XM-2544,van,53.5,84.7,2880,0.431,0.0457,clear,24.79
TS10-BI-6880,van,16.9,55.9,1827,0.662,0.0183,fog,5.81
TS08-PL-9567,bus,4.8,46.2,4888,0.861,0.0645,clear,4.14
TS08-XQ-7744,van,38.8,74.2,491,0.198,0.0826,fog,12.5
TS07-AS-5323,ev_van,32.0,87.1,960,0.392,-0.0181,clear,3.22
TS08-XI-4902,truck,56.2,79.8,7186,0.38,-0.0063,clear,32.31
TS10-ZX-6871,truck,27.1,53.1,6522,0.076,0.0911,rain,17.75
TS07-CS-5582,truck,10.7,41.6,5843,0.334,0.0087,fog,5.52
TS07-SY-1588,ev_van,21.8,67.0,1551,0.762,0.0677,rain,3.34
TS11-IK-7453,bus,25.4,79.8,1760,0.253,0.0775,rain,18.67
TS08-EZ-4134,van,36.2,93.2,1839,0.811,0.0689,fog,22.4
TS07-RF-7979,van,18.6,50.0,342,0.955,-0.0161,clear,4.75
TS07-NK-9610,ev_van,34.4,67.5,665,0.224,0.0683,fog,3.55
TS09-YG-5260,truck,54.8,36.3,4242,0.41,0.0954,clear,38.98
TS11-EY-7955,van,27.2,19.3,206,0.131,0.0243,clear,8.04
TS10-GV-8584,ev_van,40.1,33.0,734,0.692,0.0652,clear,5.33
TS08-PB-4546,truck,16.0,13.2,1388,0.482,0.0132,fog,10.93
TS07-OO-5794,van,48.7,54.3,1167,0.589,0.0997,clear,18.38
TS10-YF-2929,bus,18.4,43.0,5178,0.779,0.005,clear,12.75
TS08-YC-1282,van,36.0,68.3,2853,0.776,0.0167,clear,14.11
TS07-TP-9276,bus,20.1,63.1,1157,0.516,0.0001,clear,10.07
TS08-KO-1657,truck,6.8,25.9,2002,0.882,0.0946,clear,5.62
TS11-UD-8584,truck,21.2,67.9,6806,0.932,0.0486,clear,16.2
TS09-IY-5666,truck,15.1,27.6,1547,0.631,0.0096,fog,8.38
TS08-VS-2728,truck,53.9,12.5,5982,0.038,-0.0039,fog,37.88
TS10-QH-4875,van,18.2,92.5,439,0.776,0.085,rain,9.51
TS11-ES-8482,bus,58.5,14.2,3960,0.892,-0.0125,clear,54.59
TS11-IG-9408,truck,31.1,40.4,2272,0.557,0.0572,fog,18.57
TS09-ON-5630,van,15.6,64.9,2299,0.7,0.0532,clear,6.13
TS10-LK-4605,van,25.3,42.7,1654,0.356,0.0726,clear,8.89
TS10-VO-7096,bus,13.5,43.6,1238,0.502,0.0618,clear,8.17
TS09-UK-4789,ev_van,50.5,72.0,1125,0.798,0.0804,clear,7.43
TS07-GT-1781,bus,9.8,62.0,3183,0.876,-0.0154,clear,5.69
TS08-UW-4737,van,52.8,55.0,2989,0.115,0.0316,clear,16.14
TS09-NU-5223,truck,5.6,85.6,3947,0.017,-0.0103,rain,2.67
TS07-LG-7154,van,20.1,21.0,623,0.374,0.0286,rain,7.39
TS07-PD-9747,ev_van,11.0,51.0,1477,0.391,0.0473,clear,1.15
TS10-DY-6161,van,42.1,31.8,817,0.773,0.0513,clear,16.62
TS10-BE-8270,van,32.2,15.1,2663,0.009,0.091,rain,18.73
TS09-QZ-4854,van,56.5,93.3,2535,0.764,0.0906,clear,38.15
TS08-UB-5094,bus,23.9,72.9,946,0.536,0.0172,clear,13.02
TS11-FH-5252,van,5.3,29.9,1847,0.698,0.0639,rain,2.7
TS07-BG-9079,van,46.4,45.4,2150,0.509,0.0655,clear,18.46
TS08-TL-7842,ev_van,36.0,30.8,779,0.791,0.0949,clear,5.33
TS08-WJ-8123,bus,50.2,68.8,3833,0.437,-0.0099,clear,27.45
TS11-LR-2067,truck,27.3,41.1,3809,0.346,0.0541,clear,15.4
TS09-JY-9405,van,45.1,88.3,1550,0.637,0.0289,clear,19.7
TS10-YZ-7910,truck,12.8,29.2,4500,0.444,0.0217,rain,8.46
TS09-FV-2749,truck,60.0,41.0,4647,0.303,0.0541,clear,33.08
TS07-WC-2277,truck,12.9,89.3,5736,0.914,0.0135,clear,10.34
TS09-PB-4403,van,50.3,85.4,1467,0.723,-0.0157,fog,19.03
TS08-HE-7095,truck,15.1,36.3,5837,0.197,0.0733,clear,9.42
TS09-YA-7997,truck,47.6,52.1,3990,0.74,-0.0096,fog,22.98
TS11-MS-4965,truck,52.1,85.3,5370,0.252,0.0194,clear,31.31
TS09-XN-6202,ev_van,53.0,67.7,805,0.431,0.0514,clear,5.54
TS11-ME-7144,van,30.1,64.9,1717,0.217,0.0548,rain,10.9
TS10-GS-1573,truck,27.4,66.8,3850,0.113,0.06,fog,14.17
TS08-WQ-6464,truck,50.5,88.4,2557,0.399,0.0993,rain,41.66
TS10-EY-3682,van,36.0,54.9,374,0.555,0.0282,rain,10.97
TS10-ZG-6709,truck,38.4,27.1,4179,0.302,-0.0035,rain,20.97
TS07-QL-1649,van,16.5,51.2,227,0.075,-0.0034,clear,3.22
TS10-ZC-9034,bus,28.4,72.5,2461,0.25,0.0412,rain,17.91
TS11-OX-3784,ev_van,24.1,52.8,1053,0.246,0.026,clear,2.18
TS10-SP-8499,truck,40.9,38.0,5143,0.591,0.0896,clear,32.42
TS11-UP-9792,van,14.2,67.3,2965,0.282,0.0413,clear,5.37
TS09-QE-3890,truck,26.1,49.4,6892,0.534,0.0342,clear,16.02
TS11-MN-8346,ev_van,51.4,91.9,2443,0.47,0.0835,clear,10.15
TS08-GA-3082,ev_van,34.1,41.2,2387,0.266,0.0755,clear,4.63
TS09-SI-4999,van,54.1,71.6,408,0.741,0.0657,clear,18.64
TS08-VN-2293,bus,16.3,58.1,1835,0.668,0.0433,rain,10.4
TS10-IW-3412,truck,28.1,18.4,2517,0.68,0.0082,clear,17.27
TS11-SD-7833,van,31.5,51.0,399,0.434,0.0481,clear,8.44
TS10-LE-5301,van,25.8,14.4,2571,0.317,-0.0061,rain,11.93
TS10-DI-7315,truck,42.0,77.6,7184,0.591,0.0444,clear,32.44
TS09-ZF-8000,bus,11.5,73.0,3709,0.959,0.0822,clear,10.75
TS09-FY-6607,bus,32.6,16.2,5368,0.434,0.0418,fog,35.32
TS09-HW-1271,van,10.9,53.5,2200,0.665,-0.0118,rain,3.4
TS07-EQ-1923,van,38.9,91.8,1434,0.442,-0.0162,clear,13.35
TS10-FR-8159,van,50.3,35.6,620,0.933,0.0833,clear,19.5
TS11-HB-7812,van,4.1,87.1,2884,0.265,0.0069,clear,1.76
TS09-YE-6167,truck,29.0,24.5,5600,0.458,0.0431,clear,21.37
TS07-MA-7750,bus,31.1,12.5,2254,0.494,0.0732,clear,31.66
TS10-CM-4853,truck,44.1,56.0,1203,0.729,0.0104,clear,20.0
TS10-ML-8478,van,7.3,31.9,2437,0.721,0.0685,fog,4.09
TS09-VX-8633,bus,26.1,85.0,4852,0.739,-0.011,rain,22.12
TS11-SO-5774,bus,47.8,67.9,3349,0.733,0.0698,rain,40.06
TS08-VS-8858,truck,33.3,69.0,8000,0.47,-0.0123,rain,20.92
TS10-MH-9869,truck,45.7,67.9,3214,0.156,0.0133,rain,20.27
TS10-WP-5593,van,23.7,68.4,2838,0.87,0.0108,clear,9.99
TS07-BS-3020,truck,55.4,74.0,5116,0.325,0.087,fog,39.35
TS07-UQ-2000,truck,7.4,67.6,5944,0.11,0.0441,rain,4.31
TS09-MA-6443,van,8.2,81.2,2768,0.129,0.0812,rain,3.77
TS08-WD-8623,bus,33.1,58.3,5021,0.495,0.0499,clear,26.06
TS07-TU-4668,bus,29.8,41.1,1874,0.426,0.0768,clear,19.65
TS08-DI-7026,bus,39.4,50.7,5230,0.664,0.0462,clear,29.99
TS10-EA-6051,van,16.1,48.5,1711,0.612,0.034,clear,5.55
TS09-ZT-5952,truck,15.9,39.6,550,0.107,0.059,rain,7.25
TS09-QL-7097,van,45.7,46.5,2087,0.297,0.0144,fog,14.44
TS07-VW-4914,ev_van,19.6,44.0,1349,0.896,0.0902,rain,3.07
TS09-MV-2583,van,44.5,21.2,1703,0.767,0.089,clear,25.3
TS08-PS-3661,bus,39.5,80.9,2587,0.871,-0.0113,clear,26.34
TS07-NQ-7898,van,7.7,74.8,379,0.022,0.09,clear,2.21
TS07-AK-6074,bus,43.5,40.0,1245,0.912,0.0018,clear,24.76
TS07-EK-3514,bus,53.1,90.4,4587,0.861,0.0618,clear,62.79
TS10-AX-2524,bus,49.5,90.8,1559,0.452,0.0788,clear,42.44
TS09-ZR-9985,truck,3.5,83.1,5096,0.674,0.0089,clear,2.3
TS07-SB-6506,truck,33.8,14.4,4427,0.272,-0.0065,clear,21.42
TS08-UD-9068,bus,55.1,42.8,1484,0.659,0.0707,clear,38.94
TS09-NO-1317,truck,37.1,50.0,2388,0.799,0.0331,fog,20.26
TS08-SY-9860,bus,19.5,71.7,2425,0.484,0.0384,fog,13.2
TS09-GM-5170,van,14.1,64.7,2665,0.028,0.0714,rain,5.15
TS08-JW-4513,ev_van,42.0,68.3,2365,0.416,0.0105,clear,4.81
TS07-SR-4405,truck,47.0,75.7,3217,0.725,-0.0083,clear,25.29
TS10-YY-8106,van,55.0,90.7,329,0.704,0.0949,clear,24.38
TS09-AN-8366,bus,54.6,57.8,3685,0.486,0.064,rain,40.24
TS11-UZ-5647,truck,22.3,87.0,3457,0.986,0.0583,rain,20.31
TS07-MI-8518,truck,37.4,79.6,4040,0.117,0.02,rain,20.62
TS10-LK-2435,truck,8.8,40.0,3647,0.158,0.0995,clear,5.37
TS07-IG-3386,truck,8.4,79.5,5306,0.258,0.0067,fog,4.52
TS11-RO-2609,truck,7.1,21.7,2575,0.804,0.0014,rain,5.08
TS11-QN-5193,bus,55.8,25.2,5377,0.763,0.0182,clear,52.42
TS09-VS-5364,bus,11.7,94.4,2643,0.773,0.0687,clear,12.49
TS10-YI-9103,truck,30.5,47.6,2865,0.88,0.0084,clear,15.13
TS10-EZ-7174,truck,27.7,50.2,7399,0.443,0.0175,clear,15.43
TS08-FX-8408,truck,21.5,90.9,2994,0.319,0.0436,clear,14.7
TS07-QC-3646,bus,33.7,42.0,682,0.6,0.058,rain,22.15
TS09-GN-4865,truck,3.2,31.7,1412,0.41,-0.0021,clear,1.42
TS09-UE-8164,bus,24.7,18.5,4343,0.524,0.0586,fog,25.63
TS08-AL-3720,truck,30.3,55.4,4586,0.14,0.0257,clear,14.01
TS07-KW-6269,truck,48.8,28.6,4370,0.396,0.0215,fog,30.14
TS10-DB-4017,ev_van,43.0,17.4,389,0.473,-0.0105,clear,4.57
TS10-XC-5288,truck,51.4,79.5,1480,0.087,0.0969,fog,30.01
TS08-TF-5362,truck,24.4,39.3,3290,0.994,0.0632,clear,16.85
TS11-MU-6596,truck,11.0,60.1,3694,0.038,-0.008,clear,3.93
TS09-GZ-3247,ev_van,25.9,20.7,1066,0.92,0.0239,fog,3.96
TS11-ZN-8820,van,57.9,54.0,1608,0.08,-0.0104,clear,12.88
TS10-TB-2234,van,15.2,64.4,2254,0.859,0.045,rain,6.46
TS07-AV-2578,ev_van,13.0,49.3,1662,0.548,0.064,clear,1.67
TS07-YH-8345,truck,56.8,40.0,4968,0.196,-0.0132,clear,24.08
TS11-NY-9718,ev_van,57.1,37.8,1483,0.231,0.0907,rain,7.77
TS07-DJ-6031,truck,11.5,21.1,1767,0.352,0.0249,clear,6.55
TS10-EF-3757,van,46.9,21.6,1893,0.794,0.0082,rain,21.9
TS08-YK-8813,bus,27.5,53.1,1119,0.147,-0.0044,clear,10.64
TS07-CU-3245,bus,31.1,23.5,4335,0.242,-0.0025,rain,22.95
TS07-PD-1552,ev_van,31.4,30.5,1240,0.693,0.082,rain,5.52
TS09-ON-6259,truck,58.2,25.7,4735,0.614,0.0376,clear,42.92
TS07-HI-3637,ev_van,13.5,78.6,2184,0.421,0.0758,clear,2.19
TS09-FQ-9420,bus,47.1,49.3,2364,0.061,0.0072,rain,21.86
TS10-KL-6266,van,3.3,57.9,479,0.558,0.0182,clear,0.86
TS10-HA-7323,ev_van,38.8,60.4,2250,0.229,0.0295,rain,4.51
TS10-CQ-1644,truck,40.2,44.9,3047,0.612,0.0345,fog,23.52
TS10-TA-7539,ev_van,46.0,36.8,1135,0.275,-0.0083,clear,4.16
TS07-GS-4195,van,55.8,43.7,1029,0.98,-0.0146,clear,16.5
TS11-YZ-1938,van,46.0,56.4,1376,0.591,0.0995,fog,17.63
TS07-EP-4869,truck,44.7,41.8,4264,0.571,0.06,fog,28.23
TS10-HF-6840,bus,17.5,23.3,5091,0.837,-0.0134,clear,15.07
TS10-RI-5736,van,59.6,87.8,2216,0.993,0.0727,rain,38.82
TS11-PY-4900,bus,29.7,72.8,3177,0.779,0.0233,clear,21.19
TS07-TL-1378,truck,26.8,17.5,6158,0.594,0.0756,rain,28.74
TS07-IE-7159,truck,31.6,87.2,6813,0.864,0.094,clear,35.01
TS10-IC-1706,ev_van,25.5,26.1,334,0.181,-0.0168,clear,2.01
TS11-IC-7402,truck,36.8,20.1,4819,0.764,0.0957,clear,37.09
TS11-DY-7520,van,22.9,26.4,321,0.68,-0.0001,clear,7.4
TS08-UK-6717,ev_van,16.7,89.4,909,0.563,0.0157,clear,2.23
TS07-GU-8246,truck,55.9,30.4,6147,0.867,0.0552,clear,45.81
TS07-FP-9151,truck,55.9,77.3,6372,0.71,0.0659,fog,47.59
TS10-SK-1492,van,31.3,65.4,2675,0.717,0.0004,clear,11.39
TS10-UL-5557,truck,57.8,55.0,4086,0.91,-0.0036,rain,32.68
TS08-LG-4784,van,26.7,42.3,436,0.699,0.0144,clear,7.46
TS07-PG-7520,van,25.1,19.7,555,0.255,0.0191,fog,8.1
TS09-XF-3456,van,55.3,71.0,884,0.184,0.0182,clear,13.91
TS08-QC-7176,bus,39.1,44.8,2359,0.513,0.0006,clear,20.4
TS11-RD-5436,van,46.5,56.4,1674,0.235,0.0965,rain,17.06
TS09-KM-7860,van,26.5,16.3,2009,0.7,0.0758,clear,15.87
TS11-HI-2872,truck,26.2,76.4,1468,0.843,0.0976,clear,19.21
TS09-OS-3408,van,7.7,69.5,729,0.292,-0.0076,clear,1.79
TS08-AC-1464,ev_van,58.1,55.9,598,0.913,-0.0109,clear,4.92
TS08-SU-9757,van,16.0,53.2,2314,0.747,0.0443,clear,6.26
TS09-LX-2323,bus,31.2,40.0,1952,0.988,0.0537,rain,25.9
TS10-VN-3352,truck,9.5,40.4,1500,0.199,0.0562,clear,4.45
TS10-ZG-6068,truck,39.9,17.7,3565,0.462,-0.0088,clear,23.65
TS07-GT-5463,truck,25.3,69.0,2131,0.64,0.0813,clear,14.98
TS07-ID-8014,truck,46.8,15.7,3081,0.763,0.0388,clear,39.03
TS11-CG-8712,ev_van,33.1,12.1,2095,0.912,0.0242,clear,6.84
TS11-TS-8751,truck,10.4,14.6,2804,0.891,0.0405,clear,8.71
TS08-XX-3067,van,3.6,28.9,690,0.236,-0.0151,clear,0.86
TS07-NT-8648,truck,15.1,59.3,2013,0.422,0.0058,fog,6.6
TS07-JT-1543,truck,44.3,68.5,468,0.718,0.0998,clear,25.99
TS10-HA-3177,bus,50.2,46.9,5427,0.132,0.0463,clear,33.04
TS10-WC-5174,truck,22.5,45.9,5636,0.959,-0.0106,clear,12.88
TS08-RU-9658,van,33.5,59.9,1497,0.747,0.0151,clear,11.42
TS08-HI-7850,ev_van,16.7,61.5,1490,0.829,0.0022,clear,1.82
TS09-AY-1936,ev_van,53.2,82.1,784,0.907,0.091,fog,9.63
TS11-EN-3811,truck,58.0,80.0,3349,0.178,0.0767,rain,38.18
TS10-KJ-5292,van,45.9,80.4,1096,0.422,0.0456,clear,16.08
TS11-GF-1595,truck,8.1,82.1,6631,0.652,0.0942,clear,7.23
TS10-RP-1212,ev_van,27.9,85.0,1910,0.822,0.0247,rain,4.65
TS10-VY-9361,bus,59.5,58.1,1847,0.738,0.0838,clear,43.42
TS08-SK-6363,truck,16.1,61.4,6146,0.122,0.0361,fog,8.61
TS08-RY-6869,truck,41.2,72.4,933,0.646,0.0818,clear,23.09
TS11-YD-9677,truck,56.5,28.5,1780,0.294,0.0881,clear,35.99
TS11-LP-6553,truck,47.1,41.9,1030,0.406,0.0356,clear,22.31
TS10-UC-1009,ev_van,37.7,87.8,748,0.994,0.0014,rain,5.11
TS08-NW-6875,van,31.9,55.4,833,0.157,0.0031,rain,7.89
TS07-SM-4318,ev_van,55.9,16.3,2271,0.104,0.0147,rain,8.89
TS10-HQ-2639,truck,25.5,45.7,2754,0.409,0.0068,clear,10.59
TS08-OQ-9272,van,54.4,25.3,1195,0.864,0.0266,rain,24.3
TS08-XV-4239,truck,27.6,41.6,978,0.162,0.0408,fog,11.82
TS07-GR-8098,bus,46.1,57.2,583,0.08,-0.0095,clear,17.38
TS10-SC-5547,truck,55.2,53.9,1911,0.419,0.0892,clear,29.53
TS11-KX-2114,truck,34.4,52.7,1249,0.632,-0.0197,clear,13.0
TS11-UQ-6556,van,20.7,13.5,1165,0.155,-0.0034,rain,7.79
TS11-JE-9268,truck,5.9,48.9,1651,0.805,-0.019,clear,2.6
TS07-RG-9362,bus,49.1,14.4,1233,0.846,0.0984,clear,54.39
TS11-MN-5091,van,38.5,45.6,2013,0.523,0.0293,clear,12.93
TS09-YH-9637,truck,18.0,65.7,7548,0.03,0.0035,rain,9.05
TS10-YP-8369,ev_van,53.0,22.5,229,0.516,-0.0058,clear,5.38
TS09-MG-2892,bus,55.5,88.1,4292,0.214,0.0244,clear,40.48
TS07-JZ-9443,van,53.6,64.3,2046,0.446,0.0971,rain,23.89
TS10-JN-7809,van,37.3,30.1,1838,0.76,0.0458,clear,16.05
TS07-XW-9732,van,58.7,44.7,2138,0.054,0.0225,clear,15.91
TS07-YP-5994,van,52.9,20.0,1624,0.0,0.0237,clear,17.06
TS07-MJ-9887,ev_van,8.9,13.8,2332,0.133,-0.0059,rain,1.3
TS08-FY-2687,van,58.9,88.0,643,0.045,0.042,rain,20.69
TS11-ZH-7202,truck,34.3,68.0,3894,0.26,0.0309,rain,17.14
TS10-NS-2188,truck,55.4,76.7,5294,0.404,0.0675,clear,38.51
TS09-NO-9497,van,46.3,63.6,2744,0.78,0.003,clear,16.64
TS11-PK-4641,truck,39.9,87.3,4002,0.03,-0.0035,clear,19.01
TS07-OG-8974,truck,21.6,86.4,7821,0.351,0.0498,clear,17.54
TS10-XZ-4600,truck,4.5,16.8,5321,0.929,0.069,rain,5.25
TS09-PL-3512,bus,18.8,27.7,4255,0.576,0.0397,fog,17.46
TS10-LY-2978,truck,42.1,44.9,6582,0.827,0.0748,clear,33.03
TS09-NX-6203,van,52.2,40.3,2255,0.484,0.0809,rain,23.91
TS07-IX-3448,van,3.1,55.6,1663,0.097,0.09,clear,1.02
TS08-DS-2255,van,14.9,34.1,2363,0.187,0.0254,clear,5.42
TS08-SX-2994,truck,41.4,78.2,479,0.758,0.0885,rain,28.88
TS08-DL-9988,bus,19.2,12.6,5610,0.864,0.0651,rain,29.68
TS08-GK-9063,van,11.1,77.7,2505,0.468,0.055,fog,4.98
TS09-PU-7434,bus,7.7,44.6,3898,0.492,0.0465,fog,5.47
TS09-ON-2627,van,39.4,12.4,393,0.45,-0.0176,clear,13.74
TS09-WB-8450,truck,36.9,82.3,2500,0.018,0.0472,fog,19.71
TS09-JC-7873,ev_van,51.9,49.1,783,0.096,0.0735,rain,5.34
TS07-OE-9180,truck,20.9,72.2,2205,0.992,0.0986,clear,15.92
TS07-UO-1368,van,10.8,84.9,2082,0.042,0.032,clear,3.71
TS10-WF-9716,van,48.6,14.8,2653,0.349,0.0988,fog,31.33
TS10-TI-2079,truck,59.3,33.8,5517,0.691,0.0005,fog,36.73
TS09-UP-6826,van,23.5,21.9,1289,0.425,0.095,clear,11.34
TS10-IA-8955,truck,52.3,20.1,7760,0.983,0.0508,clear,55.82
TS10-OO-8675,van,46.5,90.5,2615,0.033,0.0595,clear,20.43
TS10-RU-3596,van,55.0,78.9,2119,0.875,0.0488,clear,27.73
TS10-ZG-6138,truck,27.2,42.3,3300,0.135,0.0979,rain,16.44
TS10-NZ-4631,truck,8.8,69.0,5534,0.205,-0.0147,clear,3.88
TS08-DW-7175,van,9.7,88.3,1342,0.528,0.0293,clear,4.1
TS09-LK-9410,truck,46.5,30.3,1410,0.871,0.085,clear,32.62
TS10-ZU-7908,ev_van,52.2,13.2,1623,0.414,0.0001,rain,7.98
TS09-GQ-7443,van,29.0,80.4,2155,0.294,0.0484,rain,12.47
TS09-AY-8436,van,6.4,72.0,1178,0.402,0.0428,fog,2.08
TS08-MD-9429,truck,6.8,25.3,7449,0.094,0.0769,clear,5.12
TS08-JL-3368,van,37.1,52.6,2592,0.838,0.0902,clear,19.06
TS10-ZW-5775,ev_van,55.4,25.3,1541,0.915,0.0111,clear,8.55
TS07-WG-9198,truck,25.8,62.0,670,0.676,0.0632,fog,14.42
TS08-NL-5100,truck,40.1,65.7,334,0.445,0.0457,fog,19.61
TS07-OK-8628,truck,33.9,35.0,5191,0.614,0.0595,clear,24.19
TS09-ZH-3954,bus,53.7,76.8,4920,0.552,0.004,clear,37.91
TS07-TB-3568,van,50.4,51.3,1601,0.052,0.0127,rain,14.06
TS11-PO-8242,bus,14.4,70.6,336,0.394,0.046,rain,8.13
TS10-XR-5037,van,41.6,65.1,606,0.657,-0.0196,rain,11.28
TS07-JS-3280,truck,51.3,49.4,1848,0.848,0.066,clear,29.8
TS10-DB-4283,truck,56.0,36.3,5096,0.359,-0.0006,fog,29.38
TS08-WJ-4768,truck,36.6,29.0,3991,0.819,0.0918,clear,31.37
TS09-IX-7651,ev_van,13.0,73.9,435,0.757,0.0833,rain,1.92
TS07-FC-3306,van,34.8,65.3,1605,0.929,0.0548,clear,14.77
TS10-YM-1734,bus,41.0,35.3,5243,0.989,0.0869,clear,45.28
TS07-KG-6190,van,18.5,92.3,1430,0.042,0.0985,clear,8.32
TS07-FO-3528,truck,58.5,79.3,1368,0.437,0.073,clear,35.48
TS08-FB-4106,truck,16.1,22.5,4708,0.774,0.0552,fog,14.81
TS08-XX-4883,truck,54.9,25.5,7449,0.823,0.0339,rain,48.46
TS08-KP-4478,ev_van,27.2,57.2,467,0.083,0.0776,fog,2.54
TS10-ZK-2055,van,3.0,20.5,638,0.607,0.0645,rain,1.36
TS07-WK-3944,van,34.0,92.0,1787,0.898,0.0367,clear,17.92
TS10-YL-3836,truck,38.8,65.0,2852,0.227,0.04,rain,18.77
TS11-CV-5679,truck,52.6,17.5,7185,0.347,0.0075,rain,39.55
TS07-FR-7776,van,33.8,48.8,2196,0.395,0.0746,fog,12.96
TS07-RZ-7177,bus,8.4,30.4,1053,0.395,0.0854,clear,5.87
TS10-FQ-7376,ev_van,55.8,52.7,2203,0.562,-0.018,clear,5.72
TS07-IW-9987,van,35.2,32.5,1998,0.061,-0.0066,rain,10.25
TS07-TN-6313,bus,18.5,81.0,3063,0.779,0.0989,rain,19.38
TS09-WL-6303,van,54.2,71.9,918,0.123,0.0014,clear,13.11
TS10-OW-3135,ev_van,9.9,87.2,1694,0.813,0.0684,clear,1.83
TS11-RY-4371,bus,8.6,28.4,5411,0.017,0.0377,clear,6.45
TS09-BY-8343,van,33.5,44.0,308,0.787,0.0426,rain,11.56
TS08-BS-7050,ev_van,38.6,78.9,1063,0.355,-0.007,clear,3.59
TS09-EX-4892,truck,32.1,43.0,7498,0.656,-0.0035,rain,19.94
TS10-WO-1849,ev_van,56.0,43.5,1081,0.179,0.0493,clear,5.62
TS11-RX-6512,truck,18.0,93.8,480,0.537,0.0253,clear,10.75
TS11-WF-2554,van,59.4,76.0,484,0.299,0.0757,clear,19.15
TS07-UG-5050,van,4.1,83.4,2134,0.004,0.0966,clear,1.64
TS10-LB-4255,van,9.8,45.8,2160,0.725,0.0775,clear,4.11
TS07-KT-5679,bus,13.6,60.6,867,0.131,0.0287,rain,6.82
TS10-CT-4825,van,7.5,49.4,814,0.94,0.0379,clear,2.55
TS08-QD-5483,truck,28.0,49.4,4598,0.544,-0.0012,clear,13.27
TS09-EY-4267,truck,52.3,22.6,5555,0.002,0.0635,rain,37.12
TS07-LZ-7019,truck,49.8,81.9,1423,0.945,0.0337,clear,33.67
TS10-XC-5952,van,45.5,44.4,1478,0.133,0.0829,clear,14.6
TS08-RW-1694,bus,3.4,60.3,3460,0.834,0.0582,rain,2.87
TS07-YM-3836,truck,52.3,83.1,588,0.329,0.0005,clear,23.75
TS07-JA-3005,ev_van,25.6,76.2,715,0.568,0.0293,clear,2.92
TS07-CZ-8109,bus,44.7,28.5,5530,0.836,0.0612,clear,46.19
TS11-GH-3543,bus,44.4,63.3,5304,0.05,0.083,clear,29.84
TS09-EG-9772,bus,13.1,53.1,2070,0.68,0.0221,clear,7.4
TS08-UF-9368,truck,32.4,33.6,6970,0.149,0.0603,fog,22.56
TS10-WN-9155,van,55.8,15.4,1971,0.716,0.0008,clear,27.58
TS08-MB-2534,bus,18.0,64.3,5893,0.161,0.0886,rain,15.47
TS10-IC-3631,truck,43.8,76.7,7737,0.022,0.049,rain,28.45
TS08-SC-1231,ev_van,57.6,90.2,1619,0.155,0.0722,clear,8.96
TS10-DK-7145,van,23.6,41.5,1510,0.626,0.0276,clear,7.87
TS09-DS-1434,van,25.1,45.1,598,0.986,0.0929,clear,9.87
TS08-CN-7215,ev_van,28.8,25.5,1420,0.97,0.0664,clear,5.04
TS10-DI-2316,ev_van,49.1,93.7,1116,0.746,-0.0016,fog,7.15
TS08-FT-7757,truck,28.0,82.5,5236,0.825,0.046,clear,21.74
TS11-FA-1318,van,30.7,91.5,451,0.874,0.0126,clear,12.62
TS11-XF-8885,van,15.7,53.1,2538,0.528,0.08,clear,6.47
TS09-EI-3387,truck,59.3,29.4,7743,0.229,0.0739,rain,46.43
TS10-EE-7475,truck,53.9,59.6,1833,0.661,0.0393,clear,27.71
TS08-GV-9382,truck,37.2,42.9,5136,0.142,0.0162,clear,16.93
TS09-VV-6295,van,57.8,40.9,2445,0.832,0.0823,clear,27.56
TS11-AA-8952,van,42.2,18.8,1752,0.412,0.0821,fog,23.08
TS07-SK-8090,van,57.7,18.1,2819,0.266,0.0406,clear,27.38
TS10-BI-7376,truck,12.2,43.4,4193,0.843,0.0661,clear,8.27
TS11-UX-9608,truck,15.9,88.9,2310,0.111,0.0143,rain,8.81
TS11-PI-5571,bus,53.5,72.0,2935,0.975,0.0219,rain,42.43
TS10-LV-7310,bus,26.9,75.1,3030,0.95,0.0933,clear,25.58
TS08-XW-6397,ev_van,24.2,31.4,784,0.609,0.0684,fog,3.11
TS07-FV-1158,ev_van,46.0,73.0,2010,0.712,-0.0113,clear,5.32
TS09-QG-8780,ev_van,38.9,45.7,1621,0.037,0.0349,rain,4.16
TS09-BI-4577,ev_van,22.6,16.9,1052,0.437,0.0275,rain,3.44
TS08-YJ-5514,ev_van,25.7,44.8,1170,0.885,0.0077,clear,2.8
TS09-FO-4182,bus,26.3,22.9,2356,0.012,0.0994,clear,20.54
TS07-KP-2055,truck,10.2,82.9,3694,0.291,-0.0037,clear,5.27
TS10-RI-6328,truck,16.1,81.7,4319,0.354,0.0177,clear,9.01
TS08-QE-6496,bus,33.6,35.9,2119,0.675,0.0818,clear,27.56
TS07-AG-2569,truck,47.6,62.8,6582,0.705,-0.0041,fog,28.06
TS09-EG-1881,truck,26.9,42.2,7441,0.065,0.0251,clear,13.92
TS11-TF-2081,ev_van,24.9,24.8,1402,0.218,0.0561,clear,3.43
TS11-RX-2605,truck,40.1,65.9,5749,0.825,0.0204,clear,23.56
TS08-DL-2462,ev_van,12.0,75.1,2340,0.192,0.0291,clear,1.39
TS07-NZ-6808,van,24.7,76.3,737,0.287,0.046,clear,7.73
TS10-VZ-2156,van,14.9,24.4,731,0.162,0.0943,fog,6.1
TS08-QV-7963,van,40.1,54.5,403,0.754,0.0845,clear,14.49
TS10-IJ-1717,truck,9.4,14.0,3648,0.027,-0.0066,clear,4.79
TS08-EY-1823,van,28.5,19.5,1127,0.302,0.0483,clear,11.67
TS08-XY-4389,truck,37.0,18.7,4572,0.532,0.0584,clear,29.31
TS09-NV-7917,ev_van,50.5,16.7,1237,0.006,0.0191,clear,5.95
TS09-JJ-6841,truck,44.3,39.7,1684,0.954,0.0117,clear,23.47
TS11-BT-5327,truck,56.7,41.7,3251,0.869,0.0517,clear,37.1
TS07-CI-3234,van,41.8,69.9,281,0.647,0.0298,clear,12.05
TS07-HV-7457,van,22.9,39.4,1705,0.439,0.0886,clear,9.49
TS08-RL-7722,bus,16.2,23.7,1772,0.155,-0.0004,rain,9.47
TS08-BI-9944,van,6.2,90.6,515,0.554,-0.0151,rain,2.12
TS09-BZ-8430,truck,18.8,84.7,714,0.239,0.088,clear,11.22
TS09-TE-6325,van,10.8,22.3,2200,0.638,0.0875,clear,6.4
TS11-LB-7813,truck,24.0,42.1,2129,0.146,0.03,clear,10.48
TS10-TQ-2234,truck,43.0,26.0,5339,0.717,0.0705,clear,36.76
TS07-UW-1706,truck,42.4,91.6,6561,0.323,0.0815,clear,38.92
TS09-NJ-6805,truck,21.1,41.5,4100,0.502,0.0106,rain,11.95
TS11-VD-5167,truck,32.0,20.1,1238,0.162,0.0585,clear,18.91
TS11-GW-5415,bus,15.4,72.3,3764,0.256,0.0685,clear,10.63
TS09-GX-5757,truck,31.7,71.1,759,0.45,0.0229,clear,14.36
TS09-MC-8023,truck,32.1,32.0,6574,0.458,0.0935,clear,26.07
TS08-GU-2799,bus,20.2,38.7,4617,1.0,0.0961,clear,20.99
TS10-MU-1454,truck,17.8,46.4,3336,0.335,0.0384,rain,9.23
TS10-FW-4182,van,58.8,34.2,953,0.084,-0.0109,clear,13.99
TS07-MB-3424,ev_van,33.6,36.0,1832,0.524,0.0903,rain,5.63
TS10-OS-8904,bus,35.0,78.5,3490,0.322,0.0428,fog,25.21
TS09-OB-3581,ev_van,3.4,74.4,534,0.878,-0.0033,clear,0.33
TS10-BJ-2229,truck,13.4,69.5,6122,0.21,0.0679,clear,8.69
TS11-OQ-7152,truck,23.3,69.0,2805,0.856,0.0625,clear,15.45
TS08-BK-2669,van,58.1,55.3,2703,0.664,-0.0032,rain,21.06
TS08-IU-3877,van,13.0,41.1,2523,0.188,0.013,fog,4.29
TS07-YB-2833,van,20.3,71.8,972,0.405,0.0837,fog,7.52
TS08-BX-4176,truck,59.4,21.7,2191,0.492,0.0964,clear,45.46
TS10-DN-2139,van,30.4,23.7,1314,0.522,0.0286,rain,12.84
TS08-KW-3757,bus,21.1,22.5,4866,0.397,-0.0038,clear,16.32
TS10-CG-6438,truck,39.2,72.8,1219,0.585,0.0222,rain,19.71
TS09-NR-1693,truck,31.3,61.1,2665,0.717,0.0409,fog,17.35
TS10-WT-3562,ev_van,57.6,49.4,1716,0.506,0.0161,rain,6.37
TS08-YU-9382,truck,7.7,51.5,461,0.602,0.0534,clear,3.77
TS11-LD-3056,van,48.1,80.7,357,0.86,-0.019,clear,14.04
TS08-VH-4251,van,18.9,22.1,2334,0.498,0.078,rain,10.56
TS11-ER-5963,van,49.0,43.8,1663,0.416,0.0814,clear,18.27
TS11-MN-8649,van,51.3,75.1,1761,0.248,0.074,clear,18.93
TS11-SS-8884,ev_van,51.4,66.6,772,0.131,0.0164,rain,4.32
TS11-TH-6778,truck,52.4,48.1,4348,0.292,0.0559,rain,31.46
TS08-NL-9886,truck,43.9,30.6,4451,0.406,0.0238,rain,27.63
TS09-YV-8638,van,11.1,90.6,1359,0.764,0.0267,clear,5.22
TS07-UG-6197,bus,6.0,45.9,5794,0.217,0.0651,rain,4.56
TS09-GZ-8878,truck,22.4,84.9,584,0.702,0.0812,rain,16.88
TS09-AE-3046,truck,31.2,76.6,3436,0.079,0.0797,clear,16.94
TS11-KB-6274,truck,20.2,83.5,6888,0.158,0.0077,clear,12.78
TS11-OL-2582,truck,45.3,13.4,1809,0.326,0.059,rain,33.35
TS11-CY-3000,truck,44.2,51.6,7493,0.47,0.012,clear,26.14
TS07-JA-1126,ev_van,58.4,33.5,1179,0.181,0.0554,clear,6.51
TS07-SV-3229,truck,25.8,34.7,1421,0.112,0.0241,clear,10.85
TS10-JL-4013,ev_van,47.8,34.4,414,0.566,0.0748,rain,6.27
TS11-NN-8737,ev_van,45.2,44.3,952,0.412,0.0925,clear,5.27
TS10-DE-4066,truck,59.4,46.1,7374,0.416,0.0148,clear,34.3
TS07-RM-1398,van,47.1,64.6,2829,0.308,0.0843,clear,20.02
TS09-VX-9655,van,19.2,36.9,1777,0.371,0.0688,clear,7.32
TS11-PY-9607,van,3.9,34.6,531,0.184,0.0479,clear,1.12
TS10-KZ-4734,truck,58.2,41.9,3761,0.271,0.043,clear,31.54
TS07-CO-1318,truck,43.8,69.0,3459,0.542,0.0183,clear,23.03
TS07-GN-5302,truck,49.3,12.0,2002,0.522,0.0044,clear,31.75
TS09-NZ-2957,van,48.2,74.0,413,0.906,-0.01,clear,14.2
TS09-PH-2630,ev_van,44.9,40.1,1078,0.833,0.0655,clear,5.96
TS07-IG-2761,van,45.8,59.8,1241,0.007,0.0067,clear,10.09
TS08-SV-5648,van,56.0,75.2,2171,0.23,0.0394,clear,19.98
TS07-TD-1515,ev_van,55.1,54.4,1107,0.888,0.0868,clear,7.38
TS09-LI-9701,van,24.6,65.7,237,0.315,0.0605,clear,6.76
TS07-BP-4764,truck,4.8,88.4,356,0.478,0.0003,clear,2.44
TS11-BK-2319,ev_van,5.2,14.5,1781,0.675,0.0681,clear,1.11
TS07-MT-2417,bus,28.5,41.0,4033,0.543,0.0058,clear,18.31
TS11-NM-9303,truck,50.6,88.9,1451,0.005,0.0736,fog,28.99
TS08-FU-1964,bus,51.3,81.5,5224,0.207,-0.0107,clear,31.36
TS11-VZ-5141,ev_van,26.1,63.2,1724,0.1,-0.003,rain,2.52
TS10-WD-3754,truck,20.2,31.0,1402,0.168,0.0921,clear,11.16
TS09-QR-9308,bus,31.9,39.4,1868,0.147,0.0136,clear,14.86
TS09-EE-8205,truck,50.5,83.2,7795,0.623,-0.0019,clear,34.39
TS09-QO-8315,truck,39.3,70.0,3380,0.407,0.0058,clear,18.89
TS08-ET-4906,truck,11.0,35.7,2047,0.067,0.0233,rain,5.05
TS11-DH-9639,van,23.6,23.0,1668,0.082,0.0805,clear,9.92
TS11-BV-1589,ev_van,34.7,76.8,673,0.95,-0.0017,rain,4.13
TS07-XD-3706,truck,33.7,59.8,6375,0.155,-0.0181,clear,13.66
TS07-PB-3586,truck,50.3,92.0,6396,0.254,0.0838,rain,45.31
TS08-QM-2732,truck,56.1,45.7,6447,0.574,0.016,clear,31.62
TS09-LJ-5800,truck,8.7,41.0,5015,0.187,-0.0108,clear,3.78
TS08-IU-3265,van,15.8,36.1,2143,0.198,-0.0167,rain,4.52
TS08-DS-7354,van,25.4,52.0,1100,0.073,0.0879,clear,7.8
TS10-EL-3628,van,19.9,38.8,2661,0.981,0.0428,rain,9.86
TS10-IK-5088,bus,26.3,18.1,1036,0.606,0.0533,clear,20.67
TS10-SV-4851,van,5.3,37.9,913,0.53,0.0539,rain,1.94
TS11-WN-7117,truck,6.8,30.2,7943,0.889,0.0427,rain,6.55
TS11-VH-7446,truck,50.8,79.7,7691,0.594,0.0723,clear,45.57
TS09-DJ-9800,ev_van,8.8,31.6,1368,0.263,0.0887,fog,1.19
TS11-UZ-6153,van,50.0,50.1,1598,0.472,0.0569,rain,19.24
TS10-EH-2553,ev_van,20.5,67.8,469,0.478,0.0813,clear,2.29
TS11-PY-4745,ev_van,20.6,24.4,1717,0.398,-0.0188,clear,2.28
TS09-RO-4351,van,8.7,56.1,287,0.754,0.0376,rain,2.79
TS08-NB-2691,ev_van,3.8,82.3,923,0.11,0.0525,rain,0.47
TS07-EF-1680,bus,23.3,60.5,2627,0.159,0.0041,fog,10.89
TS07-VE-5997,truck,50.6,52.0,7173,0.372,-0.0008,rain,27.35
TS07-YG-7744,truck,55.4,81.6,7754,0.071,-0.0037,clear,29.91
TS10-TQ-5581,truck,6.5,90.6,7797,0.987,0.0142,clear,6.22
TS10-VJ-9477,truck,4.8,80.1,6431,0.496,0.0788,clear,4.03
TS11-SY-1950,bus,12.1,45.9,1882,0.05,-0.0167,clear,4.8
TS09-QY-2083,van,46.7,62.8,327,0.608,0.0523,fog,14.47
TS11-CJ-7235,van,14.7,55.7,1392,0.781,-0.0118,rain,4.59
TS08-VY-2429,van,16.2,37.2,1033,0.408,0.0512,fog,5.56
TS08-BS-8977,truck,53.7,48.1,5310,0.481,0.0103,rain,27.83
TS10-DE-1315,van,52.9,80.8,1239,0.701,-0.0011,rain,19.8
TS09-SD-8628,bus,41.2,36.9,5366,0.234,0.0359,clear,29.83
TS08-NR-5858,truck,12.3,85.8,3117,0.598,0.0077,clear,7.65
TS09-IL-3145,truck,24.7,94.3,3148,0.631,0.0254,clear,17.72
TS08-TW-8642,truck,16.5,37.5,6121,0.805,0.056,rain,13.7
TS08-IB-3464,truck,41.3,22.2,4802,0.891,0.0923,clear,42.75
TS09-GT-1455,van,47.5,91.4,915,0.941,0.0541,fog,26.94
TS09-HM-1230,van,11.1,26.2,2095,0.126,0.0408,clear,4.2
TS09-UW-3303,van,54.2,76.0,1776,0.816,0.0468,clear,23.92
TS09-RM-5888,truck,29.4,15.2,1012,0.675,0.0367,clear,20.07
TS08-VQ-9642,van,48.3,31.6,1508,0.371,0.0475,clear,17.0
TS10-JI-1794,van,5.9,33.6,2772,0.923,0.0484,clear,3.07
TS10-TJ-1191,truck,23.6,36.7,1852,0.86,0.0391,clear,13.09
TS11-FP-1479,van,3.8,88.3,1361,0.774,0.0746,clear,1.97
TS07-XR-1047,bus,44.0,26.6,1801,0.057,0.0269,clear,26.06
TS07-MR-4815,bus,7.5,26.4,3314,0.177,-0.007,clear,4.47
TS11-QP-3607,truck,22.3,69.4,7806,0.918,0.0572,fog,19.69
TS10-WB-7608,bus,47.6,91.0,1997,0.982,0.0755,clear,50.59
TS11-LT-4221,truck,45.7,44.3,6696,0.277,0.0736,clear,28.92
TS07-VI-7812,truck,39.5,76.2,6739,0.277,0.0103,fog,25.02
TS08-KR-4072,truck,42.6,14.6,2223,0.61,0.0576,clear,35.26
TS11-BA-1735,ev_van,40.1,80.4,1977,0.076,0.0998,fog,6.24
TS08-BJ-1219,truck,39.6,72.0,7907,0.595,-0.0075,fog,24.93
TS10-DZ-8713,bus,22.9,86.4,5733,0.969,0.0427,rain,27.38
TS10-UU-8609,truck,4.6,64.9,4925,0.297,0.0166,clear,2.32
TS09-QM-6615,ev_van,28.2,90.1,549,0.743,0.0749,rain,4.77
TS08-DY-7289,van,5.6,44.4,534,0.525,0.019,clear,1.51
TS10-HU-5672,ev_van,29.7,72.8,814,0.287,0.068,clear,3.32
TS07-YZ-8834,truck,29.5,72.2,4890,0.412,-0.0007,clear,14.96
TS09-GA-7629,truck,13.2,34.3,3213,0.551,-0.012,clear,6.67
TS11-CR-1240,van,47.7,88.4,2157,0.762,-0.0075,clear,19.49
TS10-AZ-2532,truck,43.1,76.7,6345,0.541,0.0112,fog,28.17
TS09-SW-4269,van,34.9,83.9,705,0.925,0.0819,clear,17.57
TS11-AM-9891,ev_van,55.8,42.1,2282,0.117,-0.0019,clear,5.49
TS08-NL-4544,bus,19.4,81.8,551,0.958,-0.016,clear,11.49
TS10-NS-5679,ev_van,17.9,38.1,809,0.551,0.0824,clear,2.3
TS11-MU-6515,van,13.5,92.0,2481,0.392,0.025,rain,6.76
TS11-XF-3715,truck,34.0,14.0,1633,0.076,0.0506,rain,23.71
TS08-MM-1032,bus,14.7,63.4,1477,0.296,-0.0099,rain,7.11
TS11-WP-3752,truck,52.5,21.3,7810,0.438,0.0889,rain,53.64
TS11-HH-9976,van,20.3,71.7,2755,0.937,0.0405,rain,10.38
TS11-PE-2107,truck,31.0,42.2,6540,0.756,-0.0093,clear,17.96
TS11-GR-4178,truck,33.2,84.3,1556,0.059,0.0561,clear,17.52
TS09-ZP-4875,van,20.5,84.4,914,0.328,0.0239,clear,6.8
TS09-FO-6127,truck,45.1,42.6,2034,0.491,0.0224,clear,21.58
TS07-KQ-1494,truck,42.4,79.2,1675,0.85,0.029,fog,27.1
TS11-WQ-1141,van,46.4,68.5,2917,0.776,0.041,rain,21.72
TS09-XA-8125,truck,37.5,47.4,1495,0.216,0.0543,clear,16.48
TS11-BF-7511,bus,29.2,40.5,4531,0.05,-0.0024,clear,15.04
TS11-UN-6420,truck,28.6,29.5,598,0.132,0.0705,rain,15.65
TS09-PU-1447,truck,43.8,17.2,4442,0.503,-0.0167,fog,28.6
TS08-BU-7544,truck,24.5,54.9,753,0.09,0.0639,fog,10.91
TS07-CG-3176,van,27.9,56.8,373,0.25,0.002,rain,6.28
TS09-MJ-2477,ev_van,12.3,48.9,730,0.821,0.0336,rain,1.36
TS10-UQ-8265,truck,41.7,90.9,7420,0.402,0.0474,clear,37.77
TS11-VQ-1446,ev_van,7.4,13.1,1669,0.996,0.0577,clear,1.57
TS08-LS-8621,van,59.5,82.6,2024,0.756,0.0749,clear,31.66
TS10-JU-7261,van,11.2,78.5,1033,0.265,0.0419,clear,3.67
TS10-PQ-4124,van,24.8,75.0,2226,0.008,0.0856,fog,9.47
TS08-HG-6874,van,16.6,55.6,2108,0.527,0.0946,fog,7.2
TS08-DA-8740,van,19.6,27.8,1493,0.706,0.0971,clear,9.77
TS09-OX-2003,bus,21.4,83.6,4159,0.47,0.0183,clear,16.51
TS11-SQ-4879,bus,43.9,73.8,5229,0.907,-0.0161,clear,31.41
TS10-FH-9648,truck,13.1,81.1,7691,0.768,0.0659,clear,11.85
TS08-SY-6336,truck,18.0,31.6,7973,0.52,0.0102,rain,13.05
TS08-WV-5894,van,8.8,58.0,1567,0.019,0.0721,rain,2.9
TS07-LL-2704,truck,21.9,46.5,455,0.338,-0.0194,fog,7.61
TS09-DS-4887,truck,56.7,65.1,1988,0.494,0.0733,clear,30.24
TS10-LS-7599,truck,24.7,74.5,1735,0.25,-0.0116,rain,10.31
TS07-LT-6337,truck,47.3,26.4,2544,0.838,0.0855,fog,40.18
TS08-VF-9939,van,29.3,26.4,1209,0.424,0.0582,rain,11.85
TS10-IF-9116,van,28.6,15.6,2072,0.204,-0.0006,clear,11.45
TS09-UV-1611,bus,50.0,25.0,3249,0.779,0.0409,clear,44.41
TS10-IX-2971,truck,4.5,31.9,5268,0.608,0.0406,clear,3.12
TS07-RO-5997,bus,52.3,18.0,5837,0.197,0.0855,clear,56.45
TS08-MZ-7871,bus,30.7,41.5,485,0.533,0.0439,clear,16.84
TS11-IW-4444,van,23.0,68.0,240,0.695,0.0461,rain,7.35
TS11-WE-9748,van,54.7,77.8,2063,0.448,0.0183,clear,19.31
TS10-UP-2953,bus,22.4,40.7,3368,0.302,0.0674,clear,14.67
TS11-CV-2882,bus,58.7,19.0,3000,0.69,-0.014,clear,44.58
TS10-KG-3130,ev_van,56.4,75.0,2163,0.687,0.0962,rain,10.58
TS08-XU-7035,van,18.3,44.5,645,0.017,0.0528,clear,4.39
TS10-KX-3464,bus,22.4,32.9,3527,0.234,0.0815,clear,16.73
TS11-JI-5283,bus,49.3,51.1,5605,0.646,0.0737,rain,46.8
TS10-ST-1803,truck,14.1,92.5,3678,0.224,0.0062,clear,8.67
TS07-WZ-2147,ev_van,44.7,42.9,1534,0.963,0.0147,clear,5.34
TS11-GZ-9941,truck,10.4,91.6,746,0.163,0.0134,rain,5.95
TS10-EU-1910,truck,14.7,33.0,2924,0.748,0.0071,clear,7.97
TS08-QB-4537,ev_van,31.5,20.8,295,0.998,-0.0181,clear,3.45
TS10-CJ-1033,van,45.5,25.0,1803,0.347,0.0792,rain,23.41
TS10-CH-5704,truck,45.1,76.2,4806,0.603,0.0445,clear,28.97
TS08-GV-7997,truck,37.7,56.6,7617,0.106,0.0509,clear,22.03
TS07-WM-2303,truck,18.5,60.3,5180,0.622,0.039,clear,10.74
TS11-II-2319,van,26.7,92.3,208,0.988,-0.0051,clear,9.89
TS11-HP-3152,truck,17.0,53.9,6699,0.973,0.0323,clear,11.29
TS11-UN-4108,ev_van,18.8,21.7,958,0.412,0.0152,clear,2.34
TS10-MY-7064,ev_van,21.4,71.6,1843,0.821,0.087,clear,3.63
TS07-VF-3710,bus,37.1,29.3,1731,0.827,0.0641,rain,32.49
TS09-FY-9805,van,14.8,60.3,2329,0.327,-0.0005,clear,4.26
TS07-IJ-7038,truck,5.4,82.9,7434,0.823,0.0642,fog,5.4
TS09-RA-5625,truck,42.5,51.6,819,0.162,0.0458,clear,16.83
TS08-FU-2272,van,4.2,38.1,1724,0.979,-0.0102,clear,1.52
TS07-MT-5597,truck,58.3,59.8,4415,0.864,-0.0117,clear,29.65
TS07-UJ-7387,truck,23.0,22.5,2434,0.511,-0.0023,clear,12.56
TS08-XH-9736,truck,3.4,37.5,2865,0.385,0.0773,clear,1.92
TS08-SN-1688,truck,53.4,53.8,5474,0.946,0.0796,clear,38.86
TS07-KF-6478,bus,37.2,33.1,1897,0.071,0.053,rain,23.71
TS07-PF-2632,van,49.6,15.3,286,0.498,-0.0181,clear,15.75
TS08-PK-4146,van,27.8,60.6,2354,0.487,0.0181,clear,9.42
TS08-IK-8505,van,23.2,45.3,1951,0.381,0.0281,rain,7.87
TS09-KT-5746,van,40.3,44.4,901,0.113,0.0141,clear,9.1
TS11-OF-6066,bus,26.1,94.7,5777,0.251,0.0497,fog,27.51
TS10-FF-6394,van,34.7,21.3,2716,0.983,-0.0125,rain,19.1
TS11-IN-6894,bus,18.8,24.8,5793,0.808,-0.0176,clear,15.3
TS10-DK-9946,truck,22.0,84.7,4195,0.838,0.0505,clear,17.42
TS11-UA-4754,ev_van,7.7,22.8,741,0.51,0.0117,fog,0.87
TS07-HW-4489,truck,47.5,88.2,1556,0.662,0.0624,rain,35.88
TS07-ST-6898,truck,22.9,67.8,7598,0.505,0.0733,fog,17.49
TS11-SQ-9000,truck,58.6,55.8,7148,0.677,0.0533,clear,40.67
TS08-LO-7025,bus,17.8,35.1,4497,0.863,0.0988,clear,18.38
TS09-LE-6742,bus,30.1,41.8,3161,0.243,0.0572,clear,18.22
TS07-MK-7989,bus,20.4,80.6,2430,0.951,0.0727,clear,18.56
TS09-AN-2941,ev_van,42.6,16.8,1818,0.914,0.0569,clear,8.63
TS08-HE-9507,truck,49.1,75.8,274,0.419,0.0767,rain,27.55
TS08-NV-4278,bus,30.8,80.7,3241,0.977,0.0269,clear,25.49
TS11-KY-5065,truck,23.9,70.6,5494,0.883,0.0321,rain,18.13
TS07-WW-9660,van,45.5,16.5,2311,0.04,0.0202,clear,17.69
TS07-VI-8574,truck,13.9,73.6,3718,0.042,0.0492,fog,7.36
TS11-FJ-3417,truck,37.2,72.0,6012,0.707,0.025,clear,24.06
TS08-PK-6904,bus,44.8,13.1,756,0.784,0.0985,fog,48.53
TS10-FB-7715,van,18.3,86.1,853,0.249,0.0524,rain,6.98
TS07-FP-3366,van,40.4,23.0,605,0.499,0.0203,clear,13.98
TS07-HN-8613,van,44.9,91.7,1152,0.539,0.041,rain,22.23
TS11-TX-5775,van,9.7,17.9,1164,0.446,0.0737,clear,4.47
TS09-VH-8315,bus,21.5,31.8,2369,0.069,0.0767,clear,14.06
TS11-KQ-8032,truck,26.2,69.3,3833,0.219,0.0565,clear,14.31
TS10-FZ-5528,truck,47.2,23.4,3603,0.815,-0.0197,fog,30.93
TS07-DS-4840,truck,35.3,27.4,4026,0.073,0.0842,fog,23.15
TS07-NP-1719,truck,28.6,12.9,6070,0.622,0.0892,clear,31.33
TS08-MU-6864,bus,21.2,80.6,1024,0.634,0.0846,clear,17.13
TS07-PX-1489,bus,3.2,15.1,2234,0.956,0.0605,clear,3.54
TS11-CQ-4161,van,4.2,64.5,200,0.987,-0.0167,clear,1.11
TS10-VW-8826,bus,16.7,60.3,364,0.945,0.0941,rain,13.32
TS11-IM-7469,van,9.7,54.4,1898,0.541,-0.0119,clear,2.77
TS07-PN-9849,van,9.8,43.1,2653,0.042,-0.0021,clear,2.69
TS07-CA-5930,truck,37.4,36.9,2586,0.277,0.0553,rain,20.81
TS09-PG-3768,truck,37.5,91.4,3335,0.475,0.0354,fog,27.44
TS09-BT-1468,van,5.6,77.2,788,0.039,0.0706,clear,1.7
TS10-LZ-7231,van,36.9,88.6,600,0.037,0.056,clear,12.61
TS09-SD-2628,truck,11.3,72.9,7096,0.324,-0.0195,clear,5.7
TS09-WV-4394,truck,24.5,80.8,4663,0.387,0.0571,clear,16.52
TS08-ZO-2063,van,59.4,92.0,2174,0.581,0.083,clear,33.5
TS08-VX-9174,van,32.8,49.7,2669,0.933,0.0823,clear,16.82
TS07-VC-8278,truck,4.9,87.3,4789,0.391,-0.0011,clear,2.87
TS11-JF-7419,bus,22.8,15.6,1246,0.048,0.0217,rain,15.35
TS07-PI-4819,ev_van,41.2,21.0,1841,0.54,-0.0057,clear,5.75
TS11-ZK-3613,truck,15.8,52.7,6033,0.358,0.0702,rain,10.78
TS11-KF-9124,ev_van,58.0,49.7,1152,0.901,0.0553,clear,7.22
TS11-HE-2373,truck,27.2,48.4,5011,0.431,0.0381,rain,15.61
TS09-IQ-7833,bus,4.2,56.6,3010,0.322,0.016,rain,2.41
TS07-WA-2029,bus,33.8,56.7,2131,0.724,0.0745,rain,25.47
TS10-QZ-6105,truck,41.5,84.3,5445,0.493,0.075,clear,31.86
TS09-RT-7038,ev_van,29.0,40.7,769,0.555,0.0389,clear,3.01
TS08-YH-4118,bus,55.9,38.2,2099,0.152,-0.0051,fog,25.14
TS08-HF-6230,ev_van,54.4,70.3,1133,0.375,0.0358,clear,5.88
TS10-LX-5263,truck,10.9,65.8,4994,0.046,0.0875,clear,6.27
TS09-BX-2334,ev_van,7.6,80.9,2160,0.755,0.0501,clear,1.31
TS07-YN-1614,ev_van,20.8,37.7,1614,0.246,0.0705,fog,2.72
TS09-PA-7790,van,37.7,12.5,2233,0.121,0.0154,clear,15.86
TS10-AQ-3004,truck,37.3,90.4,2483,0.59,0.0212,clear,25.17
TS10-JF-5560,van,18.5,15.7,1845,0.579,-0.0059,fog,8.06
TS09-IW-6840,bus,57.2,68.4,802,0.316,0.0211,clear,26.77
TS09-FO-1229,ev_van,20.5,38.7,1266,0.962,0.0004,clear,2.38
TS11-AS-4109,bus,48.8,47.2,4201,0.636,0.0447,clear,36.04
TS10-JA-9536,truck,50.4,81.6,1602,0.926,0.0273,clear,30.92
TS10-BA-5770,truck,8.6,46.8,7236,0.301,0.0803,clear,5.55
TS11-PA-7292,van,16.3,24.0,1368,0.552,0.0259,clear,6.32
TS09-QJ-1073,ev_van,15.3,74.6,1744,0.414,0.0055,clear,1.69
TS07-QQ-3901,truck,55.4,13.7,3865,0.413,-0.0099,rain,38.2
TS07-UD-2695,van,23.0,34.8,2250,0.048,0.0103,clear,7.33
TS09-SZ-6628,ev_van,50.7,56.7,1544,0.22,0.0637,clear,5.47
TS11-QW-2583,truck,30.2,48.3,1156,0.869,0.0551,fog,17.94
TS07-RZ-7632,truck,29.1,63.5,7413,0.85,0.0544,clear,21.02
TS08-MC-4062,van,54.5,43.7,2048,0.105,0.083,fog,20.36
TS10-EM-3609,van,28.1,44.4,1522,0.018,0.0103,fog,7.12
TS09-TX-4684,truck,45.5,40.9,5478,0.102,0.0365,clear,23.27
TS11-SX-7660,van,27.2,85.6,931,0.639,0.0002,clear,9.81
TS09-RI-7061,bus,8.8,13.4,4660,0.24,0.0063,rain,7.88
TS10-PC-5665,ev_van,6.0,90.0,1146,0.763,0.0245,rain,0.93
TS10-FU-8584,ev_van,14.9,41.7,2052,0.006,0.0648,rain,1.75
TS09-ZW-5197,van,44.2,42.3,967,0.716,0.08,clear,16.99
TS11-YC-9980,bus,24.3,72.2,4784,0.886,0.0169,fog,20.38
TS07-MY-7518,truck,28.9,44.2,7272,0.045,0.0277,clear,14.83
TS08-QF-3135,bus,8.8,63.2,5889,0.867,0.0865,rain,9.1
TS11-BZ-5079,truck,38.5,87.0,6258,0.918,0.0736,fog,42.79
TS07-UB-3925,van,48.8,82.2,2171,0.536,0.0628,clear,23.7
TS08-UK-6892,truck,38.6,54.8,4256,0.285,0.0289,clear,18.52
TS07-SS-3571,bus,59.1,71.5,813,0.563,0.0209,rain,33.44
TS11-MR-2635,truck,3.9,44.6,4567,0.311,0.0668,fog,2.47
TS11-GQ-1808,truck,3.9,76.4,4593,0.933,-0.0088,clear,2.43
TS07-DY-2894,truck,31.5,26.1,705,0.544,0.0452,rain,19.65
TS11-PC-4970,van,18.2,15.8,2134,0.799,-0.0127,clear,8.67
TS09-GP-8749,van,42.1,56.9,617,0.61,0.0548,clear,12.81
TS11-NX-9307,truck,48.2,29.9,4854,0.288,0.0482,clear,29.32
TS07-QU-1142,ev_van,8.8,72.5,1287,0.5,-0.0128,clear,0.85
TS10-XG-8716,ev_van,55.3,20.4,2213,0.88,0.0304,clear,9.71
TS11-QQ-5812,truck,4.7,12.7,2012,0.383,0.0031,clear,2.8
TS09-LN-5339,van,42.2,68.1,679,0.341,0.0758,clear,13.58
TS11-TJ-5617,bus,24.9,53.6,3397,0.956,0.0896,clear,21.89
TS08-EJ-1523,truck,41.0,91.0,3790,0.334,0.0178,fog,26.2
TS11-DI-3262,bus,8.6,32.5,1136,0.86,-0.0165,clear,4.86
TS08-JS-9030,truck,56.4,22.2,4987,0.178,0.0877,clear,41.11
TS07-GM-3876,ev_van,56.4,13.9,2283,0.792,0.0813,rain,14.21
TS10-FK-5911,ev_van,32.6,48.9,1903,0.615,0.0756,fog,4.68
TS08-QU-5788,van,32.0,20.4,787,0.12,0.0228,rain,11.33
TS09-YZ-9957,van,39.2,76.4,868,0.064,-0.0104,clear,9.02
TS07-VX-8246,van,36.1,18.0,1761,0.298,0.097,clear,18.53
TS10-JS-6217,ev_van,34.0,88.4,1758,0.657,0.0392,clear,5.45
TS11-JT-8058,truck,36.6,56.9,7836,0.36,0.0228,rain,21.27
TS11-EW-2949,truck,51.9,69.8,1018,0.271,0.0733,clear,25.53
TS11-BF-6479,van,37.8,22.9,1730,0.582,0.0605,clear,18.25
TS09-RK-1030,truck,14.2,19.4,7902,0.953,-0.015,clear,11.88
TS10-NN-4391,truck,55.1,41.4,1065,0.122,0.095,clear,27.65
TS11-UE-1349,truck,15.3,55.2,7786,0.645,0.0467,clear,10.68
TS07-BS-6581,van,12.4,59.8,1494,0.912,0.0026,clear,4.26
TS09-PV-8478,truck,59.8,39.4,5796,0.541,-0.0181,clear,29.22
TS09-PO-9543,truck,15.2,34.6,3517,0.964,0.0463,clear,10.71
TS10-IX-4580,truck,8.7,93.5,6760,0.598,0.0513,clear,8.29
TS10-ZV-1967,bus,35.0,34.6,5469,0.673,-0.008,clear,25.06
TS08-UD-1104,ev_van,50.2,23.4,583,0.791,0.0454,rain,7.42
TS08-MD-2380,truck,6.5,41.8,6028,0.2,0.0318,clear,3.52
TS08-PO-8182,van,30.9,37.2,258,0.56,0.0325,clear,9.1
TS11-AR-2473,van,6.9,47.0,975,0.614,0.097,rain,2.73
TS08-IS-3301,truck,27.4,63.8,4508,0.12,0.0155,clear,11.42
TS11-JV-9565,van,22.6,62.1,1889,0.456,0.0861,clear,8.67
TS09-CS-4809,van,10.8,70.0,1223,0.771,0.0213,clear,3.58
TS08-LH-3522,van,56.1,25.0,957,0.041,0.0015,fog,16.29
TS11-HL-7432,truck,39.2,15.8,1539,0.413,-0.0017,clear,21.57
TS08-QX-8314,truck,51.1,77.6,2070,0.146,0.0929,clear,29.03
TS07-KA-6459,ev_van,54.6,30.0,500,0.176,-0.0172,clear,4.08
TS08-XE-8661,van,56.0,38.2,931,0.513,0.0063,rain,16.41
TS08-XF-3420,ev_van,45.6,49.8,2089,0.029,0.0209,clear,4.19
TS08-ZT-8346,ev_van,20.5,71.5,861,0.425,0.0588,rain,2.46
TS09-UQ-7007,truck,50.2,25.6,7280,0.026,0.0251,clear,29.96
TS11-ZO-4973,van,32.7,86.9,887,0.926,-0.0176,clear,11.66
TS10-TZ-7288,bus,18.5,38.7,3053,0.883,0.042,rain,14.67
TS11-TY-7762,van,25.0,93.6,669,0.212,0.0861,clear,10.59
TS11-EZ-4141,truck,20.2,35.7,333,0.066,0.0864,clear,9.47
TS10-KL-7731,truck,29.6,72.2,5079,0.251,0.099,rain,20.44
TS09-SC-8499,van,47.5,43.3,1146,0.028,0.0211,fog,12.31
TS09-UH-6363,van,30.6,81.4,1166,0.735,-0.0053,clear,9.69
TS09-DM-6718,van,18.3,50.4,1342,0.574,-0.0117,rain,5.15
TS11-XJ-6787,truck,8.0,84.3,6267,0.544,0.0841,clear,7.15
TS07-XW-9990,truck,51.8,74.6,3318,0.852,0.0698,clear,34.56
TS09-JT-7508,ev_van,26.8,60.6,399,0.809,0.0553,rain,3.22
TS08-OQ-5094,bus,28.2,32.7,1817,0.409,0.0396,rain,18.67
TS08-GK-3212,bus,46.5,33.6,3542,0.61,0.0349,clear,34.2
TS08-EJ-6682,van,51.4,94.3,2982,0.442,0.0393,clear,29.31
TS08-DU-4882,bus,32.1,88.8,1030,0.624,0.0237,clear,22.54
TS09-NN-4943,van,39.0,23.5,1106,0.152,0.037,rain,14.98
TS10-WX-4988,bus,16.6,28.9,3016,0.3,0.0052,clear,10.05
TS08-CL-9928,van,56.3,20.9,2845,0.252,-0.0059,clear,21.85
TS08-VT-6939,ev_van,35.4,28.7,449,0.167,0.0054,clear,3.15
TS09-TC-2153,ev_van,44.0,36.1,2026,0.414,0.0965,rain,7.41
TS07-TL-2869,van,9.5,81.5,2224,0.726,0.0989,clear,5.28
TS07-MK-2601,bus,39.3,19.9,1977,0.396,0.0702,fog,34.28
TS07-TU-3213,van,24.0,85.2,2367,0.983,0.0805,clear,13.95
TS09-GK-1982,van,28.7,92.7,1810,0.302,-0.0076,rain,10.89
TS11-SX-3662,van,41.9,35.4,680,0.948,-0.0052,clear,13.6
TS11-NF-3989,van,48.4,49.9,1000,0.194,-0.0089,clear,11.29
TS11-US-3038,van,22.9,55.9,1119,0.321,-0.0124,fog,5.61
TS10-YB-3891,van,52.8,29.1,1104,0.164,0.0697,clear,17.57
TS07-CZ-3162,van,15.5,72.7,2290,0.238,-0.0132,clear,4.32
TS07-BZ-5218,truck,35.1,60.1,5350,0.157,0.0939,fog,21.36
TS10-GQ-8973,bus,11.6,21.3,4955,0.625,0.0585,clear,11.96
TS10-NF-3100,van,19.5,86.4,1630,0.201,0.0005,rain,6.64
TS09-LB-2763,truck,54.0,37.1,2934,0.085,0.0781,clear,29.08
TS09-EO-3705,ev_van,3.7,25.0,356,0.266,0.0788,fog,0.47
TS08-CN-2697,van,55.2,93.5,2424,0.678,0.0477,fog,34.45
TS10-YX-7000,truck,21.7,20.5,783,0.429,-0.0091,clear,10.53
TS11-XR-3311,van,42.7,17.0,1044,0.156,0.0281,clear,15.49
TS09-WR-4260,van,8.2,31.7,2073,0.063,0.0458,clear,2.87
TS07-DJ-8241,van,39.6,38.5,2340,0.729,0.0693,clear,18.74
TS09-BX-4643,bus,54.8,48.0,597,0.704,0.0158,clear,27.54
TS08-VJ-6554,ev_van,34.6,68.9,1598,0.462,0.0848,rain,5.12
TS11-NP-4182,bus,23.6,42.4,995,0.528,0.0101,clear,12.12
TS11-BH-9917,van,48.2,58.4,2320,0.24,0.0998,fog,19.83
TS09-EK-3297,truck,43.6,12.5,5893,0.485,-0.0062,rain,35.47
TS09-GK-9170,van,9.7,43.9,2295,0.729,0.08,clear,4.61
TS07-TC-5115,van,40.9,90.4,379,0.772,-0.0041,clear,13.89
TS10-YG-1474,van,40.9,76.3,1766,0.34,0.0711,rain,16.82
TS10-XO-1543,bus,45.9,73.5,1597,0.679,0.0835,clear,34.1
TS09-KL-1485,van,21.0,37.3,1588,0.486,0.0176,fog,7.1
TS08-ZB-9228,van,25.9,52.5,2970,0.739,-0.0078,clear,9.09
TS09-PY-2960,truck,57.7,82.1,906,0.691,0.1,clear,40.4
TS11-HJ-5045,ev_van,35.7,85.1,1566,0.75,0.0965,clear,6.83
TS10-IU-1191,van,32.0,71.0,662,0.165,0.0708,clear,9.49
TS10-RN-6520,ev_van,59.3,49.9,1373,0.322,0.0264,clear,5.77
TS10-XF-5291,ev_van,16.1,18.1,1398,0.265,-0.0039,clear,1.84
TS09-IZ-5603,ev_van,25.7,21.9,1249,0.447,0.0302,clear,3.64
TS09-FK-6629,van,46.3,12.0,1991,0.465,0.0664,clear,26.37
TS09-UD-2381,van,43.6,41.8,2928,0.667,-0.0017,clear,16.65
TS08-IV-8809,truck,58.1,13.9,6481,0.57,-0.018,clear,42.22
TS09-NH-5785,bus,40.3,48.1,5759,0.58,0.0885,clear,37.05
TS10-SZ-6200,van,20.8,61.6,730,0.633,0.064,clear,6.75
TS08-BR-8234,bus,25.7,61.5,5961,0.273,0.0633,fog,21.24
TS09-XI-1479,ev_van,8.1,58.1,902,0.226,0.0937,clear,0.9
TS10-DC-7317,truck,55.7,30.8,466,0.215,0.0425,clear,26.6
TS09-PT-4442,bus,10.3,55.1,2730,0.779,0.0182,fog,6.59
TS10-OP-7329,bus,34.1,93.3,1628,0.097,0.0891,rain,31.55
TS08-NP-2261,bus,25.9,48.9,4620,0.316,0.0983,clear,21.44
TS08-CF-4949,truck,10.7,84.6,878,0.28,-0.0175,fog,4.65
TS11-XT-6019,truck,19.7,43.7,4474,0.592,0.0197,fog,11.32
TS08-JT-9177,van,39.1,63.7,1010,0.924,0.0235,rain,14.46
TS11-KM-5581,bus,4.8,52.0,1399,0.879,-0.0067,clear,2.4
TS07-DB-7635,truck,58.1,69.2,7030,0.105,0.0066,clear,29.58
TS08-SJ-8147,truck,54.8,86.5,4221,0.54,-0.0171,fog,33.79
TS07-IF-4924,bus,7.8,48.6,2088,0.037,0.0636,clear,4.07
TS09-ER-9679,truck,52.5,74.9,6020,0.792,-0.0072,rain,32.23
TS07-CY-6840,van,21.7,85.3,2589,0.375,0.0865,clear,11.33
TS11-SS-2419,van,6.8,77.5,1438,0.215,0.0501,rain,2.4
TS09-JV-1388,truck,20.4,14.0,1621,0.484,0.0227,fog,13.47
TS07-OZ-9953,van,49.1,12.0,2984,0.435,0.0771,clear,32.55
TS09-LH-9909,truck,41.0,85.3,3000,0.943,0.0581,clear,33.99
TS07-DN-4531,truck,16.6,72.5,1803,0.033,0.0704,rain,8.44
TS09-XH-8889,ev_van,44.0,91.5,438,0.95,0.0853,rain,8.61
TS08-IA-7106,bus,43.3,36.3,918,0.234,0.0769,rain,28.7
TS11-XE-7901,ev_van,45.3,77.4,2369,0.145,0.0735,fog,6.4
TS07-QS-2373,truck,33.8,78.5,7584,0.742,0.0676,clear,29.03
TS07-BS-6530,truck,49.7,83.2,4162,0.523,0.0253,rain,35.3
TS07-NU-3142,bus,39.6,69.4,4214,0.896,0.0582,rain,36.54
TS10-HG-4528,bus,10.1,23.5,5029,0.543,0.0479,clear,9.89
TS08-MF-4511,ev_van,49.2,68.5,1482,0.505,0.0956,clear,6.76
TS10-KR-2041,truck,21.5,62.2,5402,0.206,0.0401,rain,12.26
TS07-WM-6481,ev_van,43.2,39.7,2424,0.95,0.0066,rain,6.6
TS10-DZ-4814,ev_van,41.5,29.3,597,0.664,0.0349,rain,5.3
TS11-KK-6404,van,22.1,85.5,589,0.602,0.0298,clear,8.11
TS07-PZ-6806,truck,12.2,23.8,6074,0.79,0.0362,rain,10.23
TS07-SA-1930,bus,42.6,47.0,4279,0.101,0.0497,clear,24.99
TS08-HA-1156,truck,51.4,63.7,1650,0.866,0.0938,clear,32.78
TS10-LF-4864,van,50.8,92.7,1047,0.5,0.0137,clear,20.49
TS10-TH-2503,bus,38.7,67.7,4174,0.802,0.0963,rain,37.28
TS11-QZ-3759,ev_van,16.0,37.3,1337,0.713,0.0735,rain,2.45
TS07-JI-7472,van,21.0,17.0,2702,0.451,0.002,clear,9.62
TS10-BP-4084,bus,46.0,38.4,5055,0.77,0.0137,rain,38.28
TS10-KN-7441,van,26.4,36.3,1564,0.721,0.0891,fog,12.45
TS08-FS-9525,bus,44.8,80.0,4068,0.004,0.0762,clear,31.98
TS09-ZE-8369,ev_van,20.6,43.3,1680,0.709,-0.0028,clear,2.23
TS11-HD-6974,truck,3.4,20.2,918,0.509,0.0501,fog,2.34
TS11-CQ-8840,ev_van,37.4,84.2,1179,0.839,0.0132,clear,4.95
TS07-NC-2587,van,37.3,13.5,1432,0.81,0.0556,rain,21.25
TS09-IC-8205,ev_van,38.8,12.2,2264,0.171,0.0008,clear,5.74
TS08-WE-5676,bus,18.3,51.4,5335,0.022,0.0222,clear,10.67
TS10-MK-7755,van,49.2,17.7,361,0.196,0.0266,fog,16.29
TS07-VR-7882,truck,30.8,26.7,6792,0.741,0.0445,clear,26.69
TS09-JO-6776,van,46.5,93.8,1913,0.871,0.0087,clear,23.44
TS11-WB-2365,truck,37.8,82.1,327,0.701,0.0673,clear,22.76
TS11-KP-1509,truck,26.7,75.4,3177,0.821,0.0771,fog,19.89
TS07-KS-7949,bus,41.7,67.7,5351,0.587,0.0568,clear,33.55
TS11-FF-5876,truck,35.8,16.0,2994,0.507,0.0884,rain,33.51
TS09-AL-9077,bus,32.1,81.4,4123,0.97,0.0749,clear,33.89
TS07-VL-5719,van,40.0,51.1,1784,0.081,-0.0147,clear,9.46
TS10-SQ-1935,truck,7.9,20.2,4801,0.421,-0.0098,clear,4.92
TS08-VB-7436,van,54.9,37.0,1546,0.278,0.0592,clear,18.1
TS09-DD-9825,truck,22.1,53.7,3962,0.122,0.0666,clear,10.59
TS07-AA-6655,van,15.8,13.1,2727,0.606,0.0961,clear,11.33
TS11-EU-7472,van,47.0,33.0,1359,0.263,-0.0196,clear,12.06
TS08-BM-1729,bus,16.2,39.9,1310,0.463,0.0084,clear,8.35
TS07-MV-9945,van,59.8,50.5,1375,0.137,0.0798,clear,18.95
TS10-HI-6512,ev_van,27.0,12.2,1886,0.39,0.087,clear,5.62
TS07-NT-8578,van,19.9,58.9,1531,0.2,0.0357,clear,5.42
TS07-HG-5993,bus,6.5,28.4,4446,0.897,0.0381,clear,5.71
TS07-YX-3992,bus,5.4,61.6,1591,0.522,0.0824,fog,3.73
TS09-LB-8998,van,8.4,31.8,1832,0.8,0.0352,rain,3.74
TS10-IO-4425,truck,3.3,45.4,6942,0.486,0.0745,fog,2.43
TS08-HC-8284,van,21.6,63.8,1682,0.042,0.0938,clear,7.12
TS10-YA-6679,truck,20.7,66.5,5167,0.695,0.0114,rain,12.29
TS09-QZ-4509,van,27.5,14.5,2101,0.048,0.0129,clear,11.38
TS07-AM-2565,truck,16.3,56.4,5970,0.395,0.0926,clear,10.85
TS07-DH-2042,truck,6.6,79.8,2932,0.547,0.0309,clear,3.82
TS09-RH-2227,ev_van,7.1,29.1,1642,0.78,-0.0181,rain,0.92
TS09-CT-4442,ev_van,13.4,56.2,1157,0.899,0.0403,fog,1.72
TS09-GH-2312,ev_van,21.0,49.2,1099,0.205,0.054,rain,2.18
TS09-DR-3305,ev_van,11.4,82.5,1293,0.664,0.0094,clear,1.52
TS09-NQ-7822,bus,23.8,48.4,2565,0.47,0.0673,rain,16.23
TS09-WG-7762,truck,55.6,90.3,402,0.768,0.008,rain,33.7
TS08-QM-9167,truck,17.9,66.2,5988,0.94,-0.0056,clear,10.14
TS08-NE-6699,bus,12.6,58.6,3589,0.533,0.0099,clear,7.41
TS07-KA-3946,truck,40.9,36.2,1273,0.287,0.0441,rain,21.32
TS09-IK-2334,ev_van,31.0,61.5,801,0.799,0.0827,clear,3.91
TS10-UL-1498,truck,5.7,22.9,4966,0.527,0.0435,clear,4.32
TS07-RY-8779,truck,47.9,46.5,4241,0.882,0.0819,fog,36.66
TS09-ME-1631,truck,43.8,35.6,5843,0.566,-0.0123,fog,24.74
TS10-LM-4088,truck,58.7,67.6,4016,0.937,0.0247,clear,36.51
TS08-ZV-7220,truck,56.5,75.4,6788,0.018,0.0322,fog,32.25
TS08-SI-5641,van,36.3,89.1,417,0.739,0.0762,fog,17.0
TS07-SB-7502,truck,42.1,30.4,4983,0.347,0.0533,clear,27.04
TS10-BN-3003,van,26.3,85.4,1240,0.669,0.0742,rain,13.39
TS09-AS-5587,ev_van,53.6,82.2,906,0.942,0.0206,fog,7.79
TS08-WQ-6485,van,34.5,83.6,2842,0.654,0.0921,rain,21.01
TS07-NS-9332,van,21.6,73.5,2619,0.745,0.0776,clear,10.62
TS10-ER-1671,bus,3.5,34.2,1266,0.158,0.0899,clear,2.24
TS08-XU-9124,truck,36.4,84.9,648,0.171,0.0115,clear,17.09
TS08-RS-3213,truck,32.9,61.8,6965,0.573,-0.0192,clear,16.9
TS11-ZC-7887,ev_van,49.3,73.5,589,0.431,0.0539,clear,5.16
TS09-RO-3005,van,13.7,29.0,2799,0.111,0.0391,clear,5.13
TS07-NV-8402,truck,49.5,25.1,2363,0.728,0.0735,clear,38.23
TS08-WJ-6052,bus,3.9,35.0,2588,0.699,-0.0083,clear,2.34
TS08-NN-7278,van,36.5,54.4,326,0.092,0.0515,fog,8.8
TS09-NQ-4758,van,25.6,46.6,1705,0.049,0.0039,clear,6.46
TS09-CW-2134,van,21.9,85.7,728,0.379,0.0418,rain,8.44
TS11-TY-1221,ev_van,27.7,13.1,1191,0.633,-0.001,clear,3.88
TS08-BK-9140,van,15.7,18.6,2774,0.894,0.0895,fog,11.08
TS10-SW-1037,van,13.5,39.0,907,0.435,0.002,clear,3.39
TS10-IR-7869,truck,48.9,25.9,5152,0.084,0.049,clear,29.62
TS10-KP-5218,truck,16.0,45.8,1776,0.84,-0.0193,rain,7.58
TS10-LK-2819,ev_van,45.0,71.6,1603,0.125,-0.0012,clear,4.17
TS08-SW-1926,van,43.5,94.5,1010,0.637,0.0399,rain,21.92
TS07-NS-2529,bus,4.9,28.8,4153,0.413,-0.0151,clear,2.98
TS08-BB-2289,van,53.2,34.1,2358,0.91,0.0451,clear,24.89
TS10-WM-2585,truck,48.0,75.8,7069,0.705,0.0021,clear,32.49
TS11-HE-2242,van,48.4,34.6,2772,0.0,0.0672,rain,19.33
TS08-TK-5008,truck,49.1,70.4,2082,0.373,0.0842,clear,28.48
TS08-YR-6978,van,36.2,60.4,561,0.18,0.071,clear,10.17
TS09-NX-6909,bus,59.6,83.0,481,0.284,-0.0124,rain,31.73
TS11-BW-9554,truck,13.2,14.8,5819,0.399,0.0396,clear,11.1
TS10-YO-3484,truck,7.1,93.3,1658,0.541,-0.0067,clear,4.19
TS10-QD-2817,van,43.1,92.0,2440,0.798,0.0291,clear,22.32
TS08-OD-7936,truck,19.8,13.9,7726,0.086,0.0807,rain,20.59
TS07-YR-4052,truck,37.7,53.5,1354,0.441,-0.0151,clear,13.07
TS08-SC-7447,van,25.3,45.3,993,0.851,0.0102,clear,7.93
TS09-FX-6660,bus,22.0,33.1,3240,0.432,0.0792,clear,17.57
TS07-RK-7875,bus,53.9,93.2,2697,0.519,0.0287,fog,47.07
TS09-ZY-1362,truck,11.1,26.5,3522,0.779,0.0082,clear,6.84
TS09-FL-2305,ev_van,13.8,33.9,699,0.713,0.0939,clear,1.98
TS09-EQ-5087,truck,41.1,12.7,7136,0.51,-0.0013,fog,36.03
TS11-WP-5038,truck,47.6,60.2,5516,0.967,0.0746,clear,35.96
TS10-RD-4388,truck,50.4,83.4,1400,0.036,0.0014,fog,21.72
TS11-IA-8507,truck,16.2,63.6,235,0.055,0.0956,rain,8.01
TS11-RQ-4157,truck,53.3,66.1,6149,0.427,0.0743,rain,37.85
TS08-XW-5486,truck,37.7,17.5,324,0.158,0.0132,clear,18.48
TS08-EA-5348,truck,49.9,71.3,7067,0.217,0.098,clear,35.39
TS09-RU-4303,bus,6.9,45.9,3271,0.15,-0.0063,fog,3.7
TS07-VT-5797,ev_van,23.3,51.3,2339,0.692,0.0832,clear,3.51
TS07-MQ-8727,truck,32.9,60.6,6220,0.421,0.0639,clear,21.18
TS09-MJ-4729,truck,35.9,93.0,7176,0.834,0.0009,clear,29.29
TS07-CT-4262,ev_van,8.6,74.1,1911,0.25,0.0456,clear,1.01
TS11-KZ-2625,ev_van,33.7,68.8,1526,0.623,-0.0186,clear,3.28
TS07-PU-2294,van,40.9,47.8,685,0.213,0.0488,clear,10.87
TS09-FT-6049,truck,23.6,14.9,5876,0.014,0.0499,clear,17.18
TS10-GH-6756,bus,31.5,56.7,3635,0.689,0.029,fog,22.0
TS08-RE-3711,truck,19.7,66.9,3746,0.146,0.0789,clear,10.44
TS07-CG-5404,truck,52.6,70.4,4557,0.694,0.0917,clear,40.46
TS07-CW-5636,bus,37.2,62.5,1547,0.691,0.0441,clear,22.36
TS10-SC-6582,van,34.4,36.9,1332,0.668,0.0609,rain,14.84
TS11-LW-9511,bus,56.8,30.3,920,0.592,-0.0025,rain,34.98
TS09-CQ-8919,van,40.9,19.5,1347,0.885,0.0998,clear,23.61
TS09-UN-4777,truck,18.9,70.3,3842,0.076,0.0829,fog,10.76
TS11-DL-2402,truck,39.6,92.6,6891,0.932,0.0939,clear,47.26
TS10-XZ-3103,van,57.8,55.6,1676,0.066,0.0734,clear,18.62
TS10-WV-5529,ev_van,4.3,67.9,2290,0.495,0.0187,clear,0.51
TS07-MU-6574,truck,38.7,69.5,7750,0.923,0.0066,fog,30.98
TS08-FQ-4854,van,11.9,25.4,337,0.269,0.0413,rain,4.12
TS09-YA-3144,truck,49.5,27.9,4858,0.838,-0.0101,rain,34.06
TS11-XH-9946,truck,39.5,29.3,2534,0.593,0.0462,clear,25.34
TS08-BH-5781,van,56.4,89.4,2584,0.861,0.0244,clear,28.43
TS07-EU-6594,truck,41.2,13.3,4054,0.049,0.0674,clear,31.66
TS10-ZF-9071,bus,4.0,56.9,653,0.556,0.0551,clear,2.17
TS08-YU-2919,bus,32.1,43.3,1447,0.189,0.0096,fog,15.91
TS08-ON-3113,truck,54.5,66.7,5456,0.018,0.068,rain,31.05
TS08-XT-2720,truck,16.2,30.3,821,0.689,0.0173,clear,8.26
TS10-EL-1109,truck,7.7,91.8,3157,0.75,0.0098,fog,5.98
TS10-EG-2707,ev_van,44.0,39.5,2205,0.736,0.0302,clear,6.07
TS07-CO-8808,van,31.6,88.9,282,0.727,-0.0011,clear,10.1
TS08-UO-3290,bus,5.7,60.9,4238,0.8,0.019,clear,4.11
TS07-UA-4799,truck,19.0,46.4,5469,0.47,0.0112,fog,10.01
TS07-UZ-3906,van,21.6,72.9,1098,0.348,-0.0174,clear,5.65
TS08-ON-4434,truck,41.1,57.9,1079,0.771,0.0161,clear,18.91
TS08-EG-6270,bus,29.9,23.5,794,0.666,0.036,clear,20.71
TS10-TN-7777,van,30.8,70.5,2914,0.2,0.0796,fog,13.65
TS09-JJ-5667,bus,49.0,60.1,4126,0.435,0.0017,clear,28.4
TS08-TE-1490,truck,18.9,58.9,3133,0.182,0.0193,rain,8.03
TS09-BE-4385,truck,41.3,73.3,6702,0.779,-0.0165,fog,25.57
TS07-FO-4371,truck,24.0,66.2,1006,0.247,-0.011,rain,9.19
TS11-CS-6327,bus,26.8,42.4,936,0.623,0.0227,clear,14.9
TS10-RB-8125,ev_van,34.7,38.4,654,0.735,0.04,clear,3.91
TS08-QH-4567,truck,42.7,32.8,6156,0.992,0.0698,clear,38.52
TS10-YW-7536,van,56.9,59.7,1345,0.433,0.0716,rain,21.31
TS09-NZ-2861,van,18.3,36.9,1999,0.872,0.0897,rain,9.86
TS11-QQ-6324,truck,8.9,22.0,2013,0.664,0.0889,clear,6.97
TS11-RC-8029,truck,27.4,77.0,6263,0.008,-0.0078,clear,12.79
TS10-XY-9540,truck,34.2,29.4,6453,0.391,-0.0066,clear,19.37
TS07-QY-9692,van,16.0,25.7,1357,0.394,0.0396,clear,5.87
TS09-XW-1023,bus,53.8,82.5,1414,0.12,0.0507,clear,31.63
TS11-QO-2606,van,48.5,70.3,1964,0.437,0.0517,fog,18.75
TS11-HK-3677,ev_van,31.1,75.6,789,0.116,0.0384,clear,2.88
TS11-MC-1097,van,28.7,41.1,615,0.835,0.0977,clear,11.47
TS11-GU-1262,ev_van,5.3,63.2,1616,0.362,0.0411,clear,0.6
TS11-QF-9002,van,33.6,89.4,1636,0.183,0.0922,fog,16.12
TS08-ZP-5036,ev_van,37.0,35.5,2002,0.602,0.0986,clear,6.16
TS07-GB-8677,van,53.8,17.7,1018,0.858,0.0333,rain,27.05
TS07-CD-9767,van,31.6,26.2,831,0.935,-0.0039,clear,11.75
TS11-SB-5534,van,12.0,86.5,1993,0.894,0.0191,clear,5.92
TS11-CU-1163,ev_van,13.3,35.4,1812,0.882,0.023,clear,1.82
TS11-OX-4724,bus,12.1,52.8,2598,0.348,0.0866,fog,8.62
TS10-VI-6780,van,56.5,56.4,1439,0.505,0.0954,clear,22.73
TS09-LU-3033,bus,48.2,91.7,917,0.371,0.0004,clear,28.76
TS07-MV-2466,ev_van,50.0,37.0,1280,0.922,-0.0176,rain,6.05
TS08-RM-6450,bus,50.9,55.3,5776,0.093,0.0797,clear,34.37
TS09-VW-5045,van,8.5,91.5,518,0.554,0.047,clear,3.46
TS09-HL-8526,van,43.0,28.7,1790,0.247,0.0701,clear,17.19
TS09-RK-7359,ev_van,43.1,61.6,242,0.85,0.0198,clear,3.89
TS10-NY-8882,truck,15.8,17.3,2738,0.339,-0.001,rain,10.14
TS07-FY-4614,van,31.0,33.8,2331,0.864,0.0118,clear,12.84
TS08-UP-2196,van,40.8,17.7,1788,0.928,-0.0142,clear,17.56
TS07-VT-4173,ev_van,54.1,39.4,387,0.172,0.0263,clear,4.51
TS11-DW-1712,ev_van,9.3,29.1,1239,0.754,-0.0081,fog,1.17
TS10-VQ-8006,van,53.9,78.3,421,0.35,0.0357,clear,15.12
TS08-HG-2047,van,55.6,50.5,1246,0.403,0.0759,clear,16.96
TS08-GT-2916,truck,55.6,45.6,6198,0.274,-0.0143,rain,27.14
TS07-TN-2939,ev_van,3.3,69.5,794,0.617,0.0876,fog,0.43
TS10-FU-1290,truck,15.6,90.6,3736,0.343,-0.0052,clear,9.37
TS09-PJ-7200,van,42.4,37.0,1601,0.741,0.0587,clear,17.27
TS08-QF-6116,van,21.3,17.5,2589,0.778,0.0089,rain,11.89
TS10-ZJ-5254,bus,6.5,21.1,905,0.395,0.0814,clear,5.11
TS09-WZ-6813,truck,46.5,83.1,4493,0.005,-0.0188,fog,20.51
TS11-CT-8289,truck,4.6,82.2,440,0.066,0.0306,clear,2.0
TS10-PX-6881,ev_van,28.4,51.5,415,0.274,0.0954,clear,2.76
TS11-ER-4936,bus,57.0,24.3,1480,0.954,-0.0065,clear,38.37
TS11-WV-2938,truck,28.1,55.7,5814,0.394,0.0713,clear,16.82
TS09-AZ-3317,van,55.0,67.5,315,0.744,0.0672,clear,17.82
TS10-MX-8390,truck,26.3,39.6,7572,0.936,0.0183,clear,18.87
TS10-QD-9270,ev_van,22.8,18.8,1184,0.342,-0.0127,fog,2.68
TS07-LJ-4516,truck,9.1,38.7,6741,0.561,0.08,clear,6.99
TS11-GP-2962,truck,23.4,69.3,1931,0.852,0.0886,clear,14.91
TS11-TK-1723,truck,22.2,93.2,2835,0.615,-0.0047,clear,14.01
TS07-GK-8972,bus,51.3,27.8,4417,0.112,0.0817,clear,41.23
TS07-OJ-1419,bus,55.4,87.9,2399,0.77,0.08,rain,59.52
TS10-SY-5559,van,4.3,49.9,1621,0.904,0.0492,clear,1.68
TS08-WG-7141,bus,8.6,67.0,4894,0.769,0.074,clear,7.75
TS11-AY-2851,truck,39.7,83.7,5279,0.753,-0.0153,rain,26.02
TS09-GD-7319,truck,30.6,58.3,6720,0.756,0.0395,clear,20.31
TS09-NM-7726,truck,19.9,17.1,875,0.613,0.096,rain,16.92
TS11-NE-3946,ev_van,17.8,34.1,1599,0.248,0.073,clear,2.38
TS09-CF-2823,truck,15.8,78.6,4889,0.911,0.0122,clear,10.72
TS11-KW-5962,ev_van,33.0,57.9,1596,0.129,0.0548,clear,3.39
TS09-YR-3157,truck,4.0,39.3,4793,0.827,0.0055,clear,2.26
TS08-RA-2372,truck,45.1,60.4,5846,0.359,0.0067,fog,22.92
TS07-SL-1102,truck,20.1,34.3,6783,0.674,0.0027,rain,13.89
TS10-RS-2468,truck,27.3,32.0,1991,0.805,0.0028,fog,15.4
TS11-EO-6029,van,33.0,80.8,493,0.799,0.0399,rain,13.1
TS08-JB-5241,bus,15.0,45.2,629,0.161,0.0172,fog,6.48
TS10-IN-9580,truck,53.4,34.7,1436,0.611,0.0734,clear,31.56
TS08-HD-5877,van,41.9,46.0,2037,0.215,0.0873,rain,16.4
TS08-WH-6976,van,52.6,88.4,1366,0.112,0.0385,clear,19.48
TS07-IE-5971,ev_van,30.1,27.0,1004,0.514,0.003,fog,3.31
TS07-CN-5910,ev_van,27.7,27.4,2293,0.988,0.0998,fog,6.12
TS08-LK-7820,van,16.5,41.4,2720,0.982,-0.0144,rain,6.31
TS09-WF-2796,van,34.1,17.0,1709,0.573,0.046,rain,18.36
TS09-CR-4514,van,36.8,18.2,1484,0.772,0.0064,fog,17.46
TS08-NC-4390,bus,26.9,12.9,1769,0.25,0.0925,clear,25.49
TS11-QO-5550,van,11.3,24.1,1488,0.224,0.019,clear,3.93
TS09-YY-4684,truck,18.6,65.2,3405,0.707,0.095,rain,13.29
TS11-CI-3717,van,3.8,28.3,219,0.786,0.0967,rain,1.76
TS10-PM-3303,ev_van,21.2,43.4,1945,0.742,0.0932,clear,3.29
TS09-GM-4055,truck,36.1,70.6,3621,0.105,0.0751,clear,19.44
TS11-TE-9460,van,57.5,14.6,824,0.356,0.0689,clear,26.34
TS10-JN-2759,ev_van,13.1,29.4,1732,0.044,0.0943,fog,1.85
TS07-KU-4166,truck,6.2,94.7,3692,0.786,0.0068,rain,5.19
TS08-ZZ-5174,bus,19.9,61.5,2020,0.312,0.0772,rain,13.22
TS07-RS-9223,ev_van,11.9,66.8,731,0.43,-0.0064,clear,1.0
TS11-QC-3244,ev_van,42.6,54.8,336,0.579,0.0234,clear,3.97
TS10-PL-4616,truck,3.3,92.2,4124,0.001,0.0282,clear,1.99
TS10-KE-9812,truck,58.9,24.0,3128,0.354,0.0994,clear,43.1
TS08-HB-5219,van,51.8,17.6,313,0.727,0.0185,clear,19.57
TS11-EG-2606,truck,31.0,79.7,6537,0.286,0.0466,clear,21.3
TS07-PH-7758,truck,55.5,12.3,6505,0.57,0.056,clear,57.46
TS09-QC-3963,truck,38.8,58.6,4022,0.977,0.0613,clear,26.18
TS09-BK-5231,truck,59.6,12.1,6743,0.118,-0.0056,rain,41.85
TS09-NU-7935,van,18.9,40.9,1547,0.268,0.0471,clear,5.87
TS07-QX-8840,van,59.8,66.0,673,0.684,0.0562,clear,19.98
TS08-UU-4292,van,13.3,57.4,1649,0.598,0.0884,fog,5.61
TS11-QT-7724,van,23.1,58.5,1075,0.978,0.0949,clear,10.07
TS10-YW-4800,bus,56.3,25.1,2824,0.035,0.0082,fog,31.93
TS09-QW-4533,truck,24.1,36.5,7771,0.878,0.0053,clear,17.32
TS08-TY-9207,truck,15.0,70.9,2973,0.489,0.062,clear,9.12
TS07-XU-2413,truck,6.4,13.9,1884,0.227,0.0387,clear,3.82
TS07-FY-7793,truck,11.5,61.4,1203,0.503,0.0692,fog,6.17
TS09-QK-9145,truck,23.2,54.9,7095,0.412,0.0818,fog,16.97
TS07-IF-8631,truck,27.0,40.5,317,0.179,-0.0187,clear,8.41
TS09-RX-2758,truck,33.9,39.8,7278,0.219,0.0854,rain,24.81
TS11-DT-7323,van,49.4,78.3,373,0.288,0.0119,clear,13.22
TS11-EY-8148,van,3.8,43.7,2307,0.552,0.0963,clear,1.67
TS07-OV-5291,ev_van,50.9,18.6,875,0.083,0.0316,clear,5.8
TS08-HN-9853,van,35.9,91.8,900,0.089,0.0823,clear,14.54
TS10-SU-8001,van,46.1,22.8,704,0.332,0.004,clear,13.7
TS09-TI-6255,truck,46.1,78.2,1249,0.707,0.043,clear,25.9
TS08-YS-6253,van,54.5,13.2,385,0.978,-0.0124,clear,22.08
TS09-NU-3463,truck,8.3,42.2,1409,0.012,0.0682,clear,3.74
TS11-HD-7631,bus,35.6,54.8,3613,0.972,0.0931,clear,32.36
TS10-IQ-7557,bus,54.8,14.5,3504,0.686,0.0812,clear,66.72
TS10-YW-4953,bus,44.0,72.9,1830,0.901,0.0616,clear,34.51
TS08-CO-6998,truck,8.5,33.6,5503,0.536,-0.0057,clear,4.99
TS10-AS-8082,van,38.0,56.9,2355,0.463,0.0981,clear,16.07
TS10-NA-5407,van,48.6,77.8,2944,0.785,0.0213,clear,22.3
TS10-OO-5647,van,18.7,61.1,1431,0.551,0.0559,clear,6.51
TS09-IP-3533,van,39.1,49.8,1249,0.897,0.0128,clear,12.41
TS09-KS-9053,bus,50.9,39.9,5844,0.893,0.0793,clear,51.05
TS10-DR-3922,truck,32.9,15.7,7549,0.53,0.0254,clear,28.22
TS07-EZ-4843,van,14.1,87.8,2795,0.574,0.0269,clear,6.74
TS08-DQ-7846,bus,34.3,61.1,3731,0.456,-0.0195,clear,18.78
TS08-CJ-6986,truck,36.5,64.4,5018,0.689,0.049,clear,24.4
TS07-GA-5249,truck,26.0,48.6,7438,0.682,0.0101,rain,16.82
TS07-FC-7571,ev_van,41.7,42.9,1304,0.651,0.0906,clear,5.73
TS09-YK-2995,van,27.7,15.9,798,0.062,0.074,clear,10.27
TS08-YP-3927,bus,53.0,26.0,5915,0.964,0.0942,rain,71.73
TS10-OC-7313,van,48.1,47.3,2558,0.336,0.0268,clear,15.63
TS07-FS-5002,bus,48.9,32.1,525,0.246,0.0594,clear,28.04
TS08-BP-7272,bus,33.0,15.7,852,0.211,0.0342,clear,22.15
TS08-KI-9023,truck,14.2,57.3,7081,0.069,0.0891,fog,9.1
TS10-HN-9311,bus,44.3,50.5,1946,0.457,0.0189,clear,24.06
TS08-DH-6462,van,6.9,47.0,2150,0.042,0.0194,clear,1.85
TS11-IB-2635,truck,32.5,77.1,1119,0.161,0.0239,clear,14.66
TS09-CA-6900,van,6.0,61.8,677,0.005,0.0397,clear,1.43
TS11-GN-6154,truck,33.1,12.1,6029,0.175,0.0865,clear,31.63
TS10-ZX-3843,van,42.1,75.2,2942,0.995,0.0049,fog,19.39
TS11-AZ-2285,van,26.9,52.1,1606,0.541,0.0582,clear,9.59
TS07-DD-5169,van,26.8,54.9,320,0.067,0.0167,rain,6.11
TS10-TA-3667,van,10.0,85.8,856,0.564,-0.0101,fog,3.48
TS07-DT-6766,ev_van,20.2,21.1,689,0.601,0.0944,clear,3.31
TS08-HY-6175,bus,28.3,61.8,5625,0.548,0.0743,clear,24.46
TS08-YF-3621,van,52.2,35.4,1374,0.336,0.0942,clear,20.09
TS10-NB-8260,van,54.2,15.0,2853,0.657,0.028,rain,34.34
TS08-RI-7762,truck,57.4,48.3,6905,0.143,0.0708,clear,32.82
TS11-UX-5858,truck,8.7,35.5,3716,0.22,0.0581,clear,4.77
TS07-NL-7469,bus,19.9,12.1,344,0.995,0.0543,clear,19.76
TS08-SL-7029,truck,29.4,52.9,7789,0.416,-0.0152,clear,14.14
TS09-JF-8456,bus,39.6,37.8,258,0.148,-0.0114,clear,15.26
TS07-GL-2401,bus,43.1,48.0,5166,0.217,0.0034,clear,23.69
TS11-IG-3284,van,47.8,13.0,1357,0.724,0.07,rain,29.9
TS07-RM-3078,truck,31.3,45.3,2550,0.116,0.0758,fog,16.04
TS11-RK-5618,van,34.7,51.0,1343,0.354,0.0577,fog,11.84
TS10-DV-3325,bus,57.8,50.7,2270,0.328,0.003,clear,29.68
TS07-NW-7597,van,16.7,71.5,2130,0.228,0.0733,clear,6.33
TS08-KP-3095,truck,48.8,94.3,4667,0.477,-0.0064,clear,32.25
TS11-HF-1855,bus,43.6,14.3,1690,0.11,0.0873,clear,37.31
TS10-AU-9757,truck,11.0,44.9,4315,0.457,0.0262,fog,5.88
TS07-CY-2123,van,55.8,83.1,1334,0.033,0.0673,rain,21.08
TS09-WD-6970,truck,51.8,63.9,7381,0.97,0.0003,clear,35.91
TS08-LY-6840,ev_van,47.4,93.6,2252,0.605,0.0177,rain,8.73
TS08-YP-1894,truck,10.2,71.2,5015,0.075,0.0394,clear,5.24
TS08-GQ-8741,van,11.0,72.1,2903,0.191,0.0396,rain,4.32
TS07-UX-9947,truck,41.9,18.3,3126,0.736,-0.0083,clear,26.82
TS10-ID-9503,van,9.1,34.8,446,0.732,0.0458,fog,3.31
TS09-IT-7435,bus,9.5,60.5,476,0.365,-0.011,fog,3.92
TS11-WW-2536,bus,25.8,55.4,5034,0.148,0.0908,clear,18.55
TS07-FQ-6228,truck,3.3,75.3,3191,0.536,0.0306,clear,1.78
TS11-VV-1710,truck,44.1,94.5,6910,0.276,0.0327,clear,36.99
TS10-WZ-4087,truck,33.8,29.2,3778,0.097,0.0492,rain,20.89
TS10-KE-4058,ev_van,7.5,47.6,226,0.346,0.0738,clear,0.7
TS08-XE-2177,bus,34.0,83.9,3266,0.751,-0.0117,fog,23.94
TS09-OO-2332,truck,6.1,81.6,4837,0.354,0.0644,fog,4.49
TS09-YC-8180,ev_van,7.0,79.8,1238,0.041,0.0893,clear,0.86
TS07-GX-3679,truck,30.7,63.5,6737,0.12,0.0327,clear,17.01
TS09-JP-4648,bus,31.5,94.4,3935,0.596,-0.0184,rain,28.37
TS09-VO-6080,van,22.3,41.7,1221,0.522,0.0097,clear,6.65
TS11-LV-7474,ev_van,38.4,21.7,1854,0.675,0.0929,clear,7.41
TS11-LO-2154,van,25.1,23.0,1095,0.572,-0.0058,clear,8.51
TS07-CQ-3933,bus,36.5,48.2,5064,0.497,-0.0184,clear,21.07
TS08-PK-2213,ev_van,22.9,78.8,844,0.475,0.0923,clear,3.16
TS09-OD-3426,truck,43.8,49.6,5400,0.962,0.0836,clear,33.18
TS08-SG-1254,ev_van,36.0,62.7,1155,0.862,0.0352,clear,4.11
TS08-MU-1470,van,12.1,41.7,483,0.383,-0.0194,clear,2.83
TS11-II-1140,ev_van,42.1,71.3,1648,0.653,0.0501,rain,6.09
TS08-MQ-7902,truck,47.7,24.7,3188,0.02,0.078,clear,29.34
TS09-CK-7616,truck,6.8,55.2,5147,0.021,0.0143,clear,2.8
TS10-PN-5540,van,37.8,27.4,1712,0.319,0.0007,fog,13.47
TS11-PP-4022,bus,48.1,50.9,441,0.755,0.0886,fog,34.46
TS09-SW-8016,bus,9.5,47.7,1389,0.925,0.0722,clear,6.89
TS10-UA-3424,ev_van,54.4,62.2,1811,0.683,0.0338,rain,7.28
TS08-RT-2332,van,26.6,54.3,1509,0.706,0.0886,clear,10.79
TS07-MZ-1023,truck,45.1,93.0,3838,0.032,0.053,rain,32.02
TS11-FG-6684,bus,54.2,86.7,214,0.93,0.0933,clear,49.77
TS10-WA-1441,truck,59.4,36.4,2562,0.087,-0.0076,clear,23.25
TS09-OG-6730,truck,36.3,22.1,5422,0.947,0.0324,fog,32.5
TS08-YE-6895,truck,43.1,17.4,7119,0.142,0.0615,clear,34.03
TS09-CP-2320,van,17.3,28.4,1807,0.033,0.0289,clear,5.56
TS09-QB-2940,van,19.5,30.4,1714,0.564,0.022,fog,7.81
TS08-YF-9285,bus,51.5,85.8,2928,0.114,0.0635,clear,38.74
TS09-YV-3636,bus,25.7,88.8,4135,0.029,0.0527,clear,20.7
TS09-SC-6966,van,49.9,31.1,2435,0.668,0.0139,clear,21.17
TS09-AW-3389,van,5.9,75.0,818,0.738,0.0333,rain,2.25
TS11-FO-4336,ev_van,15.4,81.4,1842,0.293,0.0648,rain,2.37
TS11-YU-8609,bus,12.7,43.3,1614,0.534,0.0552,clear,8.03
TS10-HX-5769,van,33.0,84.3,289,0.586,0.0344,clear,11.06
TS08-ES-3496,bus,7.6,94.1,633,0.161,0.0112,clear,4.69
TS10-BQ-6782,bus,22.6,92.3,470,0.44,-0.0062,clear,14.15
TS09-RZ-8545,ev_van,59.2,73.6,844,0.637,0.0808,clear,8.05
TS09-WY-2440,bus,48.3,42.8,938,0.886,0.0784,clear,35.57
TS08-TN-2212,bus,46.4,30.8,694,0.419,0.0536,rain,31.26
TS09-JT-5639,truck,10.7,94.4,1351,0.699,0.0486,rain,8.56
TS07-BH-2410,bus,23.8,34.9,422,0.502,-0.0036,clear,11.63
TS11-HQ-2147,bus,41.8,48.4,2193,0.707,0.0336,clear,25.64
TS09-YQ-3594,van,4.2,33.9,2504,0.789,0.0381,rain,2.07
TS10-NG-9967,bus,27.7,53.2,3412,0.531,0.0354,clear,16.15
TS11-OA-4703,truck,55.9,21.2,707,0.061,0.0091,clear,24.63
TS09-YT-3002,ev_van,7.7,79.2,1062,0.875,-0.0051,clear,0.9
TS09-EM-5817,truck,54.7,53.9,3553,0.601,0.0918,clear,37.46
TS09-LL-8172,ev_van,14.1,46.8,597,0.601,0.0468,clear,1.46
TS09-BT-6558,truck,13.8,42.1,3109,0.509,0.0835,fog,8.95
TS10-SE-9746,van,14.1,60.1,1143,0.174,0.0606,clear,3.98
TS11-DF-3215,bus,56.1,76.7,3064,0.486,0.0784,clear,47.36
TS11-YG-6675,van,37.4,86.9,2152,0.537,0.0059,clear,14.8
TS08-AF-1696,truck,45.8,81.8,3935,0.384,-0.0073,rain,27.15
TS11-UE-6106,ev_van,23.9,49.0,370,0.149,0.0537,rain,2.13
TS08-OX-8917,bus,52.8,81.2,520,0.762,0.0459,clear,38.0
TS11-GE-2443,van,36.2,55.9,2686,0.457,-0.0084,clear,10.97
TS07-PR-8940,bus,37.2,65.0,4230,0.701,0.0534,clear,28.47
TS07-GS-7130,truck,45.9,68.0,5326,0.047,0.0018,clear,20.43
TS09-DM-2547,bus,47.1,45.2,5497,0.504,-0.007,clear,30.66
TS09-XF-2061,truck,41.9,52.3,4424,0.074,0.0982,clear,23.01
TS10-AZ-7973,truck,9.8,69.5,775,0.734,0.0467,clear,5.17
TS09-JK-4569,van,52.4,37.6,2200,0.581,0.0196,rain,20.4
TS11-UF-2619,bus,17.9,74.0,1141,0.451,-0.0082,fog,9.35
TS09-QS-3821,truck,59.8,41.4,5396,0.973,0.09,clear,47.89
TS09-CL-7186,truck,25.0,60.6,3326,0.326,0.0931,rain,14.29
TS08-IM-8798,truck,9.8,81.5,420,0.423,0.0108,fog,4.5
TS10-XB-8640,truck,21.0,13.9,633,0.738,0.0322,clear,14.74
TS07-IL-3129,van,35.7,31.9,1299,0.525,0.0575,clear,13.35
TS11-XO-5076,truck,25.3,58.6,4837,0.659,-0.0067,rain,13.47
TS10-SM-8443,ev_van,50.2,20.8,593,0.976,0.0444,clear,7.6
TS07-HA-2071,truck,41.9,29.1,1033,0.696,0.0062,fog,22.23
TS07-QW-6311,truck,15.2,74.2,3135,0.151,0.007,clear,6.52
TS09-HC-6261,ev_van,33.7,14.1,2050,0.209,0.0524,fog,6.12
TS07-UK-4149,truck,47.9,62.6,6315,0.87,0.0172,clear,30.54
TS07-GA-7524,bus,53.8,14.8,4168,0.048,0.046,rain,51.52
TS09-UO-9587,ev_van,25.5,21.6,1178,0.509,0.0115,clear,3.25
TS10-DD-9002,ev_van,55.7,44.4,1216,0.906,0.0385,clear,6.58
TS08-TQ-7316,van,5.1,92.1,833,0.776,0.0919,clear,2.64
TS08-IO-1199,truck,41.6,57.3,1270,0.116,0.0382,clear,16.42
TS08-NF-3571,van,47.6,37.9,244,0.74,0.0402,clear,15.12
TS11-HX-9343,ev_van,27.2,46.1,2178,0.382,0.0391,clear,3.19
TS10-DF-9407,ev_van,3.6,59.2,1341,0.901,0.0828,rain,0.54
TS07-NP-8543,truck,42.2,63.4,224,0.573,0.0618,clear,20.19
TS11-HN-6704,bus,22.5,34.2,3269,0.549,-0.0163,clear,13.14
TS11-OD-9316,truck,11.7,28.4,2215,0.009,-0.0058,clear,4.74
TS09-EE-2840,truck,12.0,53.1,3533,0.25,0.0493,fog,5.95
TS10-YL-1881,van,46.8,65.5,2083,0.413,0.0712,rain,19.43
TS11-QO-1545,truck,13.7,79.8,6516,0.724,-0.006,clear,8.93
TS11-CP-6373,truck,30.6,61.2,5664,0.52,0.0403,rain,19.39
TS09-OK-6156,truck,58.3,69.5,7191,0.853,0.0571,fog,47.11
TS08-MR-7680,bus,46.3,52.2,1562,0.034,0.0281,clear,21.15
TS07-ZC-3481,truck,34.2,59.0,5359,0.323,0.0632,clear,20.53
TS08-IJ-3907,bus,33.1,64.7,5361,0.598,0.0211,clear,23.4
TS09-TV-4131,truck,12.5,31.6,2606,0.659,0.0548,rain,8.5
TS08-RB-5012,ev_van,28.4,89.5,2039,0.502,0.0719,fog,5.47
TS08-PC-8460,truck,11.3,40.7,7534,0.399,0.0947,clear,8.3
TS08-NO-5276,bus,7.8,62.2,3934,0.072,0.0567,clear,4.48
TS09-GU-5642,truck,9.2,58.6,1481,0.696,0.0222,clear,4.24
TS08-GL-8591,truck,37.6,82.8,2235,0.904,0.0665,clear,28.47
TS11-KK-2161,truck,14.0,21.4,5504,0.809,0.0765,fog,13.76
TS09-GV-5810,truck,11.5,85.4,6956,0.701,0.0298,rain,10.05
TS08-XV-3704,truck,52.4,23.4,385,0.634,0.0235,fog,29.03
TS07-GJ-4658,bus,10.0,24.0,2093,0.772,-0.0017,clear,7.22
TS11-ZT-8606,van,43.2,83.6,854,0.777,0.0612,rain,20.94
TS07-DX-6523,truck,26.8,33.3,3492,0.007,0.0334,fog,12.98
TS08-UE-7911,bus,36.0,62.8,4657,0.358,-0.0041,rain,22.26
TS11-MR-7585,van,4.3,50.5,1608,0.868,0.0474,fog,1.7
TS11-PH-2812,truck,3.0,89.5,4243,0.851,0.0988,clear,2.99
TS08-BS-4325,bus,49.6,76.9,3732,0.71,-0.0138,clear,32.22
TS10-BI-4554,truck,30.1,39.8,4222,0.309,0.0419,clear,16.08
TS07-VP-8597,truck,7.1,79.5,5568,0.798,0.0923,fog,6.45
TS11-AW-1625,bus,22.6,30.7,821,0.232,0.0951,clear,14.67
TS11-RV-5499,ev_van,31.9,63.1,252,0.224,0.021,rain,2.73
TS07-DD-8248,ev_van,10.7,74.4,2102,0.536,0.0006,clear,1.2
TS09-FD-1703,ev_van,34.1,70.4,1301,0.571,0.0305,rain,4.2
TS08-TX-6472,bus,33.1,66.5,1931,0.351,0.0182,rain,18.72
TS11-KI-7233,truck,37.4,80.9,3744,0.604,0.0379,clear,24.32
TS07-XU-1307,truck,49.2,58.2,5271,0.709,0.0515,clear,31.94
TS07-QT-2963,truck,26.5,89.1,1149,0.18,0.0722,rain,17.1
TS10-MR-4815,truck,53.6,24.0,4284,0.289,0.0561,fog,38.9
TS09-KE-2713,truck,30.1,41.5,1064,0.7,0.087,clear,19.08
TS07-UL-4415,bus,29.1,77.0,5186,0.927,0.0683,clear,30.0
TS11-XG-4191,truck,40.4,37.6,4587,0.884,0.0422,fog,27.4
TS09-VR-5899,truck,38.2,48.8,6525,0.13,-0.0057,clear,16.81
TS08-KA-7335,van,3.7,76.1,2219,0.57,0.0765,clear,1.68
TS11-UI-5343,bus,59.0,56.7,4928,0.8,0.0657,fog,53.21
TS11-LV-6196,ev_van,56.7,27.6,986,0.237,0.0203,rain,6.06
TS09-PF-4828,truck,19.0,26.5,1288,0.643,0.0078,clear,10.28
TS08-TP-4597,bus,34.8,37.0,5371,0.428,0.059,fog,29.56
TS11-LY-6447,truck,46.9,37.2,7100,0.663,-0.0099,rain,30.68
TS11-ZI-3345,bus,55.5,23.3,5323,0.032,0.0745,clear,47.31
TS11-GT-2591,truck,36.4,81.3,7916,0.313,0.0072,clear,23.74
TS11-RN-5041,truck,4.1,35.5,4850,0.307,0.0512,fog,2.45
TS10-KK-2836,van,41.8,78.6,1635,0.419,0.0164,rain,15.29
TS07-XT-4988,truck,8.3,92.8,6419,0.115,0.0373,clear,5.85
TS11-PP-2012,truck,41.3,39.6,1059,0.437,0.0761,clear,21.76
TS09-CR-1606,ev_van,36.5,92.5,2001,0.541,0.0144,clear,6.2
TS09-JD-5255,truck,39.5,27.9,6535,0.027,-0.016,rain,20.25
TS08-GX-4146,van,13.8,65.7,1816,0.301,-0.0107,clear,3.6
TS09-AH-4159,bus,31.1,94.3,2450,0.177,-0.0111,rain,20.64
TS10-DY-2155,truck,38.2,79.1,5319,0.972,0.0351,clear,29.12
TS10-AV-7266,bus,20.1,31.1,5507,0.13,-0.01,clear,12.16
TS11-YV-6593,truck,13.4,33.4,1432,0.627,0.0295,clear,7.0
TS11-CQ-9905,van,15.7,33.8,1071,0.402,0.0637,rain,6.33
TS08-ZN-5213,truck,51.9,90.3,5437,0.287,0.0856,clear,44.95
TS08-CW-7485,truck,29.5,32.4,6699,0.854,0.0066,clear,19.99
TS09-YE-8007,truck,40.7,54.3,5286,0.664,0.0852,clear,28.98
TS09-QA-6496,ev_van,32.3,41.0,1559,0.62,0.0974,clear,4.72
TS10-ZI-1658,van,50.5,42.0,440,0.094,0.0551,fog,13.19
TS07-DH-8476,ev_van,32.0,45.9,1198,0.259,0.0685,clear,3.39
TS07-DA-4449,van,8.3,40.6,2692,0.276,0.038,clear,2.87
TS10-HM-3190,van,14.3,61.8,1213,0.434,-0.011,fog,3.87
TS11-AF-6095,bus,3.8,47.3,2410,0.921,0.0952,clear,3.09
TS11-KB-5963,ev_van,50.4,48.6,1022,0.404,0.0934,clear,6.22
TS08-HX-9472,bus,40.8,54.0,2304,0.328,0.0187,clear,21.09
TS08-PO-9649,bus,46.3,41.6,2548,0.071,0.0035,fog,22.47
TS11-JA-1020,van,43.8,74.6,2365,0.385,-0.0121,fog,14.15
TS07-UT-8445,bus,50.0,53.8,2839,0.052,0.0397,clear,27.02
TS07-BE-6627,truck,59.3,54.3,4935,0.365,0.091,clear,36.98
TS07-RX-2311,bus,40.2,29.4,2766,0.968,-0.0151,clear,27.52
TS10-OY-3188,truck,17.4,14.6,7016,0.556,0.0534,clear,17.41
TS08-AS-8801,van,8.8,79.2,700,0.209,0.0803,clear,3.06
TS07-MS-8034,bus,36.6,83.0,913,0.299,0.0256,clear,20.66
TS11-SX-9942,van,46.9,32.0,1342,0.571,0.0534,clear,18.26
TS11-LK-4847,bus,35.0,41.9,5851,0.019,0.0333,clear,20.71
TS11-HT-6625,van,20.3,41.7,2159,0.9,-0.0122,clear,6.99
TS07-MF-7558,truck,44.0,68.8,5007,0.578,0.0405,fog,28.43
TS09-JB-2177,ev_van,28.5,27.5,1098,0.492,-0.0093,clear,3.05
TS10-WH-8451,bus,19.3,93.2,1912,0.716,0.0622,fog,18.94
TS09-JL-7212,truck,50.9,17.1,7661,0.2,0.0172,clear,36.81
TS11-MJ-7847,truck,35.9,92.8,3530,0.022,0.0763,clear,24.94
TS09-KL-5820,truck,19.2,17.7,5746,0.615,0.0504,clear,17.66
TS07-BR-2574,bus,21.7,38.4,4901,0.16,0.0922,fog,17.89
TS09-UF-4433,van,35.6,32.8,2041,0.012,0.0685,rain,13.41
TS11-AT-2508,ev_van,27.1,33.5,735,0.929,0.067,clear,3.93
TS11-KA-7460,van,12.1,94.6,1006,0.788,0.0166,clear,5.42
TS07-JN-7705,bus,37.8,50.0,333,0.114,0.033,clear,16.39
TS09-WM-4069,bus,42.3,21.9,5822,0.896,0.0695,clear,53.64
TS08-UR-2141,van,3.0,93.5,2537,0.068,0.0666,clear,1.44
TS10-KJ-1877,van,33.6,32.1,1331,0.803,0.0631,fog,14.88
TS11-BZ-1580,truck,35.9,18.0,7161,0.414,-0.019,rain,25.92
TS09-CM-8520,ev_van,21.9,14.0,553,0.518,-0.0179,rain,2.8
TS09-OD-9525,bus,22.3,50.4,444,0.668,-0.0119,clear,10.66
TS08-NX-6657,van,21.1,88.2,579,0.099,-0.0162,clear,5.22
TS10-EL-5864,ev_van,28.4,13.4,2232,0.908,0.0727,clear,7.14
TS07-KV-9381,van,49.3,72.2,649,0.144,0.0456,rain,14.4
TS11-YZ-2786,truck,29.7,33.6,731,0.942,0.0406,clear,17.55
TS11-QW-6742,van,59.6,30.2,720,0.091,-0.0097,clear,14.97
TS07-OT-2118,truck,24.4,70.4,3437,0.172,0.073,clear,13.1
TS09-RM-8190,van,42.9,74.1,1590,0.058,-0.0089,clear,10.64
TS07-IY-5630,truck,34.3,58.4,2040,0.398,0.0066,clear,13.82
TS07-DP-9375,van,46.5,28.8,2456,0.591,0.0783,clear,23.68
TS07-CJ-2875,ev_van,53.6,12.5,2408,0.625,0.0631,fog,12.49
TS07-HQ-8431,truck,32.2,73.2,2469,0.829,-0.0089,rain,17.17
TS08-SV-1063,bus,31.2,61.8,5600,0.528,-0.0111,fog,21.04
TS11-ER-7750,van,56.7,47.1,2490,0.51,0.0288,fog,20.71
TS11-KR-1235,bus,56.2,29.7,5339,0.326,0.0524,clear,47.69
TS09-ZE-2360,truck,59.8,75.2,666,0.651,0.0096,clear,28.18
TS10-NL-3234,truck,11.9,17.9,6706,0.909,0.0502,clear,12.56
TS07-TJ-7989,bus,3.2,65.3,3598,0.355,0.0231,clear,1.86
TS09-KF-6925,van,27.9,69.1,307,0.356,0.0506,rain,8.57
TS08-XK-8332,van,44.8,30.5,2310,0.343,0.0671,rain,22.36
TS09-KL-4972,truck,7.2,52.1,2085,0.227,0.0812,clear,3.42
TS09-XS-1309,bus,24.3,55.2,4823,0.567,0.0035,clear,14.77
TS07-AR-2851,bus,36.1,61.1,3831,0.106,-0.0098,clear,18.03
TS08-VD-2378,truck,15.1,86.8,4040,0.835,-0.0058,clear,9.9
TS07-HC-6660,van,44.7,57.4,265,0.138,-0.0002,clear,8.96
TS10-EN-3727,truck,16.1,17.6,7139,0.174,0.0189,fog,11.96
TS07-MS-3052,bus,50.9,40.6,1056,0.069,-0.0166,clear,20.8
TS10-ZB-2470,ev_van,22.9,64.2,2108,0.381,0.0799,fog,3.09
TS08-WD-5230,bus,37.1,39.7,4191,0.758,0.0819,clear,34.62
TS09-DB-2066,van,34.0,75.7,395,0.91,0.0656,clear,12.52
TS07-NY-4181,truck,19.9,27.8,4429,0.434,0.0228,clear,11.58
TS08-GZ-9629,truck,28.0,23.9,7702,0.235,0.0648,clear,21.62
TS10-ME-9358,truck,51.2,31.2,7398,0.726,0.049,clear,41.54
TS07-ER-2651,van,34.3,84.7,610,0.688,0.0595,clear,13.65
TS07-PA-3428,van,6.2,68.5,685,0.682,-0.0095,clear,1.61
TS10-ET-1852,truck,43.6,55.2,1398,0.443,0.085,clear,22.22
TS10-BT-7777,truck,13.4,36.9,6098,0.565,0.0218,clear,8.09
TS10-HG-9804,truck,30.7,88.2,1454,0.062,0.0123,clear,14.01
TS10-EA-4189,van,29.7,85.8,381,0.25,0.0269,rain,9.79
TS10-JV-5500,van,30.7,45.2,1293,0.927,0.0097,rain,10.78
TS11-WM-8512,van,4.8,74.5,2907,0.042,0.0993,clear,1.87
TS09-AI-4682,ev_van,18.5,87.8,909,0.302,0.0575,rain,2.62
TS11-VD-1001,truck,5.9,38.0,5849,0.227,0.0876,clear,4.0
TS09-NT-3335,van,26.7,39.3,603,0.13,0.0941,rain,8.86
TS11-KI-4782,van,38.4,57.3,1939,0.924,0.0497,clear,14.96
TS11-KO-9026,truck,40.3,45.9,4733,0.126,0.0761,rain,24.43
TS07-NS-9132,ev_van,6.7,75.2,2280,0.489,0.0886,clear,1.04
TS07-SU-4159,truck,9.8,56.6,5789,0.84,-0.002,rain,5.86
TS10-MR-4508,van,40.7,29.6,538,0.004,0.0123,rain,10.81
TS07-VF-2688,van,33.3,41.6,1333,0.109,0.0282,clear,9.3
TS11-YP-6223,ev_van,50.5,67.7,201,0.342,0.0547,clear,4.73
TS08-PP-5650,bus,14.7,16.4,1598,0.148,0.0722,rain,12.61
TS10-OW-7008,truck,9.9,40.4,7776,0.183,0.0214,clear,5.67
TS08-RF-2927,van,23.6,13.3,1476,0.591,0.0811,rain,14.08
TS11-PB-4191,van,39.3,80.1,2629,0.171,0.0585,clear,16.84
TS11-QW-5929,bus,30.7,21.7,338,0.639,0.0246,clear,18.91
TS07-EC-7611,van,8.6,18.4,2664,0.916,0.0617,rain,6.21
TS10-LS-5962,truck,7.1,77.3,7137,0.229,0.0822,clear,5.06
TS10-RL-6875,van,41.6,19.4,2030,0.212,0.0203,clear,16.57
TS08-TX-2860,ev_van,19.9,68.8,467,0.011,0.0264,clear,1.6
TS10-CJ-7021,truck,41.2,43.5,7033,0.015,0.063,rain,25.61
TS08-GJ-2031,bus,19.8,80.2,5419,0.397,0.0316,clear,16.08
TS10-DI-3814,ev_van,20.9,27.2,662,0.489,0.0013,clear,2.2
TS11-ZC-2415,van,15.0,19.0,2832,0.183,0.0825,clear,7.59
TS10-HQ-9285,ev_van,59.1,31.0,2226,0.323,0.0042,clear,6.72
TS07-ZB-3059,bus,3.9,89.4,1388,0.14,0.0096,clear,2.3
TS09-WO-2250,ev_van,10.3,80.8,1106,0.681,0.0841,clear,1.57
TS08-TO-1117,truck,50.7,35.7,2826,0.393,0.057,clear,28.48
TS09-KA-3225,bus,10.9,29.1,3090,0.734,0.0318,fog,9.41
TS11-SB-1144,bus,19.0,25.0,5356,0.55,0.0258,rain,18.78
TS08-ML-7269,van,18.0,30.4,2648,0.377,0.002,rain,6.83
TS07-BR-9075,ev_van,42.7,29.0,604,0.626,-0.0119,rain,4.61
TS07-JQ-2487,van,26.4,85.7,1743,0.007,0.0891,clear,10.2
TS11-FN-4049,van,50.9,13.7,1695,0.69,-0.0146,rain,22.54
TS10-FC-5594,bus,45.6,85.1,2812,0.371,-0.0126,clear,27.02
TS11-QT-4900,bus,33.3,15.4,4345,0.514,0.0703,rain,39.71
TS07-LZ-8034,bus,17.2,80.6,3947,0.523,0.0872,fog,16.42
TS10-HP-6604,truck,48.2,47.3,2346,0.558,0.0652,clear,26.98
TS10-XR-2993,bus,52.4,18.4,2219,0.702,0.009,rain,44.83
TS08-QW-9530,ev_van,50.7,78.3,2243,0.111,0.0125,clear,5.84
TS10-NV-9791,van,5.9,33.3,1112,0.489,0.0954,fog,2.58
TS07-II-6078,van,42.8,84.9,1443,0.083,0.064,clear,15.3
TS08-IA-1033,bus,43.1,74.4,5843,0.234,0.0793,clear,37.33
TS09-ZH-3160,bus,56.8,93.5,5172,0.189,0.0336,fog,51.74
TS08-ZR-6876,truck,18.0,81.0,5652,0.599,0.0732,clear,14.6
TS07-XF-9703,bus,47.8,32.0,1963,0.606,0.0977,clear,39.34
TS11-OW-9996,bus,42.3,46.0,3847,0.831,0.0228,clear,31.22
TS09-TP-5713,truck,53.1,69.8,5208,0.522,0.0185,clear,30.5
TS08-RG-2748,truck,42.5,38.2,3410,0.745,-0.0148,clear,20.64
TS08-AY-3310,van,51.6,57.4,301,0.889,0.0684,clear,17.22
TS10-LI-3052,bus,23.5,31.7,2326,0.134,0.0089,clear,13.77
TS11-NL-6920,bus,12.0,67.0,3147,0.721,0.0105,clear,7.34
TS11-RM-9042,truck,23.7,40.4,7611,0.328,0.0558,fog,16.1
TS11-ZC-9015,bus,49.5,16.6,4419,0.278,0.0687,rain,51.9
TS07-QR-2851,bus,10.5,92.3,826,0.963,0.0289,clear,8.59
TS07-YX-2573,bus,39.4,82.0,1948,0.206,0.0933,clear,28.38
TS10-DO-3857,van,59.3,37.2,1661,0.915,-0.0006,fog,22.0
TS10-OM-7132,truck,54.0,22.8,3719,0.824,0.0433,clear,42.7
TS09-AP-8001,ev_van,41.3,73.0,212,0.879,0.0541,fog,4.81
TS09-EA-3668,truck,48.2,30.3,7494,0.586,0.0541,fog,39.93
TS10-IY-3991,bus,9.6,62.3,5443,0.585,0.0588,fog,7.93
TS09-TP-1368,truck,31.4,76.7,7405,0.403,0.0561,clear,21.95
TS07-FW-1200,bus,33.3,34.6,2686,0.401,0.075,clear,25.36
TS07-UQ-9852,truck,47.6,35.6,6700,0.851,0.0777,rain,43.13
TS08-RD-6310,ev_van,19.1,17.1,1830,0.388,0.0973,clear,3.5
TS07-XK-3294,bus,9.1,38.5,3168,0.487,0.0928,clear,7.47
TS11-BU-5589,van,42.8,61.6,416,0.996,0.0424,clear,14.67
TS10-GW-5059,truck,31.1,24.9,1509,0.354,0.0647,rain,20.61
TS09-LH-3869,truck,51.0,91.1,2058,0.823,0.0283,clear,35.61
TS07-MM-4420,bus,30.4,72.0,5396,0.277,0.0581,clear,23.04
TS11-CX-8799,bus,51.2,28.9,4059,0.025,-0.0191,rain,28.56
TS07-SF-1371,bus,31.9,56.0,5902,0.593,0.0241,clear,23.11
TS11-DH-1868,ev_van,47.6,44.5,1503,0.479,0.0897,rain,6.99
TS07-BV-1531,van,44.1,43.7,437,0.787,0.061,rain,16.08
TS10-EX-8629,ev_van,18.2,58.5,1299,0.004,-0.0179,fog,1.35
TS10-VH-8047,truck,20.6,21.0,1072,0.071,0.0427,rain,11.41
TS08-PX-7510,van,54.3,29.9,2724,0.86,0.0239,clear,26.19
TS08-TW-9002,van,16.2,24.4,980,0.481,0.0771,fog,7.34
TS10-TU-7627,van,42.8,26.4,752,0.506,-0.0062,clear,12.21
TS07-UE-6006,ev_van,11.3,66.4,1377,0.225,0.0525,rain,1.22
TS08-FH-1760,van,46.0,94.7,2460,0.926,0.0654,clear,30.43
TS09-KK-1825,ev_van,15.7,66.0,1374,0.914,0.0515,rain,2.35
TS10-EW-1214,van,36.9,93.7,307,0.517,0.0129,clear,13.58
TS07-HK-9729,truck,35.2,59.9,5995,0.218,0.0752,clear,21.36
TS09-JV-3167,van,14.6,35.5,295,0.983,0.0752,clear,5.74
TS11-KI-3711,bus,31.0,84.4,3705,0.892,0.0233,clear,28.6
TS07-RP-6709,ev_van,53.1,17.6,1619,0.521,0.012,clear,7.58
TS10-AW-5601,van,41.8,20.5,784,0.626,0.0597,rain,19.59
TS10-AT-7095,truck,59.6,90.7,3683,0.44,0.0241,clear,38.24
TS08-YQ-9166,truck,47.7,66.0,248,0.206,0.0214,rain,19.09
TS11-FZ-7683,truck,39.7,89.1,2413,0.681,0.0341,rain,28.88
TS07-UL-8778,bus,35.1,23.0,3792,0.669,0.035,clear,32.79
TS07-GJ-5057,truck,56.4,75.8,2417,0.547,0.0796,fog,39.49
TS10-FS-1218,van,33.0,31.5,333,0.814,0.0943,clear,13.78
TS08-RG-4882,van,26.0,40.5,2088,0.452,0.0656,clear,10.33
TS10-GZ-8623,van,50.6,86.6,2279,0.861,-0.0094,clear,21.41
TS11-MI-9950,truck,56.6,46.1,6931,0.217,0.0205,rain,29.52
TS10-UE-8822,bus,30.3,67.7,5278,0.962,0.0028,clear,22.66
TS09-UV-1953,truck,10.8,85.6,4071,0.205,0.0596,clear,7.2
TS07-BQ-9234,ev_van,37.7,84.3,1137,0.16,0.0518,clear,4.58
TS07-DM-4520,truck,45.2,12.7,4770,0.603,0.0979,rain,51.08
TS07-PX-2906,truck,24.3,25.1,6383,0.093,0.0337,rain,16.88
TS07-FE-5195,truck,45.6,88.2,3908,0.168,-0.0073,clear,23.32
TS07-JD-7088,van,33.3,58.7,2986,0.729,0.0518,clear,13.96
TS09-BB-5398,truck,20.2,51.9,5173,0.308,0.024,rain,11.08
TS09-EI-6459,van,38.9,17.4,1063,0.8,0.0014,fog,16.55
TS09-DK-2778,van,25.2,14.1,2422,0.156,0.0245,clear,11.58
TS11-UI-3116,van,47.8,91.1,622,0.385,0.0086,rain,16.27
TS07-TX-3457,truck,3.2,51.3,7499,0.386,0.0037,clear,1.66
TS10-GX-3692,truck,49.6,77.3,2855,0.48,0.038,clear,28.73
TS07-WY-4574,bus,20.5,30.3,4173,0.41,0.0772,clear,18.0
TS11-GH-5829,truck,57.7,31.7,5077,0.387,0.0863,rain,44.93
TS10-KU-8110,van,46.3,58.5,468,0.328,0.0112,rain,11.78
TS07-ZE-5738,bus,16.7,84.7,4385,0.015,0.0338,clear,11.58
TS09-LD-4086,bus,58.8,36.0,2009,0.617,0.0811,rain,46.49
TS07-ZD-5349,truck,31.5,39.3,3173,0.473,0.0986,clear,20.34
TS08-EK-9721,van,32.8,57.7,470,0.373,0.082,clear,9.96
TS09-YV-4921,truck,54.8,15.3,6519,0.211,0.0393,rain,47.34
TS11-JN-7123,van,55.3,43.4,2609,0.891,0.0844,clear,27.79
TS09-VE-5486,truck,42.7,58.2,1247,0.238,0.0648,fog,19.94
TS10-IW-3712,ev_van,58.8,12.4,2069,0.921,-0.0064,rain,11.01
TS08-IR-2062,van,21.7,65.0,2714,0.217,-0.0099,rain,6.8
TS07-UF-1944,truck,16.2,16.2,959,0.971,0.0924,clear,15.0
TS08-KA-8513,truck,4.7,71.8,7980,0.42,0.0909,rain,4.13
TS07-KF-3652,truck,22.7,78.5,235,0.533,0.035,clear,11.02
TS07-YY-2138,truck,37.4,81.6,6771,0.299,0.0594,clear,27.28
TS07-XK-1558,truck,20.4,67.9,4555,0.939,0.0166,clear,12.26
TS07-KO-6684,ev_van,36.0,58.6,2402,0.283,0.0642,rain,4.92
TS07-JG-5810,van,5.8,37.5,1147,0.73,0.0335,rain,2.4
TS08-FV-6120,truck,23.2,47.2,3015,0.02,0.0218,clear,9.49
TS09-DB-8164,van,45.6,19.2,2553,0.559,0.0329,clear,22.42
TS11-PB-5336,truck,8.9,70.7,5743,0.742,0.0347,clear,5.87
TS08-BD-5497,ev_van,43.7,14.0,1581,0.471,0.0931,fog,8.97
TS09-OS-3390,truck,46.5,46.3,5226,0.643,0.0862,rain,35.57
TS08-RF-1690,van,35.4,54.0,2111,0.768,0.0033,clear,11.21
TS11-FD-7637,van,53.5,66.0,334,0.5,0.0134,fog,14.42
TS09-DW-3209,truck,57.4,40.5,1119,0.218,0.0159,rain,23.14
TS10-QV-7558,truck,5.0,48.8,1614,0.397,-0.0186,rain,1.87
TS10-BY-2139,bus,41.7,60.8,1225,0.731,0.0437,clear,26.89
TS08-LH-6334,ev_van,16.5,88.6,2139,0.271,0.0379,clear,2.42
TS07-LJ-6822,bus,26.3,67.8,2488,0.632,-0.005,clear,15.3
TS09-TE-9544,van,38.5,33.1,1570,0.148,0.0988,rain,15.68
TS08-JO-2467,van,43.6,82.3,450,0.93,0.0714,clear,17.64
TS11-GY-2333,van,50.9,16.6,2638,0.603,0.002,rain,25.5
TS11-KP-8852,bus,43.2,34.6,260,0.468,0.0646,fog,30.04
TS07-JY-2339,bus,47.3,21.0,683,0.812,0.0209,clear,33.39
TS07-NA-9926,van,37.1,49.1,2474,0.797,0.0559,clear,16.69
TS11-EE-8000,truck,9.7,64.9,1219,0.097,0.0365,clear,3.9
TS09-VZ-4611,ev_van,4.2,56.1,2025,0.307,-0.0033,rain,0.43
TS08-QQ-4890,truck,33.2,79.3,2933,0.459,0.0352,clear,18.67
TS08-GN-4834,truck,43.8,59.1,6254,0.341,0.0954,clear,28.48
TS09-CW-7361,van,9.2,31.3,341,0.317,0.0698,clear,3.04
TS11-VQ-3766,truck,27.5,56.5,2862,0.352,0.0552,clear,14.31
TS10-OY-3089,truck,17.6,73.0,3954,0.142,0.0812,clear,10.24
TS07-DE-6971,truck,35.3,53.7,5080,0.119,0.0794,clear,19.81
TS07-DK-8037,bus,25.3,48.7,5050,0.26,0.0866,rain,20.41
TS09-HH-8365,van,14.5,55.9,885,0.07,-0.0069,clear,3.2
TS09-JU-4319,truck,3.3,57.5,5339,0.51,-0.0045,clear,1.61
TS08-TI-5591,truck,21.3,37.8,1384,0.153,0.0759,fog,11.73
TS10-FD-8652,bus,32.4,82.9,4812,0.068,0.0994,clear,27.41
TS08-IP-1924,ev_van,56.0,29.2,2346,0.837,0.0475,clear,9.69
TS07-KZ-6165,truck,16.0,14.7,569,0.588,0.0957,clear,13.34
TS09-PW-8519,ev_van,32.2,73.5,384,0.898,0.0595,clear,4.0
TS07-OO-3013,ev_van,35.3,81.9,2011,0.983,-0.0098,rain,5.49
TS11-GV-1907,truck,40.0,65.3,7066,0.594,0.0912,rain,32.37
TS10-TN-1953,van,21.7,50.9,2015,0.796,0.0807,rain,10.05
TS07-PW-6371,van,8.7,92.9,1491,0.16,0.0443,fog,3.61
TS07-UL-1671,bus,55.5,42.8,4661,0.698,0.0693,rain,50.94
TS08-FZ-9185,bus,57.3,45.7,1938,0.55,0.0222,clear,32.28
TS07-OA-5118,van,28.0,61.1,2977,0.676,0.0539,rain,12.85
TS07-TB-9121,van,36.1,47.7,2574,0.105,0.0296,rain,12.16
TS08-GX-9112,van,4.7,58.1,2684,0.936,0.0433,rain,2.14
TS07-CW-9798,ev_van,5.7,92.2,2166,0.417,0.0564,clear,0.94
TS09-ED-3395,bus,7.4,31.7,5611,0.776,-0.0135,fog,5.82
TS10-CQ-8232,van,45.1,24.3,381,0.991,-0.0085,clear,16.47
TS07-ZZ-3672,ev_van,16.0,47.2,2290,0.873,-0.0101,rain,2.09
TS07-IG-3510,truck,13.5,53.8,2139,0.312,0.0514,clear,6.16
TS11-EI-8086,truck,3.5,71.2,3002,0.402,0.0295,rain,1.94
TS07-BH-9708,bus,4.3,91.3,2349,0.649,0.04,clear,3.75
TS11-YW-2065,ev_van,26.1,69.2,735,0.538,0.04,clear,2.78
TS09-NE-9934,truck,33.9,93.9,3620,0.41,-0.0151,clear,20.71
TS10-WG-7435,van,36.0,32.4,1615,0.653,0.0755,clear,16.07
TS07-AQ-1615,truck,29.1,29.3,1360,0.91,0.0641,clear,20.17
TS08-UM-4387,bus,29.2,37.4,2285,0.309,0.0625,rain,21.36
TS08-RY-7651,van,45.9,77.3,1175,0.128,-0.0159,fog,12.0
TS08-KC-2290,truck,19.5,27.5,5462,0.676,0.0582,fog,16.35
TS08-KZ-8838,ev_van,16.5,28.3,1536,0.59,0.0401,clear,2.31
TS07-IB-1563,truck,51.7,46.2,5786,0.906,0.0713,clear,38.43
TS08-YE-7125,ev_van,42.3,38.4,2003,0.743,-0.0084,fog,5.02
TS08-OW-8461,truck,30.2,65.7,5403,0.397,0.0696,fog,20.23
TS11-KB-9865,ev_van,18.7,85.9,755,0.633,0.0954,clear,3.06
TS11-WM-3524,van,10.8,23.5,1606,0.862,0.0821,clear,5.97
TS07-JI-3481,truck,5.1,57.4,3839,0.347,0.0873,clear,3.01
TS11-RF-6753,truck,51.6,19.3,778,0.014,-0.0109,clear,21.02
TS10-NY-9691,truck,36.8,30.4,7177,0.626,0.0436,rain,30.17
TS09-MF-8052,van,5.6,37.7,456,0.026,0.0096,clear,1.19
TS11-RF-5663,van,12.0,60.1,2934,0.937,0.0454,rain,5.84
TS10-BP-6916,bus,18.9,58.1,384,0.168,0.0648,clear,9.55
TS09-QX-2123,bus,18.0,65.4,4432,0.374,0.0696,clear,13.02
TS09-UV-5202,van,34.3,80.0,1005,0.946,0.099,clear,17.0
TS11-IL-8414,bus,25.8,27.5,5447,0.08,0.0949,clear,23.51
TS09-IO-6596,van,53.3,73.7,2507,0.004,0.0097,clear,16.21
TS11-QE-1475,bus,44.0,67.4,345,0.104,0.0899,clear,22.42
TS11-KF-3004,van,54.9,18.6,261,0.986,0.0861,clear,27.57
TS07-FU-6894,ev_van,52.2,40.6,1587,0.972,0.0668,fog,8.2
TS09-AR-9720,bus,55.5,14.3,1068,0.385,0.0109,fog,39.64
TS11-KP-3688,truck,58.9,19.5,310,0.743,0.0026,clear,33.08
TS11-XF-5379,truck,20.8,35.6,7749,0.736,0.0323,fog,15.32
TS08-PH-7261,van,15.0,32.2,1972,0.1,-0.0153,clear,4.02
TS11-WE-2167,truck,12.4,86.7,284,0.235,0.0141,clear,5.76
TS11-CK-9942,ev_van,38.8,86.2,1328,0.889,-0.0112,clear,4.93
TS09-AZ-7373,van,41.8,60.0,641,0.166,0.0429,fog,10.93
TS08-PP-5972,bus,8.0,73.0,4870,0.521,0.054,rain,7.01
TS11-UG-9931,van,49.8,95.0,280,0.244,-0.0066,fog,15.81
TS11-BH-6530,truck,47.6,46.0,3093,0.558,0.0849,clear,27.82
TS11-SO-3753,van,38.8,55.4,866,0.197,-0.0084,fog,9.01
TS07-XN-5112,truck,27.8,66.0,7851,0.216,0.0275,rain,17.31
TS11-EG-8688,van,11.8,88.4,419,0.047,0.0401,rain,3.79
TS08-YW-1895,ev_van,31.8,78.2,1856,0.99,0.0499,fog,5.81
TS09-TM-2934,van,12.1,17.3,1538,0.113,0.0183,clear,4.46
TS07-AE-3345,ev_van,37.5,71.2,2078,0.416,0.0656,rain,5.61
TS08-WN-2270,bus,20.7,32.9,1443,0.418,0.021,clear,12.23
TS07-DI-7650,van,17.1,33.2,2595,0.304,0.0103,fog,6.07
TS07-KL-2336,van,28.1,57.4,2861,0.794,0.0344,clear,11.43
TS07-FD-8150,van,36.1,69.8,797,0.338,-0.0064,clear,8.97
TS11-QT-7847,truck,23.9,25.2,2093,0.625,0.0959,clear,17.77
TS11-CZ-5122,truck,57.9,38.1,7717,0.543,0.046,clear,40.75
TS09-UM-3391,van,3.3,71.4,1416,0.864,-0.0027,clear,1.11
TS07-EC-4435,truck,55.0,24.6,6715,0.819,0.0755,clear,53.81
TS10-IP-2669,van,3.0,82.5,2559,0.218,0.0664,fog,1.38
TS09-YI-5347,van,15.4,49.9,1070,0.75,0.0317,clear,4.97
TS11-PK-2089,ev_van,59.8,60.6,611,0.793,0.098,fog,8.02
TS11-PB-5997,truck,44.5,18.7,3059,0.919,0.0401,clear,37.33
TS11-YF-4710,ev_van,39.7,91.2,1561,0.963,0.0055,clear,6.78
TS11-UO-3737,truck,44.4,87.3,4077,0.737,0.075,fog,40.24
TS10-PN-9341,bus,26.3,27.8,4473,0.45,0.0914,rain,28.44
TS08-QB-7399,van,47.7,67.0,1737,0.293,0.0115,clear,13.5
TS09-WI-9327,truck,11.8,77.8,6483,0.865,-0.0192,fog,7.59
TS09-FE-2762,truck,48.3,22.1,1011,0.916,0.0531,clear,34.12
TS08-OW-9958,truck,56.6,59.9,3625,0.098,0.0679,clear,27.08
TS10-MP-3977,bus,51.9,82.6,293,0.554,0.0113,rain,31.96
TS08-NV-1579,van,45.2,54.1,538,0.129,0.0956,rain,14.38
TS07-EF-2340,truck,40.1,88.7,2786,0.252,0.0001,rain,23.47
TS07-AJ-7499,truck,32.7,16.0,7232,0.383,0.0761,clear,31.24
TS07-IZ-2516,van,25.5,88.3,1264,0.311,0.0852,clear,11.21
TS11-NS-3910,truck,52.3,93.1,2333,0.716,0.0005,clear,34.19
TS08-KD-3839,van,39.9,24.9,2078,0.079,0.0402,clear,14.89
TS11-AO-7194,ev_van,27.8,47.8,1818,0.614,-0.0166,clear,2.8
TS07-CO-2972,van,47.7,63.5,1548,0.581,0.057,rain,18.24
TS11-ED-3981,ev_van,6.1,86.1,864,0.787,0.0456,fog,0.93
TS08-ER-4122,bus,49.3,25.2,1951,0.097,0.0734,fog,37.48
TS09-GC-1550,van,49.2,39.7,720,0.333,0.0402,rain,15.17
TS07-WG-3749,truck,16.0,78.2,3028,0.697,0.0225,clear,9.33
TS09-CP-5693,truck,5.1,46.0,1512,0.712,-0.0036,clear,2.23
TS10-DA-7957,van,43.7,62.2,2000,0.45,-0.0139,fog,12.73
TS08-BO-5181,truck,14.4,58.5,7179,0.462,0.0435,clear,8.5
TS11-YO-2430,ev_van,59.8,92.8,785,0.965,0.0903,clear,11.42
TS10-FV-6403,van,3.5,23.7,878,0.326,0.0719,clear,1.4
TS08-ZN-4472,ev_van,16.1,90.7,2266,0.15,0.0272,rain,2.63
TS07-QH-2370,truck,5.4,58.8,4631,0.953,0.098,fog,4.31
TS07-QX-3273,bus,47.6,87.0,4433,0.81,0.0021,clear,41.98
TS08-PD-1797,van,36.0,21.8,2690,0.237,0.0997,clear,19.44
TS10-NA-3136,truck,51.4,65.2,5387,0.857,0.0076,rain,33.92
TS07-RR-7728,bus,57.9,81.7,4506,0.252,0.0002,fog,38.85
TS07-WF-9930,van,37.8,77.3,1283,0.827,0.083,clear,17.92
TS11-LU-7034,ev_van,16.2,12.8,2358,0.629,0.0363,rain,3.63
TS10-AC-9144,van,8.3,49.5,2171,0.483,0.087,fog,3.69
TS10-QI-4791,truck,52.4,21.6,759,0.928,0.0698,fog,43.64
TS08-LQ-7821,bus,17.0,24.7,3652,0.809,-0.0012,clear,13.51
TS08-VC-8270,van,53.9,70.6,465,0.13,-0.0054,clear,11.82
TS10-NJ-4339,truck,53.1,91.4,4273,0.706,0.0336,fog,43.72
TS08-YA-6707,bus,38.8,64.6,713,0.79,0.0474,fog,23.36
TS11-OQ-6384,truck,37.4,20.5,5092,0.541,0.0308,clear,28.25
TS09-QX-7416,truck,57.2,32.3,3760,0.276,0.0054,clear,27.97
TS11-OU-8877,bus,46.1,43.4,3408,0.234,0.0061,clear,25.11
TS08-WR-4979,truck,41.9,22.4,5262,0.974,0.0412,rain,40.89
TS10-ES-6189,van,27.8,82.4,901,0.437,-0.0183,clear,7.57
TS11-QN-5709,truck,30.6,28.1,2692,0.519,0.0327,clear,19.48
TS09-XU-1837,van,25.2,22.8,1550,0.598,-0.016,rain,9.71
TS09-HE-8791,truck,56.9,72.2,4617,0.101,0.0848,clear,32.24
TS11-YK-4832,ev_van,39.4,22.5,2324,0.081,0.0544,fog,5.84
TS10-FB-4782,truck,47.5,46.1,2945,0.198,-0.0008,clear,17.53
TS10-LF-5675,bus,5.1,54.8,3632,0.065,0.0722,clear,3.16
TS11-HK-3813,truck,51.6,18.7,7396,0.898,0.0391,fog,53.0
TS08-RJ-6595,truck,26.8,58.1,5799,0.148,0.0413,clear,13.31
TS07-RC-4395,bus,45.0,51.9,2104,0.227,0.0107,clear,20.92
TS11-IS-4163,van,5.3,67.5,1361,0.537,0.0273,clear,1.67
TS11-YX-4556,ev_van,54.0,30.2,2221,0.896,0.0854,clear,10.61
TS08-PV-5705,truck,40.6,41.6,3614,0.049,-0.0023,clear,15.15
TS10-WT-4321,truck,29.1,66.8,2166,0.216,0.0548,fog,14.04
TS08-LO-8584,van,20.3,15.0,1665,0.717,0.006,fog,9.96
TS08-EI-6348,van,20.7,21.6,721,0.519,0.0334,clear,7.65
TS08-KG-9871,truck,20.3,35.5,4740,0.595,0.044,clear,13.34
TS09-SN-1094,van,10.5,20.8,2976,0.017,-0.0054,clear,3.71
TS08-VN-7327,bus,29.4,15.3,5822,0.867,-0.0106,fog,32.95
TS10-OP-3124,van,28.8,94.0,1919,0.579,0.0381,clear,14.56
TS08-DH-6654,bus,26.5,49.8,5340,0.834,0.0291,clear,21.51
TS11-LP-8753,bus,43.1,56.3,4928,0.964,0.0905,clear,42.22
TS10-GH-6737,truck,26.9,33.2,7615,0.732,0.0638,fog,24.26
TS08-GP-6726,van,8.1,12.6,2645,0.031,0.0876,clear,4.33
TS08-BT-4524,truck,51.6,74.3,7219,0.712,0.0914,clear,46.61
TS10-EI-6452,van,27.2,72.1,843,0.563,-0.0177,clear,7.12
TS07-IS-7943,van,40.4,92.7,642,0.104,0.0856,rain,16.93
TS08-CA-6005,van,56.0,13.8,323,0.27,0.095,clear,23.24
TS10-PK-1198,truck,46.7,23.4,5343,0.169,0.0343,clear,29.84
TS08-AM-3773,truck,33.7,71.1,7481,0.925,0.0563,clear,29.0
TS07-PJ-9662,bus,34.1,39.4,5964,0.795,0.0215,clear,27.5
TS09-CS-7327,van,51.4,17.3,2587,0.701,-0.0082,clear,23.35
TS11-SJ-7024,ev_van,49.9,37.0,2111,0.763,0.0115,rain,7.02
TS10-NU-9700,bus,13.2,19.3,3210,0.601,-0.0103,rain,11.0
TS10-NM-8543,ev_van,38.7,81.5,1240,0.855,0.0384,clear,5.3
TS11-GA-8255,truck,52.3,84.8,5194,0.229,0.0584,clear,35.12
TS08-ZA-9189,bus,48.8,64.9,332,0.251,-0.0194,clear,17.99
TS10-HA-8614,truck,10.1,44.0,6396,0.592,0.0075,clear,5.83
TS07-CU-7098,van,27.8,75.8,2041,0.81,-0.0111,rain,10.62
TS07-IR-6927,truck,32.5,64.4,1526,0.836,0.0959,clear,20.66
TS08-KC-1081,truck,17.7,77.7,5158,0.976,0.0764,rain,16.36
TS11-GY-1381,van,41.7,54.4,1879,0.762,-0.0163,rain,13.68
TS11-LU-8559,bus,30.1,91.5,4770,0.233,0.0777,fog,32.39
TS08-TI-8099,truck,20.0,36.1,6732,0.231,0.0793,rain,15.28
TS11-US-4347,truck,22.2,62.1,2177,0.446,0.0766,clear,12.26
TS07-ND-5575,bus,51.8,79.1,4924,0.65,0.0854,clear,54.22
TS11-CX-6382,truck,52.4,86.2,1620,0.513,0.0362,clear,30.64
TS07-SA-6498,truck,49.3,90.6,3275,0.067,0.0087,clear,26.52
TS09-TJ-2069,van,55.1,44.8,1579,0.482,0.0845,clear,22.52
TS08-TY-2873,truck,57.3,70.0,6478,0.817,0.0802,fog,46.2
TS08-WI-3204,van,31.0,36.1,2723,0.24,0.013,clear,10.3
TS11-MP-5384,bus,8.5,65.9,300,0.635,0.0497,rain,5.09
TS10-GT-4255,truck,48.6,27.3,5951,0.27,0.0468,clear,33.05
TS09-EA-6130,truck,39.1,47.0,7045,0.556,0.0385,clear,25.91
TS07-XY-3849,truck,24.7,88.4,7644,0.701,0.053,clear,23.68
TS08-NF-8756,truck,58.6,79.3,2290,0.207,-0.0099,clear,24.67
TS07-LE-8480,truck,22.3,53.2,1549,0.74,0.0346,clear,11.33
TS07-LV-4961,ev_van,54.7,24.2,1348,0.677,0.0136,fog,7.66
TS07-EP-2124,van,36.8,45.1,2723,0.313,-0.0197,rain,11.32
TS08-PJ-8445,bus,5.1,23.5,2031,0.895,0.0423,clear,4.52
TS10-DV-9189,van,52.0,17.7,1614,0.781,0.0238,clear,26.23
TS08-JK-4826,van,46.4,87.2,2988,0.521,0.0317,fog,24.28
TS09-XQ-9065,van,39.6,52.8,1477,0.083,-0.0066,clear,9.04
TS08-NC-3490,truck,38.0,19.4,5100,0.441,0.0407,clear,30.68
TS09-EY-3443,truck,15.5,71.5,7966,0.33,0.0124,rain,9.23
TS07-UC-3920,truck,15.2,18.2,3065,0.262,-0.0199,clear,7.84
TS07-SV-2756,truck,4.7,44.9,2329,0.644,0.0736,clear,2.72
TS09-MR-4168,truck,11.8,31.1,2405,0.922,0.0553,rain,8.84
TS09-NA-6128,ev_van,22.2,25.7,1619,0.147,0.0433,clear,2.82
TS09-ZN-9098,ev_van,33.8,56.3,574,0.742,0.0546,clear,3.78
TS08-SX-2383,truck,10.5,71.7,1483,0.622,0.0188,clear,5.05
TS09-XO-9032,bus,34.8,52.4,1709,0.667,-0.0052,fog,19.01
TS09-XQ-5310,bus,18.0,80.1,3337,0.845,0.0228,clear,14.03
TS08-EH-7788,bus,17.5,88.1,5096,0.375,0.0747,clear,16.92
TS09-KM-4100,van,57.0,79.0,1682,0.58,0.053,clear,23.6
TS11-KM-6031,truck,59.6,91.4,6305,0.277,0.0749,clear,50.58
TS10-IB-7208,van,49.3,89.1,2881,0.284,0.0883,fog,29.66
TS09-QO-5579,ev_van,6.1,81.1,1902,0.513,0.01,clear,0.83
TS11-BC-9427,van,44.5,36.3,2000,0.007,0.0897,clear,15.79
TS11-KO-5044,van,13.2,26.5,223,0.248,0.0595,rain,4.31
TS11-LT-4284,bus,35.4,72.3,2801,0.152,0.0473,clear,20.29
TS08-RK-1125,truck,53.9,82.2,2291,0.12,0.0404,clear,26.96
TS07-WJ-1921,truck,24.7,80.3,4197,0.385,0.0362,rain,16.27
TS11-ZM-6652,van,55.9,65.4,2863,0.104,-0.0111,rain,16.45
TS10-BH-6061,truck,43.4,80.9,2699,0.154,-0.0134,clear,17.8
TS09-IA-9576,van,20.2,70.7,650,0.669,0.0197,clear,6.4
TS10-TL-5562,bus,8.4,67.2,4990,0.651,0.0044,clear,5.84
TS09-LR-9961,bus,49.5,15.9,5945,0.945,-0.0096,fog,57.25
TS10-RA-5624,truck,29.1,50.2,6285,0.92,-0.0171,rain,16.48
TS11-KO-3920,ev_van,7.1,14.8,518,0.874,0.0974,clear,1.4
TS07-SI-6290,truck,8.9,19.7,4495,0.691,0.0055,rain,6.77
TS09-WY-5981,truck,58.1,56.9,3360,0.267,0.0982,clear,32.55
TS07-PX-5295,truck,16.9,15.9,5141,0.178,0.0453,clear,12.48
TS09-TL-4734,van,58.1,87.8,2072,0.949,0.003,rain,28.42
TS09-WM-3943,ev_van,41.8,49.4,2056,0.96,-0.0026,clear,5.04
TS09-SX-9035,truck,20.1,70.1,2073,0.504,0.0041,clear,9.33
TS10-TL-4083,ev_van,24.9,24.3,2419,0.548,0.0237,clear,3.65
TS09-SN-2862,truck,47.3,82.4,1875,0.005,0.0046,rain,22.37
TS07-BL-8121,van,27.8,51.7,547,0.149,0.0794,rain,8.42
TS10-VS-1206,truck,7.3,58.4,6665,0.546,0.024,fog,4.45
TS11-YW-5012,bus,16.1,65.8,2887,0.182,0.0432,clear,9.44
TS08-XE-8092,van,52.0,56.8,1573,0.479,0.0401,fog,17.71
TS11-XN-8499,bus,42.7,58.7,2049,0.795,0.0591,clear,29.07
TS11-ZJ-6661,truck,31.6,73.8,562,0.801,0.0997,rain,21.79
TS11-FF-4505,van,17.0,78.9,742,0.862,0.0332,clear,6.62
TS08-TY-2412,ev_van,30.1,37.4,1952,0.236,0.0187,clear,3.12
TS08-YP-2847,bus,48.0,88.5,1502,0.432,0.0969,fog,43.71
TS10-WJ-5353,van,7.6,41.4,2979,0.627,0.0997,clear,3.71
TS10-VO-9623,van,59.7,34.6,2401,0.581,0.0737,clear,28.05
TS10-KM-7268,truck,52.0,37.8,6819,0.999,0.0757,clear,45.61
TS07-FG-8206,ev_van,21.1,41.8,2209,0.276,0.0289,clear,2.32
TS11-VC-3656,truck,52.6,38.3,5807,0.071,0.0447,rain,29.82
TS08-AG-4880,van,41.9,82.0,1505,0.388,0.0222,clear,14.72
TS11-EW-8366,truck,41.0,58.6,7353,0.518,0.0543,clear,27.28
TS07-GL-9492,truck,11.0,92.3,3527,0.387,0.0791,clear,8.31
TS10-ZI-9178,bus,54.6,19.0,756,0.319,0.0249,rain,37.5
TS11-PE-3406,bus,28.7,63.0,3659,0.257,0.0442,clear,17.62
TS07-UI-7313,ev_van,48.8,20.0,443,0.427,0.073,rain,7.51
TS08-ZU-4394,ev_van,20.1,50.1,1707,0.689,0.0051,clear,2.23
TS09-BD-9984,truck,20.6,43.8,7981,0.149,0.0532,clear,12.27
TS11-VQ-2993,truck,58.0,68.5,5467,0.866,0.0731,fog,47.82
TS07-SI-1006,bus,31.3,73.9,1421,0.641,-0.0137,clear,16.36
TS07-OV-4265,bus,6.4,31.8,1000,0.107,0.0104,clear,2.79
TS11-JT-3200,bus,50.6,28.1,2267,0.024,-0.017,fog,26.44
TS10-HU-5091,ev_van,16.0,46.8,535,0.051,-0.0192,clear,1.04
TS07-GJ-5197,van,53.1,32.1,1795,0.09,0.0373,clear,17.28
TS08-PZ-7399,truck,55.2,68.2,6308,0.644,0.0641,clear,39.38
TS08-RZ-3177,bus,7.1,55.0,4017,0.941,0.026,clear,5.26
TS08-BV-8493,van,36.2,80.6,1928,0.133,0.0545,rain,14.37
TS09-WQ-9809,bus,58.9,93.4,2727,0.284,0.003,clear,41.29
TS11-YK-6703,truck,56.1,43.4,1547,0.866,0.0804,fog,36.31
TS07-XI-5031,bus,32.9,87.7,3899,0.506,0.0235,clear,27.13
TS09-UT-9597,bus,41.8,76.5,2632,0.427,0.0649,clear,29.7
TS10-UO-4741,truck,37.4,24.4,2583,0.473,-0.0044,clear,19.21
TS11-JQ-3623,van,14.6,81.4,2046,0.101,0.0782,rain,6.37
TS09-JG-8384,truck,40.2,52.0,3153,0.22,0.0422,clear,19.14
TS10-SC-3248,van,22.0,70.9,671,0.962,0.0964,clear,9.18
TS08-SX-4414,bus,22.3,70.3,3004,0.643,0.0286,clear,14.73
TS08-OZ-4332,ev_van,26.9,85.5,865,0.286,0.0848,clear,3.47
TS08-NX-7567,truck,51.6,75.2,5921,0.947,0.0295,clear,36.46
TS09-TA-7777,truck,16.6,80.4,567,0.397,-0.0071,fog,7.12
TS07-KJ-7213,truck,17.3,38.6,6852,0.141,0.0625,clear,10.96
TS08-GW-5296,bus,3.4,92.8,2876,0.965,0.002,clear,2.89
TS10-PQ-7177,truck,11.8,66.9,324,0.666,0.076,clear,6.47
TS10-XU-3742,van,58.8,76.2,573,0.753,0.0202,clear,18.89
TS07-VJ-3799,truck,27.7,83.3,7574,0.023,0.0708,rain,21.65
TS07-ON-8452,truck,14.1,22.3,4389,0.283,0.0378,fog,10.04
TS10-SO-8764,bus,58.0,39.9,4658,0.945,0.0444,rain,54.52
TS11-VJ-3486,van,4.5,81.4,2672,0.156,0.0682,fog,2.09
TS07-ZT-9432,ev_van,30.6,88.5,937,0.873,0.0598,rain,5.68
TS10-LD-1424,van,48.9,74.8,1731,0.77,0.0597,clear,22.0
TS10-HJ-8524,van,47.1,52.0,2021,0.379,0.0591,clear,16.12
TS09-YO-8484,van,13.8,32.8,2556,0.887,0.0502,rain,6.94
TS07-KE-1508,van,43.3,55.6,1376,0.923,0.0769,fog,18.55
TS11-NJ-4387,truck,38.5,45.0,7624,0.867,0.016,rain,28.21
TS08-DX-1952,van,41.5,85.5,1900,0.407,0.0018,rain,15.24
TS08-DY-2852,van,18.2,59.1,2647,0.587,0.0682,clear,7.65
TS08-TO-4434,truck,49.2,44.5,850,0.306,0.0448,rain,21.47
TS09-LH-6384,van,34.9,53.4,1497,0.13,0.0881,rain,12.71
TS08-YM-7807,bus,44.3,89.5,1239,0.902,0.0958,fog,48.08
TS08-QO-7693,bus,56.6,62.9,5489,0.981,0.0841,rain,59.69
TS09-SB-7211,truck,51.8,31.0,2033,0.059,0.0457,clear,25.04
TS10-MA-6101,van,47.6,53.5,2196,0.688,0.0705,rain,21.4
TS10-LC-4554,ev_van,19.5,50.6,345,0.949,0.0201,clear,1.97
TS11-HN-4196,truck,6.1,37.8,1767,0.608,-0.0182,clear,2.62
TS10-LJ-6213,bus,35.8,73.1,2055,0.047,0.0737,rain,23.67
TS09-MG-1971,truck,5.0,34.3,6299,0.015,0.0738,fog,3.11
TS10-IP-4385,truck,43.7,52.9,2159,0.504,-0.019,rain,18.17
TS11-SK-3995,ev_van,45.0,48.6,2079,0.94,0.0836,clear,7.74
TS10-AB-1758,bus,35.1,50.7,4774,0.279,0.0858,clear,25.83
TS08-MH-2696,bus,12.6,59.0,5955,0.35,0.0185,clear,8.3
TS08-MH-6167,truck,52.9,68.7,5482,0.796,-0.0179,rain,29.74
TS08-YZ-6899,ev_van,37.0,23.9,1666,0.802,0.0851,rain,8.01
TS09-AQ-4426,truck,32.3,35.9,4892,0.944,-0.0115,clear,19.24
TS08-UB-3344,van,35.4,76.1,507,0.839,0.0079,clear,10.71
TS10-YN-5760,truck,7.7,87.3,4203,0.594,0.0451,rain,6.39
TS11-CM-3174,truck,45.2,15.7,6842,0.939,0.078,clear,51.17
TS09-XP-9922,van,6.5,18.1,258,0.614,0.0738,clear,2.9
TS09-WE-3885,truck,36.0,89.5,1188,0.602,0.0617,rain,27.78
TS08-TN-2999,van,12.6,24.3,1882,0.016,0.0794,clear,5.38
TS07-JD-7273,truck,14.8,93.3,6807,0.455,0.0623,clear,13.81
TS11-ZG-4952,van,16.3,80.7,1061,0.043,0.0565,rain,5.59
TS09-ML-2981,van,3.8,22.0,2640,0.899,0.0001,clear,1.72
TS07-KC-1567,van,53.8,20.5,1145,0.01,0.0328,clear,17.54
TS09-WO-1209,truck,48.8,93.1,3831,0.307,0.0342,fog,34.63
TS11-RH-3458,van,4.8,33.2,2868,0.995,-0.0178,clear,1.95
TS11-MD-3533,ev_van,6.2,56.7,1160,0.795,0.0287,fog,0.72
TS08-KI-5920,truck,47.6,31.6,4876,0.758,0.0073,clear,30.65
TS08-QM-9461,truck,3.4,61.9,7497,0.713,-0.0092,clear,1.9
TS11-IB-6263,van,29.7,81.7,940,0.051,0.0456,clear,9.21
TS08-XK-3611,truck,9.1,66.5,917,0.288,0.0084,rain,3.77
TS08-WC-9617,van,36.7,15.9,2882,0.798,0.0028,fog,20.2
TS08-WO-6128,van,59.9,61.4,1768,0.896,0.0744,clear,25.18
TS08-SQ-5329,truck,12.8,66.9,7734,0.35,0.0772,fog,9.51
TS09-PM-9769,van,57.5,28.7,2627,0.259,0.0593,rain,27.91
TS07-GW-8132,van,52.3,75.3,1865,0.236,0.0028,fog,15.93
TS08-NA-2591,truck,59.2,64.0,3876,0.548,0.0559,rain,37.28
TS11-QB-8131,ev_van,46.7,12.8,1305,0.291,0.0656,rain,8.48
TS09-OW-8536,truck,51.8,90.9,1495,0.021,0.008,fog,25.76
TS07-JH-9223,bus,36.9,49.0,2831,0.391,-0.004,rain,19.1
TS10-QB-8227,van,52.4,31.3,2501,0.554,0.032,rain,24.11
TS09-HL-5014,truck,9.4,19.2,7913,0.634,0.0309,clear,8.05
TS08-XX-1458,van,45.3,43.1,2889,0.343,-0.0016,clear,13.8
TS11-KU-8022,truck,38.8,37.5,7705,0.314,0.003,rain,22.57
TS09-TR-8663,bus,6.4,36.7,310,0.284,0.04,clear,3.29
TS09-TZ-9522,truck,19.6,77.8,4223,0.623,0.0433,clear,12.53
TS07-MN-6617,van,15.3,65.6,760,0.284,0.0445,fog,4.28
TS10-WN-7314,van,26.1,23.0,1923,0.917,0.0978,rain,17.41
TS11-CQ-4302,van,14.3,70.8,2848,0.282,-0.0152,fog,4.53
TS11-OP-7791,ev_van,18.7,72.0,2216,0.791,0.0744,clear,3.17
TS08-OU-7997,van,19.9,54.7,2626,0.32,0.0222,clear,6.27
TS08-VE-3385,van,37.2,94.6,1224,0.635,0.0703,clear,19.49
TS11-QO-6013,bus,10.7,35.5,3107,0.699,0.0683,fog,9.45
TS11-FH-5408,ev_van,16.7,16.9,848,0.174,0.0544,clear,2.12
TS11-OS-8355,van,21.1,14.4,1751,0.38,0.0557,fog,10.81
TS11-LL-1728,ev_van,28.6,38.6,898,0.128,0.0596,clear,2.95
TS07-MT-8540,truck,5.2,53.3,6508,0.511,0.0697,clear,3.46
TS09-OV-3869,bus,60.0,18.5,2894,0.909,-0.0042,rain,54.34
TS07-XO-2400,van,20.1,59.0,2161,0.596,0.0233,rain,7.4
TS08-IF-4933,truck,19.4,86.8,7007,0.702,0.081,clear,19.7
TS11-TX-8520,truck,34.6,78.1,2538,0.283,0.0457,clear,18.59
TS08-BD-8127,ev_van,51.7,67.8,1631,0.468,-0.0036,clear,5.16
TS08-SL-9050,bus,29.0,66.9,5106,0.741,0.0954,rain,30.0
TS09-XG-7996,truck,17.2,72.6,7616,0.131,0.0985,clear,11.69
TS09-EG-3824,truck,35.3,53.0,1472,0.122,0.0415,clear,14.46
TS07-YF-6382,bus,30.5,45.3,4152,0.224,0.044,clear,18.65
TS09-OQ-9240,van,27.1,37.5,1419,0.237,0.015,clear,7.43
TS11-WL-7546,ev_van,59.1,20.3,857,0.962,0.0419,rain,9.68
TS07-WF-2024,ev_van,59.8,58.7,563,0.159,0.0963,rain,6.13
TS11-TD-9689,van,35.0,51.2,1839,0.105,0.0105,fog,8.83
TS07-BY-3007,van,6.9,21.9,1135,0.138,0.0166,rain,2.33
TS08-UP-5679,truck,35.3,34.3,5410,0.203,0.0877,clear,23.27
TS11-CY-3411,ev_van,57.3,77.3,846,0.369,0.0261,clear,6.14
TS10-IH-3889,truck,55.8,33.2,205,0.197,0.0967,fog,30.76
TS09-WC-6957,truck,15.3,47.3,6184,0.088,0.022,clear,7.38
TS11-TZ-1122,ev_van,13.8,25.4,571,0.137,-0.0194,clear,1.18
TS08-LN-3860,ev_van,11.7,26.1,781,0.79,0.0944,clear,1.73
TS08-WG-9583,truck,49.7,74.8,2036,0.52,0.0084,fog,25.45
TS07-LP-9756,van,30.9,17.5,1158,0.746,0.0633,clear,15.94
TS10-AT-3931,bus,22.3,35.7,3015,0.177,-0.0143,clear,11.32
TS11-UE-4240,truck,21.5,93.4,6537,0.305,0.0698,rain,19.48
TS11-XP-2965,truck,18.7,51.5,5272,0.982,0.0064,rain,11.75
TS08-UP-2815,truck,53.3,62.3,1339,0.086,0.076,clear,23.18
TS08-FM-5011,bus,26.4,65.2,1265,0.439,0.096,clear,16.78
TS09-YQ-6268,bus,16.9,28.3,5113,0.296,-0.0146,clear,11.68
TS08-QY-1087,bus,43.5,42.7,1649,0.007,0.0242,clear,19.58
TS08-BF-1602,truck,39.2,45.3,1906,0.552,0.0659,clear,21.94
TS09-VY-3131,ev_van,43.8,31.1,208,0.55,0.0996,clear,5.71
TS10-II-6488,van,49.9,31.4,2367,0.32,0.0236,rain,18.91
TS10-PC-4694,ev_van,8.8,62.5,1898,0.472,0.0994,clear,1.24
TS08-AB-5045,truck,3.1,21.0,2911,0.392,0.0879,rain,2.55
TS07-TB-3116,van,5.9,22.7,220,0.464,0.0663,clear,2.24
TS11-SO-1136,van,43.3,59.6,2400,0.848,0.0258,clear,16.9
TS07-XU-9549,truck,56.3,49.3,975,0.714,0.0444,rain,32.0
TS11-AU-5119,truck,21.9,62.8,3792,0.28,0.0664,clear,12.12
TS10-KS-8576,truck,47.5,14.2,6753,0.24,0.0623,clear,42.88
TS11-OH-6501,truck,44.6,70.5,2105,0.725,0.0146,fog,24.62
TS09-FS-1693,bus,58.7,82.5,2402,0.225,0.0469,fog,43.23
TS09-SX-6585,truck,29.8,55.5,5355,0.908,0.0802,rain,23.53
TS11-VG-8601,truck,12.5,81.8,5451,0.833,0.037,clear,9.19
TS08-QF-5844,van,46.6,45.2,1496,0.253,0.0479,rain,15.17
TS10-XY-8210,truck,49.7,18.6,3583,0.802,0.0193,clear,35.85
TS09-WC-9961,truck,43.3,43.3,3472,0.191,-0.0008,clear,17.29
TS08-KX-7451,van,52.2,49.0,1561,0.025,-0.0121,clear,11.55
TS11-RP-2567,truck,24.2,83.8,2904,0.961,0.0287,rain,18.17
TS11-QR-4852,truck,42.3,39.8,2200,0.761,0.0558,clear,25.84
TS11-LE-2621,truck,18.0,38.2,2665,0.489,0.0712,fog,11.35
TS10-TF-7280,truck,28.4,85.7,3927,0.843,-0.0099,clear,18.23
TS11-NZ-2410,bus,16.8,32.8,2416,0.076,0.0182,clear,8.65
TS09-OJ-1901,truck,11.8,65.3,4767,0.74,0.0769,clear,8.05
TS09-IF-4350,truck,5.0,39.1,5123,0.956,-0.0065,rain,3.02
TS09-WM-4739,ev_van,41.3,91.0,2491,0.819,0.0992,clear,10.02
TS08-PH-8872,ev_van,52.9,27.7,1615,0.432,0.0559,clear,7.94
TS09-LB-8952,truck,20.9,72.1,5930,0.346,0.0928,rain,16.08
TS09-DE-4283,truck,27.5,57.7,965,0.892,0.0676,clear,15.73
TS10-CD-6047,bus,3.2,93.2,4611,0.292,0.0957,clear,3.43
TS09-YT-6911,van,26.5,94.5,1625,0.937,0.0598,rain,16.82
TS08-QP-3503,van,19.0,77.9,2626,0.32,0.0122,fog,7.44
TS08-YN-5243,truck,35.7,20.6,7773,0.125,0.076,clear,29.78
TS10-GF-9888,truck,54.8,50.9,1997,0.236,0.0071,rain,23.27
TS11-LY-4343,bus,31.9,82.9,5586,0.519,0.0478,clear,30.81
TS10-AS-2604,ev_van,41.5,65.0,1745,0.131,0.0248,clear,4.16
TS08-VF-5343,ev_van,43.2,85.0,1900,0.38,0.0759,clear,6.94
TS11-YL-1754,truck,11.7,78.3,3884,0.906,0.0711,fog,9.66
TS08-QI-7479,van,22.8,38.0,1193,0.094,0.0837,clear,7.35
TS11-QQ-5768,truck,9.4,28.2,6440,0.615,0.0096,fog,6.79
TS07-PY-7205,van,28.1,38.8,262,0.404,0.0997,clear,9.3
TS10-WK-4026,ev_van,53.6,69.8,1443,0.647,0.0766,clear,7.53
TS11-LT-6722,bus,30.4,51.9,628,0.49,0.0264,clear,15.62
TS07-II-2608,truck,29.0,15.6,2186,0.877,-0.0047,clear,18.83
TS10-ZZ-2752,van,14.9,73.6,2231,0.402,0.0219,clear,4.93
TS09-GB-6567,bus,20.7,15.7,4577,0.508,-0.0073,clear,17.44
TS11-CQ-1306,van,56.4,46.0,2689,0.13,0.0538,rain,21.34
TS11-BL-2109,truck,20.3,50.4,5780,0.49,-0.0064,rain,10.81
TS09-LO-8462,ev_van,44.7,53.8,1752,0.115,0.0317,fog,4.34
TS11-IY-4847,truck,5.4,23.5,7572,0.583,0.0601,clear,4.98
TS07-PS-3718,truck,10.3,74.1,4392,0.427,0.0344,rain,6.77
TS09-LD-4476,truck,20.8,82.5,5300,0.783,0.0858,clear,18.03
TS09-IX-4495,truck,54.4,69.9,6971,0.418,0.0089,clear,30.08
TS10-AI-8975,truck,15.5,90.9,6157,0.631,0.0429,clear,13.44
TS11-ZB-8761,van,44.4,33.4,2356,0.059,0.0896,fog,18.51
TS08-AC-7757,truck,12.5,25.3,4387,0.71,0.0224,clear,9.0
TS09-OW-1847,truck,37.9,17.6,4317,0.957,0.0367,clear,33.91
TS07-YP-7985,truck,36.4,71.9,5260,0.448,0.0919,clear,25.66
TS09-DN-9675,truck,38.5,25.5,5664,0.01,0.0399,clear,22.57
TS07-DJ-5091,ev_van,19.3,89.9,1456,0.604,0.0837,clear,3.31
TS10-EY-2351,ev_van,12.2,61.7,627,0.145,0.0929,rain,1.37
TS08-ZJ-6148,truck,53.5,78.7,2138,0.468,0.0107,clear,27.35
TS09-GN-7986,van,35.5,48.1,1581,0.032,0.0743,clear,10.75
TS07-WE-9257,van,15.1,73.0,771,0.443,0.0585,clear,5.0
TS11-YQ-9149,ev_van,26.6,48.8,1174,0.874,0.0984,clear,3.86
TS11-QX-4081,truck,6.8,56.7,1348,0.135,0.0503,clear,2.67
TS11-YQ-2102,truck,30.1,76.2,1341,0.498,0.0751,clear,16.93
TS08-EN-4904,bus,27.2,31.8,5091,0.254,0.0215,clear,18.94
TS11-HE-6540,ev_van,10.6,85.4,1447,0.261,0.0528,clear,1.41
TS07-XC-5418,van,28.3,71.5,2385,0.643,0.0734,clear,12.84
TS11-OV-4807,bus,39.5,74.0,267,0.748,0.096,rain,32.89
TS10-SN-1906,truck,55.9,31.8,2428,0.873,0.0102,rain,34.82
TS11-BJ-6771,van,43.1,19.5,250,0.278,-0.0105,clear,11.73
TS10-NK-4665,ev_van,31.6,18.0,208,0.071,0.0972,clear,4.0
TS11-IW-1466,bus,46.9,65.7,386,0.442,0.0523,rain,26.29
TS10-RR-4792,van,19.0,24.5,1660,0.585,-0.0179,clear,6.58
TS10-LP-9040,bus,41.1,94.9,727,0.74,0.0424,fog,36.1
TS10-TZ-2974,bus,3.3,91.8,4831,0.756,0.0923,rain,4.55
TS09-RS-2190,bus,7.1,14.4,3194,0.864,0.0981,clear,9.04
TS10-FK-7426,van,38.6,72.2,887,0.031,0.0191,clear,9.44
TS08-DR-3521,ev_van,14.0,33.6,2129,0.981,0.0738,clear,2.59
TS11-XJ-7644,bus,42.3,40.3,3156,0.967,0.035,clear,33.29
TS08-YG-8935,truck,39.3,31.9,2936,0.036,0.0278,clear,19.39
TS10-IV-6690,bus,6.6,80.9,3494,0.313,0.071,rain,5.79
TS10-JG-7273,truck,25.4,86.2,5446,0.766,0.0124,fog,19.41
TS07-JD-1011,truck,37.9,15.4,4559,0.479,0.0312,fog,30.26
TS07-CY-7938,truck,43.7,34.4,7476,0.005,0.0096,clear,22.8
TS11-CZ-6394,bus,49.5,49.2,2253,0.355,-0.0029,fog,26.11
TS10-WG-7669,truck,21.8,55.3,3398,0.579,0.0255,rain,12.2
TS10-KM-2877,truck,50.7,19.3,6899,0.88,0.0951,clear,56.75
TS07-XT-6097,van,23.2,80.9,1985,0.829,0.0303,fog,10.94
TS10-KG-9477,truck,3.4,89.5,7737,0.946,0.062,fog,3.86
TS11-FU-4980,van,37.8,45.4,2418,0.468,0.0142,clear,12.95
TS10-CM-2123,ev_van,16.8,83.2,1380,0.798,0.0838,rain,3.15
TS11-KG-7296,van,10.1,68.1,1977,0.101,0.055,rain,3.53
TS11-IS-7205,truck,17.7,61.1,3367,0.518,0.0941,rain,11.49
TS09-UD-8897,truck,50.2,80.0,1196,0.917,0.0191,clear,29.92
TS09-BZ-7962,van,55.1,51.3,1340,0.839,0.0446,clear,18.95
TS11-DT-7283,bus,57.8,57.5,1833,0.656,0.0029,fog,32.23
TS11-JY-7369,truck,20.3,34.8,5489,0.149,-0.0037,clear,9.49
TS08-FX-6804,bus,29.0,71.1,4081,0.182,0.0502,clear,18.7
TS07-DV-2527,bus,48.7,25.2,5637,0.679,0.0764,clear,55.02
TS08-PW-4030,truck,21.1,32.2,820,0.326,0.004,clear,8.96
TS10-SP-7165,van,25.0,51.8,1509,0.329,0.0643,clear,7.57
TS08-QA-7574,truck,16.5,44.0,3309,0.848,0.0606,clear,10.56
TS10-UA-9201,truck,35.6,31.9,4314,0.02,0.0379,fog,18.97
TS09-CN-6143,van,40.6,27.9,535,0.393,0.072,clear,15.28
TS09-TO-2952,truck,21.2,83.5,4033,0.238,0.0513,fog,13.36
TS10-GD-3402,van,4.4,61.0,2040,0.027,0.0936,fog,1.66
TS11-OI-4295,bus,44.9,43.3,2020,0.217,0.0716,clear,27.68
TS11-RU-6491,truck,38.1,82.2,5273,0.184,0.0864,clear,26.83
TS11-RK-3270,ev_van,15.5,80.5,811,0.504,0.0234,clear,1.71
TS07-TY-6975,truck,20.9,21.2,3081,0.435,0.0773,fog,16.19
TS09-DQ-2801,truck,57.6,59.1,7277,0.472,0.099,rain,46.63
TS10-HW-9423,ev_van,38.9,37.4,258,0.878,-0.0004,rain,3.94
TS08-IX-1178,van,36.9,56.9,964,0.494,0.0413,fog,11.5
TS09-DL-1289,van,39.5,71.6,2820,0.639,0.0835,clear,18.8
TS07-KB-8173,truck,57.4,12.7,1347,0.647,0.0276,fog,44.11
TS09-LM-8550,truck,22.4,54.6,3300,0.517,0.041,rain,12.63
TS11-BR-5227,van,19.0,36.2,1471,0.305,0.0697,clear,6.75
TS10-US-7071,truck,24.5,56.3,5291,0.903,0.079,fog,18.88
TS08-WS-3464,truck,48.7,21.1,4972,0.438,0.0039,clear,30.66
TS08-NI-7091,van,9.9,79.9,1955,0.571,0.0269,clear,3.94
TS09-EK-8341,truck,14.8,57.1,7535,0.559,0.0273,clear,8.74
TS11-IU-1839,truck,16.0,29.5,3264,0.828,-0.0017,rain,10.44
TS11-TB-7344,truck,39.3,75.9,4021,0.535,-0.0091,rain,21.66
TS09-WG-9027,bus,39.6,15.1,5791,0.457,0.0694,clear,46.14
TS11-HL-6771,van,24.2,61.2,559,0.46,0.0822,clear,7.86
TS08-ZE-3194,ev_van,18.7,53.6,2381,0.78,0.0942,clear,3.12
TS09-MB-9190,truck,46.0,15.3,7597,0.33,0.0948,clear,45.99
TS08-CN-9353,truck,4.8,32.7,7637,0.935,0.0994,rain,5.45
TS07-MX-9036,bus,45.1,18.4,589,0.847,-0.01,rain,30.75
TS07-QV-7042,bus,15.0,72.8,3550,0.138,0.0276,clear,9.07
TS10-UL-1604,bus,54.5,70.6,5061,0.317,-0.0101,clear,31.75
TS10-QW-9314,ev_van,26.6,19.4,922,0.906,0.0613,clear,4.71
TS08-YA-9713,bus,39.6,21.1,3625,0.278,0.0967,fog,41.48
TS07-QR-6698,bus,9.9,85.1,1687,0.318,-0.0156,clear,5.32
TS11-OD-6467,ev_van,17.5,28.7,498,0.217,0.0432,clear,1.77
TS08-PJ-1381,truck,42.9,37.2,6848,0.054,0.044,clear,24.47
TS10-CI-6574,ev_van,34.4,68.8,2457,0.478,-0.0004,clear,3.81
TS11-IH-3712,bus,46.9,17.0,605,0.755,0.08,rain,46.73
TS09-FN-8208,bus,35.1,90.7,904,0.66,0.0274,clear,25.95
TS07-ZN-6649,ev_van,35.5,13.9,1554,0.028,0.0305,rain,4.98
TS10-YR-8954,bus,51.9,82.5,701,0.523,0.0954,clear,39.69
TS08-FQ-2381,bus,27.2,42.0,3861,0.33,0.0097,clear,16.13
TS07-FH-1865,truck,54.0,24.5,5812,0.642,0.0263,rain,44.35
TS10-PF-3543,van,24.2,43.3,1361,0.405,0.0724,clear,8.44
TS11-XD-6520,van,21.7,92.7,2317,0.981,0.0376,clear,12.83
TS08-JP-9860,truck,47.4,55.9,1086,0.828,0.0524,clear,24.99
TS09-YV-8006,van,3.7,16.9,1043,0.7,0.0373,rain,1.73
TS10-UG-9794,van,12.8,90.1,2461,0.516,0.014,clear,5.61
TS11-PS-8919,bus,7.1,23.9,712,0.591,-0.0005,clear,4.41
TS07-BZ-5986,truck,32.2,16.5,2424,0.442,0.082,clear,26.5
TS10-NN-1339,bus,38.8,15.8,3803,0.795,0.013,clear,36.36
TS08-CL-1196,truck,3.6,80.6,2130,0.908,0.0997,rain,3.22
TS11-HT-1481,truck,12.2,24.7,3951,0.999,-0.0188,rain,8.12
TS07-LU-8313,bus,20.2,26.9,5056,0.599,0.0858,clear,20.87
TS09-PR-7063,truck,19.8,90.4,2303,0.682,0.0937,fog,17.58
TS10-AL-8554,truck,8.5,62.8,3600,0.4,-0.013,clear,3.53
TS09-DR-3723,van,12.9,35.7,251,0.008,0.0553,clear,3.23
TS09-NS-9369,truck,51.3,60.7,5725,0.703,0.0739,clear,36.12
TS10-ZA-8043,ev_van,42.9,32.2,1017,0.934,0.0538,rain,6.83
TS09-SC-5748,ev_van,19.9,53.0,2178,0.86,0.0856,clear,3.06
TS07-RF-2299,van,18.0,39.8,448,0.879,-0.0041,clear,5.13
TS07-GY-9860,ev_van,7.6,63.7,1999,0.402,0.0939,fog,1.15
TS07-ZP-3906,ev_van,22.9,75.0,2072,0.714,0.0461,fog,3.53
TS11-GE-3065,truck,25.7,40.9,6253,0.638,0.0213,rain,16.86
TS07-MD-3013,van,54.5,23.9,2256,0.541,0.043,clear,24.73
TS08-QW-1673,truck,45.4,41.5,2055,0.152,0.0207,clear,19.88
TS10-CZ-3492,van,30.3,74.9,1367,0.575,0.0347,clear,11.22
TS11-UI-3909,bus,10.7,77.3,2439,0.299,-0.0012,clear,5.8
TS08-ML-6908,truck,40.4,77.2,2080,0.704,0.0814,clear,28.41
TS09-UM-3763,truck,56.4,92.9,4035,0.945,0.0268,fog,49.44
TS08-TD-3574,ev_van,7.4,80.5,1804,0.728,0.036,clear,1.09
TS08-QD-5057,truck,51.4,92.4,3934,0.26,0.0891,clear,40.01
TS10-YL-9837,truck,13.3,64.0,7801,0.465,0.0888,clear,9.41
TS10-UG-9238,truck,43.0,31.0,5728,0.565,0.0746,clear,32.88
TS08-DC-6889,bus,13.5,62.5,2768,0.726,-0.0164,rain,7.82
TS10-FW-3492,van,37.2,28.4,1331,0.148,0.0888,clear,14.52
TS10-NP-7677,van,16.5,19.1,1834,0.526,0.0026,rain,7.4
TS11-SX-8824,bus,33.9,37.0,2704,0.86,0.0326,clear,24.92
TS08-OF-9336,truck,37.2,42.1,1931,0.028,0.0884,clear,17.46
TS11-XT-8640,truck,38.3,70.8,4264,0.728,-0.0086,clear,19.66
TS10-FG-5782,bus,41.9,42.1,4102,0.88,-0.004,clear,29.74
TS09-TT-9783,van,6.9,12.3,1204,0.796,0.0491,fog,4.01
TS10-AI-3943,van,43.1,88.1,993,0.932,0.0361,rain,21.98
TS10-IZ-3596,bus,11.8,60.9,1461,0.783,0.0268,clear,7.38
TS09-VJ-1405,van,41.6,29.5,1216,0.518,0.0772,fog,17.88
TS08-JP-7404,bus,10.1,32.9,1617,0.477,0.0874,rain,8.34
TS09-KN-2296,van,30.3,22.3,2337,0.032,0.099,clear,13.79
TS07-PW-5702,bus,25.0,87.2,3905,0.019,-0.0052,fog,16.26
TS07-ZI-7735,van,58.1,31.1,1003,0.639,0.0611,rain,25.36
TS11-ZD-2676,bus,39.0,90.1,5953,0.275,0.0846,rain,42.55
TS10-TV-5964,ev_van,8.0,33.9,1685,0.307,0.0089,clear,0.87
TS07-SR-5207,bus,43.0,78.3,1026,0.807,0.0376,clear,29.03
TS10-FV-1411,truck,14.1,12.9,6669,0.111,-0.0191,fog,9.25
TS11-VR-8332,truck,19.3,52.1,6079,0.284,-0.0038,rain,9.42
TS11-EO-6805,bus,24.6,42.6,3100,0.685,-0.0049,rain,16.13
TS11-TP-6018,bus,47.2,39.8,1554,0.031,0.0649,rain,26.96
TS07-IL-8927,van,56.8,94.3,2470,0.52,0.0547,fog,32.07
TS11-QC-7481,van,55.7,71.8,549,0.085,-0.0154,clear,11.28
TS09-QL-7490,truck,12.7,33.2,3461,0.762,0.0515,clear,8.52
TS08-DF-9302,van,6.4,74.5,2489,0.635,-0.0118,clear,2.25
TS07-HI-8528,van,50.2,22.8,2444,0.609,0.0043,clear,22.38
TS08-XZ-6860,bus,19.4,88.9,3853,0.221,0.0882,clear,18.22
TS08-PR-1981,bus,36.2,47.4,245,0.725,0.0337,clear,20.14
TS11-LV-6504,truck,58.8,27.8,2798,0.302,0.0738,clear,38.08
TS11-CB-2003,bus,13.6,34.6,5149,0.571,0.0177,rain,11.4
TS11-ZZ-3989,van,24.4,24.9,2220,0.092,-0.0067,clear,8.0
TS08-JV-3263,ev_van,52.5,89.2,2064,0.096,0.0866,clear,9.08
TS09-QJ-5257,van,40.0,37.4,376,0.194,-0.0003,clear,9.3
TS10-UE-5611,truck,56.4,23.9,7538,0.216,0.022,clear,38.67
TS07-AQ-5343,van,39.0,79.5,841,0.126,0.0641,rain,13.35
TS08-BY-8440,van,20.3,29.7,1130,0.118,0.051,clear,6.62
TS11-CA-2952,truck,48.9,19.8,6757,0.879,0.0914,clear,56.43
TS07-LQ-2756,van,46.3,67.5,1337,0.555,0.0985,clear,17.91
TS08-OI-5145,truck,56.2,12.6,5216,0.622,-0.0024,clear,45.27
TS09-YI-1795,truck,30.1,81.1,4508,0.288,0.0072,rain,17.27
TS11-OM-7482,truck,31.7,58.7,6955,0.055,0.0567,fog,17.96
TS11-DW-6727,truck,21.5,32.5,1418,0.968,-0.0024,clear,11.68
TS09-WH-8087,ev_van,18.3,51.3,425,0.054,0.0451,clear,1.42
TS09-YM-7484,bus,59.8,33.8,3868,0.823,0.0247,rain,51.78
TS09-KJ-9283,truck,58.7,56.2,6788,0.665,0.0866,rain,45.77
TS11-FW-6252,bus,33.2,59.4,5554,0.408,0.0902,clear,28.26
TS07-TE-8849,bus,57.4,76.0,2520,0.747,0.0111,rain,41.73
TS09-XM-1764,truck,23.3,50.7,5932,0.765,-0.0085,fog,13.14
TS10-SH-2836,truck,51.4,77.3,3248,0.878,0.0989,clear,41.85
TS11-UH-7305,van,39.2,17.7,1093,0.545,-0.002,rain,15.76
TS08-ER-8494,truck,43.9,88.5,389,0.214,0.0008,rain,21.7
TS11-MD-5894,van,43.9,27.4,900,0.573,0.0103,clear,14.53
TS10-ZC-6908,truck,39.2,81.4,1527,0.099,0.0209,fog,18.35
TS09-PC-1150,van,51.6,53.1,952,0.376,-0.0023,fog,12.41
TS10-FP-1239,van,25.3,20.7,1008,0.61,0.0187,rain,11.08
TS11-IL-4100,truck,51.4,41.9,6899,0.252,-0.0174,clear,23.2
TS09-NQ-7207,truck,13.5,88.2,1786,0.865,0.0761,rain,12.29
TS11-EW-6414,ev_van,14.4,81.3,2084,0.976,0.0116,rain,2.39
TS08-XS-2664,bus,43.9,72.0,5184,0.076,0.0781,clear,33.64
TS07-RS-1410,van,45.8,43.5,1499,0.206,0.0576,clear,14.85
TS10-NZ-7673,truck,54.4,60.9,5851,0.473,0.0377,clear,32.34
TS11-AT-4002,truck,18.7,31.3,2685,0.038,0.0967,clear,10.81
TS09-WW-3029,bus,6.2,65.8,303,0.093,0.0264,rain,2.76
TS08-SW-6509,ev_van,31.9,33.7,1832,0.901,0.0014,fog,4.39
TS07-ET-7674,truck,52.9,80.8,4930,0.046,0.0493,clear,30.15
TS11-NL-2008,van,58.4,70.5,1492,0.247,-0.0032,rain,16.62
TS10-YB-5427,van,51.9,44.0,2716,0.424,0.0132,clear,16.98
TS08-TT-2959,truck,30.9,66.7,5873,0.02,0.0889,clear,17.89
TS11-DU-7671,truck,52.2,39.0,3520,0.811,0.0871,rain,37.31
TS07-RH-3466,truck,15.2,24.9,616,0.83,0.0359,clear,9.37
TS07-TU-5544,bus,55.5,31.5,5281,0.395,0.0374,clear,44.32
TS10-JO-8081,van,35.3,34.6,2957,0.202,0.048,clear,13.55
TS09-QD-5564,bus,25.2,30.8,3880,0.892,-0.0099,fog,19.24
TS11-UH-5902,truck,36.2,68.3,6192,0.679,0.0104,fog,22.76
TS10-YV-8361,van,47.7,73.4,1617,0.524,0.0496,rain,19.79
TS10-JJ-5183,van,16.7,49.9,863,0.392,0.0185,clear,4.52
TS09-YW-9055,bus,8.8,94.0,5490,0.539,0.0056,rain,9.05
TS10-ED-3468,van,44.8,86.0,2127,0.25,0.0577,clear,19.25
TS10-JR-8917,truck,57.3,19.2,4479,0.45,0.048,clear,44.13
TS08-YN-8220,van,39.3,50.2,2110,0.686,0.0192,clear,14.3
TS07-HY-8982,bus,11.1,87.4,3169,0.411,0.0925,clear,10.64
TS09-AB-4804,bus,39.7,30.3,539,0.685,0.0733,fog,30.75
TS11-JW-5816,truck,9.6,43.4,5351,0.739,0.0515,rain,7.16
TS07-OJ-3028,van,20.3,90.6,215,0.754,0.0051,rain,7.72
TS10-FX-8231,van,4.8,76.4,817,0.569,0.0578,rain,1.82
TS10-BY-5439,truck,30.8,81.1,1417,0.184,0.0625,rain,17.95
TS10-ET-3875,ev_van,21.3,85.0,982,0.701,0.0498,rain,3.33
TS10-HY-7375,van,8.6,26.2,2743,0.819,0.0566,rain,5.07
TS09-LA-3694,truck,20.6,70.0,822,0.094,-0.0005,clear,7.33
TS10-VZ-1772,van,39.9,78.6,1201,0.896,0.0202,clear,14.43
TS08-TJ-3234,bus,19.5,30.8,4605,0.941,0.0869,clear,20.95
TS08-XW-1050,ev_van,11.2,15.6,2185,0.668,-0.0035,clear,1.77
TS11-OV-6599,truck,34.1,26.8,5942,0.111,0.0508,rain,23.16
TS10-PT-8334,truck,45.9,73.5,7729,0.654,0.0877,rain,42.32
TS09-CC-4739,bus,50.3,69.6,4236,0.356,-0.0183,rain,28.63
TS09-WA-8997,truck,29.9,86.0,6009,0.304,0.0961,clear,26.28
TS07-MK-6021,van,43.5,38.3,1382,0.037,0.086,clear,14.46
TS07-TD-8015,bus,50.5,63.6,1952,0.725,0.0658,fog,36.07
TS09-XZ-8593,truck,41.4,14.2,3803,0.567,0.0651,fog,36.29
TS09-KR-6847,bus,33.1,89.6,4654,0.451,0.0841,clear,34.52
TS10-MM-2061,ev_van,6.4,58.0,1696,0.389,0.0005,fog,0.63
TS07-VZ-6415,van,19.5,74.1,2361,0.412,0.064,fog,8.32
TS08-BB-7091,bus,21.2,35.6,3840,0.453,0.0212,clear,15.32
TS10-HE-1623,truck,25.5,18.8,5918,0.477,0.0851,clear,22.59
TS10-PI-7589,truck,57.2,17.2,1414,0.098,0.044,fog,34.45
TS11-NG-1050,ev_van,14.9,79.6,944,0.38,0.0719,rain,2.04
TS10-OJ-1059,van,33.9,24.6,1771,0.064,0.0,rain,11.13
TS11-YM-3405,van,59.5,80.4,246,0.776,0.009,fog,18.39
TS10-WP-1108,ev_van,38.3,34.0,2298,0.522,0.0806,fog,6.5
TS07-CK-5062,truck,14.9,56.9,2068,0.8,0.0274,clear,7.67
TS09-TC-9482,van,57.7,33.7,448,0.429,0.0433,clear,18.13
TS08-NF-4198,truck,22.2,16.2,5381,0.153,0.0671,fog,18.66
TS11-BM-6252,truck,5.7,57.0,1711,0.3,0.0004,clear,2.23
TS09-JJ-9181,bus,27.6,42.5,3459,0.234,0.0163,clear,14.4
TS08-MJ-7888,bus,16.7,48.1,1644,0.44,0.0191,fog,9.06
TS11-WC-1884,ev_van,49.7,61.9,582,0.789,0.09,rain,7.23
TS08-LB-9042,truck,15.5,38.0,5933,0.117,-0.0035,clear,7.42
TS11-LU-6085,van,49.7,58.8,1287,0.4,0.0246,clear,13.53
TS10-WC-3093,van,5.1,66.6,1808,0.092,0.0951,rain,1.93
TS09-XP-4572,van,56.0,19.4,805,0.391,0.0802,clear,23.74
TS07-PH-3952,ev_van,5.4,41.1,1471,0.583,0.0605,clear,0.69
TS11-ND-1443,bus,56.5,19.5,2643,0.069,0.0459,fog,45.17
TS08-BL-4732,bus,7.2,12.6,497,0.067,0.0806,rain,6.11
TS11-IH-6541,truck,52.7,16.3,5868,0.731,0.0936,clear,54.59
TS10-AC-2508,truck,50.4,61.2,4508,0.407,0.0909,rain,33.37
TS10-FZ-4963,ev_van,36.9,19.0,2333,0.351,0.0567,clear,6.41
TS11-GL-2238,bus,5.1,84.1,4886,0.686,0.0673,clear,5.19
TS11-PB-7694,truck,38.4,75.0,4655,0.085,0.073,fog,23.68
TS11-RV-3485,truck,38.2,12.7,536,0.86,0.0771,clear,32.26
TS09-WP-6505,bus,34.8,59.6,4561,0.775,0.068,rain,31.0
TS10-PD-2915,van,39.0,12.9,1737,0.39,0.0016,clear,16.02
TS10-GR-5272,truck,58.2,21.1,6713,0.469,0.0711,clear,51.27
TS10-GI-7192,van,59.7,94.0,1818,0.398,0.0268,clear,27.18
TS07-IZ-2367,van,32.7,49.9,206,0.785,0.004,clear,8.51
TS09-DS-2144,van,8.2,14.3,2482,0.029,-0.0077,rain,3.24
TS09-LR-1027,truck,10.6,82.6,6434,0.671,0.0088,rain,8.24
TS09-OG-3684,van,44.1,88.1,478,0.303,0.0409,rain,16.78
TS10-OP-9417,truck,59.0,57.5,5534,0.78,0.0096,clear,33.48
TS09-WZ-6187,bus,27.9,70.6,3251,0.984,0.0599,clear,23.63
TS08-KB-7284,van,8.6,76.8,1852,0.279,0.0957,clear,3.79
TS08-YQ-5405,van,23.1,73.0,2690,0.446,-0.0147,rain,8.45
TS07-CR-7894,truck,24.9,53.0,2147,0.548,-0.0043,fog,10.42
TS08-AI-7880,ev_van,59.8,81.1,230,0.551,0.0097,rain,6.56
TS09-CC-1959,truck,42.1,55.8,1827,0.157,0.0765,clear,20.7
TS10-UK-7205,van,9.7,33.5,2762,0.583,0.0126,rain,4.24
TS07-OH-8384,ev_van,22.2,12.3,686,0.724,0.003,clear,3.1
TS09-WO-5117,bus,5.8,41.8,4112,0.944,-0.0017,clear,4.02
TS11-ZL-4217,van,40.2,18.9,2411,0.725,-0.002,clear,19.52
TS10-EK-8612,van,41.3,17.3,2477,0.603,0.0664,clear,24.71
TS11-KK-8869,van,6.3,50.9,229,0.233,0.065,clear,1.67
TS08-BB-1999,van,22.1,90.3,226,0.098,0.0173,clear,6.77
TS11-BI-6417,van,54.5,20.8,2969,0.634,0.0339,rain,30.28
TS10-VZ-4623,truck,50.1,34.7,4314,0.625,0.0554,clear,33.47
TS08-CX-4360,van,35.7,80.9,378,0.839,0.097,clear,15.78
TS11-JT-6790,truck,30.6,45.4,409,0.446,0.0692,clear,14.74
TS10-QH-1927,ev_van,59.6,75.0,2065,0.172,0.0764,clear,7.52
TS07-KX-6781,truck,44.2,57.0,7259,0.225,0.0973,clear,30.41
TS10-GM-4663,truck,57.3,62.1,4291,0.476,0.0257,clear,28.96
TS07-PJ-4625,ev_van,7.1,25.4,1055,0.312,-0.0117,clear,0.69
TS09-AY-3003,truck,15.1,41.2,5678,0.18,0.0696,rain,9.58
TS10-UE-3236,bus,4.8,63.6,330,0.108,-0.0055,clear,1.8
TS09-VQ-5201,van,52.5,14.2,2717,0.412,0.0326,rain,29.68
TS11-MX-7933,truck,42.6,27.6,2198,0.338,0.0686,clear,26.9
TS07-JA-3146,truck,13.1,44.1,1689,0.965,0.047,rain,8.57
TS07-CA-7046,bus,58.5,68.0,2003,0.856,0.0241,clear,37.83
TS09-MT-8283,truck,57.5,54.3,697,0.183,0.0417,fog,23.45
TS09-LQ-4732,truck,15.8,71.7,3239,0.753,0.0094,clear,8.55
TS09-HE-2794,truck,39.9,72.3,5775,0.48,-0.0111,fog,21.08
TS10-VL-1856,bus,41.1,14.6,3090,0.926,0.0295,clear,42.64
TS10-XN-1242,truck,3.2,86.8,5410,0.608,-0.013,rain,2.12
TS07-NW-1524,truck,42.3,80.4,1867,0.204,0.0976,clear,27.31
TS10-UB-2903,van,15.6,34.5,1314,0.196,0.0337,clear,4.78
TS07-OE-9247,van,54.4,52.2,1655,0.967,0.0859,clear,23.76
TS07-QU-2604,truck,50.8,37.6,4666,0.918,0.0942,clear,42.66
TS08-UC-4972,truck,54.6,87.3,1654,0.483,0.0339,clear,31.59
TS08-AL-5380,ev_van,46.2,43.8,2058,0.564,0.0304,clear,5.59
TS08-VC-4869,van,12.4,44.9,453,0.547,0.0872,clear,4.21
TS07-TO-7349,bus,23.6,87.7,770,0.763,-0.0158,rain,15.84
TS07-LB-3909,bus,43.4,61.9,1648,0.474,0.0385,clear,25.31
TS11-SC-4319,truck,21.4,23.4,5303,0.123,0.0122,rain,12.19
TS11-ET-3887,van,43.5,64.0,416,0.324,0.0703,rain,13.93
TS09-WR-3550,ev_van,22.2,77.9,218,0.568,0.0804,clear,2.63
TS07-GK-2200,ev_van,13.1,40.0,1286,0.351,0.0544,rain,1.55
TS11-BO-9789,truck,32.5,55.7,2904,0.814,0.0288,clear,16.65
TS08-NB-7566,truck,42.1,64.0,1423,0.948,0.0466,clear,23.45
TS11-UD-4170,truck,32.5,54.4,5316,0.242,0.0489,rain,19.49
TS10-UK-9652,truck,39.6,94.9,5203,0.889,0.0562,rain,44.33
TS08-TM-7404,truck,28.0,54.1,1151,0.716,0.0907,clear,17.02
TS09-LV-8571,van,47.4,65.4,843,0.587,0.0099,clear,13.16
TS11-CK-7746,truck,40.0,77.9,3047,0.13,0.0042,clear,17.85
TS11-JT-6093,ev_van,35.8,23.3,2477,0.411,0.0028,clear,4.77
TS08-XL-6444,truck,27.8,15.6,6195,0.995,0.0637,fog,30.81
TS08-AL-7502,truck,33.5,92.8,2830,0.648,0.0886,rain,31.78
TS08-YT-6777,ev_van,5.9,72.8,2421,0.592,0.0192,clear,0.75
TS11-WS-8426,van,41.0,44.6,1474,0.036,0.0305,clear,10.54
TS10-WC-4096,bus,14.7,13.5,2406,0.321,0.0962,clear,14.87
TS11-MA-8631,van,52.0,25.8,2844,0.488,-0.0026,rain,23.45
TS10-XA-2321,truck,49.3,12.8,5942,0.642,0.0855,clear,53.84
TS09-EN-4121,truck,33.1,44.9,4473,0.857,0.0951,rain,25.95
TS08-UB-8873,bus,51.3,58.1,3684,0.458,0.0759,rain,37.78
TS07-PZ-2019,bus,41.2,25.3,5842,0.274,0.0204,clear,33.06
TS11-HT-8712,van,11.1,65.1,628,0.281,0.0584,clear,3.1
